Player,Team,Absence_Start,Absence_End,Missed_Days
(James) Mike Scott,Wizards,2018-03-21,2018-03-23,2
(William) Tony Parker,Spurs,2007-01-07,2007-01-09,2
(William) Tony Parker,Spurs,2007-03-03,2007-03-06,3
(William) Tony Parker,Spurs,2007-04-16,2007-12-17,245
(William) Tony Parker,Spurs,2007-12-15,2008-11-28,349
(William) Tony Parker,Spurs,2008-01-29,2009-11-14,655
(William) Tony Parker,Spurs,2008-11-11,2009-11-21,375
(William) Tony Parker,Spurs,2009-11-09,2010-02-04,87
(William) Tony Parker,Spurs,2009-11-18,2010-02-17,91
(William) Tony Parker,Spurs,2010-01-29,2010-02-24,26
(William) Tony Parker,Spurs,2010-02-11,2010-02-28,17
(William) Tony Parker,Spurs,2010-02-21,2010-04-06,44
(William) Tony Parker,Spurs,2010-02-26,2011-03-04,371
(William) Tony Parker,Spurs,2010-03-10,2012-03-12,733
(William) Tony Parker,Spurs,2011-03-01,2012-11-13,623
(William) Tony Parker,Spurs,2012-03-09,2013-03-22,378
(William) Tony Parker,Spurs,2012-04-25,2013-04-12,352
(William) Tony Parker,Spurs,2012-11-10,2013-11-30,385
(William) Tony Parker,Spurs,2013-03-03,2013-12-21,293
(William) Tony Parker,Spurs,2013-04-06,2014-02-08,308
(William) Tony Parker,Spurs,2013-11-29,2014-03-02,93
(William) Tony Parker,Spurs,2013-12-18,2014-04-11,114
(William) Tony Parker,Spurs,2014-02-06,2014-12-22,319
(William) Tony Parker,Spurs,2014-02-18,2015-01-06,322
(William) Tony Parker,Spurs,2014-04-08,2015-12-12,613
(William) Tony Parker,Spurs,2014-12-14,2016-01-08,390
(William) Tony Parker,Spurs,2014-12-28,2016-01-22,390
(William) Tony Parker,Spurs,2015-12-11,2016-11-11,336
(William) Tony Parker,Spurs,2016-01-04,2016-12-05,336
(William) Tony Parker,Spurs,2016-01-21,2016-12-08,322
(William) Tony Parker,Spurs,2016-11-04,2017-01-27,84
(William) Tony Parker,Spurs,2016-12-02,2017-03-03,91
(William) Tony Parker,Spurs,2016-12-06,2017-03-18,102
(William) Tony Parker,Spurs,2017-01-24,2017-11-27,307
(William) Tony Parker,Spurs,2017-03-01,2017-12-06,280
(William) Tony Parker,Spurs,2017-03-15,2017-12-12,272
(William) Tony Parker,Spurs,2017-05-05,2017-12-18,227
(William) Tony Parker,Spurs,2017-10-17,2018-02-12,118
A.J. Hammons,Heat,2017-10-18,2017-10-21,3
A.J. Hammons,Mavericks,2016-10-26,2016-10-28,2
A.J. Hammons,Mavericks,2016-10-30,2016-11-04,5
A.J. Hammons,Mavericks,2016-12-27,2016-12-29,2
A.J. Hammons,Mavericks,2017-01-03,2017-01-26,23
A.J. Price,Cavaliers,2014-10-30,2014-12-26,57
A.J. Price,Pacers,2009-11-27,2009-12-09,12
A.J. Price,Pacers,2010-10-27,2010-11-16,20
A.J. Price,Pacers,2010-11-22,2010-12-03,11
A.J. Price,Pacers,2010-12-13,2010-12-19,6
A.J. Price,Pacers,2010-12-26,2010-12-29,3
A.J. Price,Pacers,2011-01-02,2011-01-08,6
A.J. Price,Pacers,2011-01-14,2011-01-19,5
A.J. Price,Timberwolves,2013-10-30,2013-11-03,4
A.J. Price,Timberwolves,2014-01-15,2014-01-17,2
A.J. Price,Timberwolves,2014-01-18,2014-01-24,6
A.J. Price,Timberwolves,2014-01-27,2014-01-29,2
A.J. Price,Timberwolves,2014-03-09,2014-04-03,25
Aaron Brooks,Kings,2013-01-12,2013-01-14,2
Aaron Brooks,Pacers,2016-10-28,2016-11-01,4
Aaron Brooks,Pacers,2017-01-23,2017-01-26,3
Aaron Brooks,Rockets,2007-10-30,2007-12-01,32
Aaron Brooks,Rockets,2007-12-05,2007-12-15,10
Aaron Brooks,Rockets,2008-03-22,2008-04-01,10
Aaron Brooks,Rockets,2010-11-07,2010-12-19,42
Aaron Brooks,Rockets,2011-01-05,2011-01-10,5
Aaron Brooks,Suns,2011-02-25,2011-02-27,2
Aaron Brooks,Timberwolves,2017-12-27,2017-12-28,1
Aaron Gordon,Magic,2014-11-26,2015-01-18,53
Aaron Gordon,Magic,2015-02-04,2015-02-06,2
Aaron Gordon,Magic,2015-02-27,2015-03-04,5
Aaron Gordon,Magic,2016-04-08,2016-04-13,5
Aaron Gordon,Magic,2017-10-20,2017-10-24,4
Aaron Gray,Bulls,2007-11-17,2007-11-18,1
Aaron Gray,Bulls,2009-10-29,2009-11-26,28
Aaron Gray,Hornets,2010-01-25,2010-01-29,4
Aaron Gray,Hornets,2010-10-27,2010-11-22,26
Aaron Gray,Hornets,2010-11-29,2010-12-05,6
Aaron Gray,Hornets,2010-12-08,2010-12-13,5
Aaron Gray,Hornets,2010-12-15,2010-12-20,5
Aaron Gray,Hornets,2010-12-29,2011-01-01,3
Aaron Gray,Hornets,2011-01-21,2011-02-01,11
Aaron Gray,Raptors,2011-12-26,2012-01-18,23
Aaron Gray,Raptors,2013-10-30,2013-11-01,2
Aaron Gray,Raptors,2013-11-09,2013-11-11,2
Aaron Gray,Raptors,2013-11-15,2013-11-17,2
Aaron Gray,Raptors,2013-11-20,2013-12-03,13
Aaron Harrison,Hornets,2015-11-01,2015-11-13,12
Aaron Harrison,Hornets,2016-04-10,2016-04-11,1
Aaron Harrison,Hornets,2016-04-17,2016-04-23,6
Aaron Harrison,Hornets,2016-10-28,2016-11-02,5
Aaron Harrison,Hornets,2016-11-13,2016-11-21,8
Aaron Harrison,Hornets,2016-11-23,2016-11-28,5
Aaron Harrison,Hornets,2016-12-07,2016-12-31,24
Aaron McKie,Lakers,2006-11-26,2007-01-04,39
Aaron McKie,Lakers,2007-01-26,2007-01-28,2
Aaron McKie,Lakers,2007-04-01,2007-04-04,3
Aaron Williams,Clippers,2007-11-01,2007-11-06,5
Abdel Nader,Celtics,2018-01-16,2018-01-18,2
Acie Law,Bobcats,2009-11-18,2009-11-25,7
Acie Law,Bobcats,2009-11-27,2009-12-28,31
Acie Law,Bobcats,2010-02-09,2010-02-10,1
Acie Law,Bulls,2010-04-25,2010-04-27,2
Acie Law,Grizzlies,2010-11-26,2010-11-30,4
Acie Law,Hawks,2007-11-16,2007-12-03,17
Acie Law,Hawks,2008-12-05,2008-12-06,1
Acie Law,Hawks,2009-01-23,2009-01-26,3
Acie Law,Hawks,2009-03-21,2009-04-07,17
Acie Law,Hawks,2009-04-14,2009-04-25,11
Acie Law,Warriors,2011-01-22,2011-01-24,2
Acie Law,Warriors,2011-02-03,2011-02-21,18
Adam Haluska,Hornets,2007-10-31,2008-01-30,91
Adam Morrison,Bobcats,2007-04-10,2007-04-18,8
Adam Morrison,Lakers,2009-02-10,2009-02-17,7
Adam Morrison,Lakers,2009-03-03,2009-03-06,3
Adam Morrison,Lakers,2009-05-12,2010-01-22,255
Adam Morrison,Lakers,2010-01-15,2010-01-27,12
Adam Morrison,Lakers,2010-01-26,2010-02-06,11
Adam Morrison,Lakers,2010-02-01,2010-06-13,132
Adonal Foyle,Magic,2008-10-29,2008-11-18,20
Adonal Foyle,Magic,2008-11-21,2008-11-22,1
Adonal Foyle,Magic,2008-12-20,2008-12-22,2
Adonal Foyle,Magic,2009-03-27,2009-04-03,7
Adonal Foyle,Magic,2009-10-28,2009-12-16,49
Adonal Foyle,Magic,2009-12-21,2010-01-09,19
Adonal Foyle,Magic,2010-01-15,2010-03-11,55
Adonal Foyle,Magic,2010-03-13,2010-03-14,1
Adonal Foyle,Magic,2010-03-17,2010-03-18,1
Adonal Foyle,Magic,2010-03-22,2010-03-26,4
Adreian Payne,Hawks,2014-10-29,2014-11-12,14
Adreian Payne,Hawks,2014-11-14,2014-11-20,6
Adreian Payne,Magic,2017-10-18,2017-12-09,52
Adreian Payne,Timberwolves,2016-01-25,2016-02-02,8
Adrian Griffin,Bulls,2006-11-14,2006-11-28,14
Adrian Griffin,Bulls,2007-03-31,2007-04-08,8
Adrian Griffin,Bulls,2007-04-13,2007-04-24,11
Adrian Griffin,Bulls,2007-10-29,2007-11-17,19
Adrian Griffin,Sonics,2008-02-29,2008-03-12,12
Adrian Griffin,Sonics,2008-03-14,2008-03-19,5
Al Harrington,Magic,2012-11-02,2013-02-26,116
Al Harrington,Nuggets,2010-12-28,2011-01-05,8
Al Harrington,Nuggets,2011-01-30,2011-02-02,3
Al Harrington,Nuggets,2011-03-18,2011-03-19,1
Al Harrington,Pacers,2006-11-18,2006-11-21,3
Al Harrington,Pacers,2006-12-11,2006-12-13,2
Al Harrington,Wizards,2013-12-09,2014-02-22,75
Al Horford,Celtics,2016-11-02,2016-11-19,17
Al Horford,Celtics,2017-01-27,2017-01-30,3
Al Horford,Celtics,2017-03-05,2017-03-08,3
Al Horford,Celtics,2017-11-08,2017-11-12,4
Al Horford,Celtics,2017-12-13,2017-12-15,2
Al Horford,Celtics,2018-03-11,2018-03-16,5
Al Horford,Celtics,2018-04-06,2018-04-08,2
Al Horford,Celtics,2018-04-11,2018-04-15,4
Al Horford,Hawks,2008-11-19,2008-11-21,2
Al Horford,Hawks,2009-01-11,2009-02-04,24
Al Horford,Hawks,2009-05-07,2009-05-09,2
Al Horford,Hawks,2011-01-21,2011-01-26,5
Al Horford,Hawks,2011-02-05,2011-02-12,7
Al Horford,Hawks,2011-03-12,2011-03-15,3
Al Horford,Hawks,2012-01-12,2012-05-06,115
Al Horford,Hawks,2013-12-28,2014-04-19,112
Al Horford,Hawks,2015-01-14,2015-01-16,2
Al Jefferson,Bobcats,2013-11-01,2013-11-11,10
Al Jefferson,Bobcats,2013-11-15,2013-11-22,7
Al Jefferson,Celtics,2006-11-08,2006-11-22,14
Al Jefferson,Hornets,2014-12-31,2015-01-19,19
Al Jefferson,Hornets,2015-03-13,2015-03-16,3
Al Jefferson,Hornets,2015-12-02,2015-12-16,14
Al Jefferson,Hornets,2016-01-01,2016-02-19,49
Al Jefferson,Hornets,2016-04-03,2016-04-05,2
Al Jefferson,Jazz,2013-03-06,2013-03-08,2
Al Jefferson,Pacers,2017-02-24,2017-03-01,5
Al Jefferson,Timberwolves,2009-02-17,2010-03-08,384
Al Thornton,Clippers,2007-11-17,2007-11-21,4
Al Thornton,Clippers,2009-02-23,2009-02-27,4
Al Thornton,Clippers,2009-03-22,2009-03-23,1
Al Thornton,Clippers,2010-01-18,2010-01-20,2
Al Thornton,Wizards,2010-11-25,2010-12-01,6
Al Thornton,Wizards,2011-02-12,2011-02-16,4
Al Thornton,Wizards,2011-02-25,2011-03-01,4
Al-Farouq Aminu,Blazers,2016-11-09,2016-12-05,26
Al-Farouq Aminu,Blazers,2016-12-13,2016-12-21,8
Al-Farouq Aminu,Blazers,2017-11-02,2017-11-30,28
Al-Farouq Aminu,Mavericks,2015-03-13,2015-03-18,5
Alan Anderson,Raptors,2012-11-12,2012-12-14,32
Alan Anderson,Wizards,2015-10-28,2016-02-24,119
Alan Anderson,Wizards,2016-03-04,2016-03-05,1
Alan Anderson,Wizards,2016-03-12,2016-03-14,2
Alan Anderson,Wizards,2016-03-16,2016-03-19,3
Alan Anderson,Wizards,2016-03-21,2016-04-08,18
Alan Williams,Suns,2017-10-18,2018-03-26,159
Alando Tucker,Suns,2007-11-15,2007-11-17,2
Alando Tucker,Suns,2007-11-23,2008-01-27,65
Alando Tucker,Suns,2008-01-29,2008-02-06,8
Alando Tucker,Suns,2008-02-24,2008-04-08,44
Alando Tucker,Suns,2008-04-09,2008-04-16,7
Alando Tucker,Suns,2008-04-19,2008-04-29,10
Alando Tucker,Suns,2008-10-29,2009-01-02,65
Alando Tucker,Suns,2009-11-27,2009-12-01,4
Alando Tucker,Timberwolves,2009-12-30,2010-01-26,27
Alando Tucker,Timberwolves,2010-01-27,2010-03-03,35
Alando Tucker,Timberwolves,2010-02-21,2010-03-16,23
Alec Burks,Jazz,2013-04-09,2013-04-12,3
Alec Burks,Jazz,2014-03-22,2014-03-30,8
Alec Burks,Jazz,2014-12-05,2014-12-08,3
Alec Burks,Jazz,2014-12-27,2016-04-08,468
Alec Burks,Jazz,2015-12-28,2017-01-02,371
Alec Peters,Suns,2017-10-23,2017-11-11,19
Alec Peters,Suns,2017-11-13,2017-11-17,4
Alec Peters,Suns,2017-11-19,2017-11-26,7
Alec Peters,Suns,2017-11-29,2018-01-12,44
Alec Peters,Suns,2018-02-12,2018-03-05,21
Alec Peters,Suns,2018-03-13,2018-03-15,2
Aleksandar Pavlovic,Blazers,2012-11-03,2012-11-05,2
Aleksandar Pavlovic,Blazers,2013-01-19,2013-01-27,8
Aleksandar Pavlovic,Blazers,2013-02-08,2013-02-12,4
Aleksandar Pavlovic,Blazers,2013-03-02,2013-03-29,27
Aleksandar Pavlovic,Cavaliers,2007-02-22,2007-02-27,5
Aleksandar Pavlovic,Cavaliers,2007-10-31,2007-11-04,4
Aleksandar Pavlovic,Cavaliers,2008-01-25,2008-03-12,47
Aleksandar Pavlovic,Cavaliers,2008-04-19,2008-05-02,13
Aleksandar Pavlovic,Cavaliers,2009-02-18,2009-03-02,12
Aleksandar Pavlovic,Timberwolves,2010-03-16,2010-03-24,8
Alex Abrines,Thunder,2017-02-01,2017-02-05,4
Alex Abrines,Thunder,2017-04-05,2017-04-11,6
Alex Abrines,Thunder,2018-01-03,2018-01-07,4
Alex Abrines,Thunder,2018-04-11,2018-04-15,4
Alex Acker,Clippers,2009-03-10,2009-03-14,4
Alex Acker,Clippers,2009-03-23,2009-03-25,2
Alex Acker,Pistons,2008-10-29,2008-11-03,5
Alex Acker,Pistons,2008-11-26,2008-11-30,4
Alex Caruso,Lakers,2017-10-22,2017-12-20,59
Alex Caruso,Lakers,2018-01-05,2018-01-17,12
Alex Caruso,Lakers,2018-02-15,2018-02-24,9
Alex Caruso,Lakers,2018-02-26,2018-03-07,9
Alex Kirk,Cavaliers,2014-11-14,2014-11-29,15
Alex Kirk,Cavaliers,2014-12-02,2014-12-25,23
Alex Len,Suns,2013-11-30,2014-01-07,38
Alex Len,Suns,2015-04-04,2015-04-07,3
Alex Len,Suns,2016-12-15,2016-12-17,2
Alex Len,Suns,2017-10-18,2017-10-20,2
Alex Len,Suns,2018-01-26,2018-01-29,3
Alex Len,Suns,2018-01-31,2018-02-04,4
Alex Poythress,Pacers,2017-10-18,2017-10-20,2
Alex Poythress,Pacers,2017-11-10,2017-11-15,5
Alex Poythress,Pacers,2017-11-29,2017-12-17,18
Alex Poythress,Pacers,2018-03-09,2018-03-15,6
Alex Poythress,Pacers,2018-03-27,2018-03-29,2
Alex Poythress,Pacers,2018-04-01,2018-04-10,9
Alex Poythress,Pacers,2018-04-15,2018-04-20,5
Alexander Johnson,Grizzlies,2006-11-07,2006-11-11,4
Alexander Johnson,Heat,2007-12-20,2007-12-22,2
Alexis Ajinca,Bobcats,2009-03-08,2009-11-07,244
Alexis Ajinca,Bobcats,2009-11-06,2009-11-11,5
Alexis Ajinca,Bobcats,2009-11-10,2009-11-18,8
Alexis Ajinca,Mavericks,2010-10-27,2010-11-26,30
Alexis Ajinca,Mavericks,2010-11-27,2010-12-07,10
Alexis Ajinca,Mavericks,2010-12-09,2010-12-21,12
Alexis Ajinca,Pelicans,2015-12-20,2015-12-28,8
Alexis Ajinca,Pelicans,2017-01-14,2017-01-16,2
Alexis Ajinca,Pelicans,2017-01-20,2017-01-23,3
Alexis Ajinca,Raptors,2011-01-24,2011-01-26,2
Alfonzo McKinnie,Raptors,2017-11-05,2017-11-07,2
Alfonzo McKinnie,Raptors,2017-11-09,2018-01-09,61
Alfonzo McKinnie,Raptors,2017-11-12,2018-01-19,68
Alfonzo McKinnie,Raptors,2017-12-21,2018-03-06,75
Alfonzo McKinnie,Raptors,2018-01-11,2018-04-09,88
Alfonzo McKinnie,Raptors,2018-03-11,2018-04-20,40
Allen Crabbe,Blazers,2014-01-07,2014-02-07,31
Allen Crabbe,Blazers,2014-03-07,2014-03-16,9
Allen Crabbe,Blazers,2014-11-06,2014-11-11,5
Allen Crabbe,Blazers,2015-03-01,2015-03-07,6
Allen Crabbe,Blazers,2016-02-06,2016-02-08,2
Allen Crabbe,Nets,2018-03-16,2018-03-19,3
Allen Crabbe,Nets,2018-04-03,2018-04-05,2
Allen Iverson,76ers,2006-11-21,2006-11-24,3
Allen Iverson,76ers,2006-12-08,2009-12-28,1116
Allen Iverson,76ers,2009-12-19,2010-01-11,23
Allen Iverson,Grizzlies,2009-10-28,2009-11-02,5
Allen Iverson,Pistons,2008-11-03,2008-11-07,4
Allen Iverson,Pistons,2009-02-10,2009-02-11,1
Allen Iverson,Pistons,2009-02-27,2009-03-29,30
Alonzo Gee,Blazers,2015-02-20,2015-02-25,5
Alonzo Gee,Cavaliers,2011-02-11,2011-02-16,5
Alonzo Gee,Nuggets,2016-12-15,2017-01-02,18
Alonzo Gee,Nuggets,2017-01-03,2017-01-05,2
Alonzo Gee,Nuggets,2017-01-12,2017-01-17,5
Alonzo Gee,Spurs,2010-03-31,2010-10-30,213
Alonzo Gee,Spurs,2010-04-18,2010-11-03,199
Alonzo Mourning,Heat,2007-01-26,2007-01-27,1
Alonzo Mourning,Heat,2007-03-21,2007-03-26,5
Alonzo Mourning,Heat,2007-04-16,2007-04-18,2
Amare Stoudemire,Heat,2015-10-28,2015-10-30,2
Amare Stoudemire,Heat,2015-11-03,2015-11-05,2
Amare Stoudemire,Heat,2015-11-21,2015-11-27,6
Amare Stoudemire,Heat,2015-11-30,2015-12-11,11
Amare Stoudemire,Knicks,2011-02-12,2011-02-16,4
Amare Stoudemire,Knicks,2011-04-08,2011-04-13,5
Amare Stoudemire,Knicks,2012-03-26,2012-04-20,25
Amare Stoudemire,Knicks,2012-05-03,2012-05-06,3
Amare Stoudemire,Knicks,2012-11-02,2013-01-01,60
Amare Stoudemire,Knicks,2013-03-09,2013-05-11,63
Amare Stoudemire,Knicks,2013-12-18,2013-12-20,2
Amare Stoudemire,Knicks,2014-01-28,2014-02-01,4
Amare Stoudemire,Knicks,2015-01-07,2015-01-15,8
Amare Stoudemire,Knicks,2015-01-23,2015-01-24,1
Amare Stoudemire,Knicks,2015-01-28,2015-02-06,9
Amare Stoudemire,Mavericks,2015-02-19,2015-02-22,3
Amare Stoudemire,Suns,2007-11-04,2007-11-09,5
Amile Jefferson,Timberwolves,2018-02-07,2018-03-02,23
Amir Johnson,Celtics,2015-12-21,2015-12-26,5
Amir Johnson,Celtics,2017-04-08,2017-04-10,2
Amir Johnson,Pistons,2006-11-15,2006-12-17,32
Amir Johnson,Pistons,2006-12-21,2006-12-31,10
Amir Johnson,Pistons,2008-01-10,2008-01-12,2
Amir Johnson,Raptors,2011-02-11,2011-02-13,2
Amir Johnson,Raptors,2011-03-11,2011-03-18,7
Amir Johnson,Raptors,2012-02-04,2014-02-18,745
Amir Johnson,Raptors,2014-02-10,2014-04-11,60
Amir Johnson,Raptors,2014-04-04,2014-11-07,217
Amir Johnson,Raptors,2014-11-02,2015-04-14,163
Anderson Varejao,Cavaliers,2006-12-29,2006-12-30,1
Anderson Varejao,Cavaliers,2007-12-08,2007-12-11,3
Anderson Varejao,Cavaliers,2008-01-30,2008-02-26,27
Anderson Varejao,Cavaliers,2009-04-05,2009-04-08,3
Anderson Varejao,Cavaliers,2009-11-17,2009-11-20,3
Anderson Varejao,Cavaliers,2010-03-28,2010-04-06,9
Anderson Varejao,Cavaliers,2010-11-13,2010-11-16,3
Anderson Varejao,Cavaliers,2011-01-01,2011-01-05,4
Anderson Varejao,Cavaliers,2011-01-14,2011-02-25,42
Anderson Varejao,Cavaliers,2011-02-27,2012-11-09,621
Anderson Varejao,Cavaliers,2012-02-11,2014-02-01,721
Anderson Varejao,Cavaliers,2012-03-18,2014-02-18,702
Anderson Varejao,Cavaliers,2012-11-07,2014-03-08,486
Anderson Varejao,Cavaliers,2012-12-19,2014-12-02,713
Anderson Varejao,Warriors,2016-04-24,2016-04-27,3
Anderson Varejao,Warriors,2016-11-07,2016-11-10,3
Anderson Varejao,Warriors,2016-11-18,2016-11-19,1
Anderson Varejao,Warriors,2016-11-21,2016-11-23,2
Anderson Varejao,Warriors,2016-11-25,2016-11-26,1
Anderson Varejao,Warriors,2016-12-01,2016-12-03,2
Anderson Varejao,Warriors,2016-12-05,2016-12-08,3
Anderson Varejao,Warriors,2016-12-17,2016-12-20,3
Anderson Varejao,Warriors,2016-12-30,2017-01-02,3
Andray Blatche,Nets,2014-04-09,2014-04-11,2
Andray Blatche,Wizards,2006-11-12,2006-11-18,6
Andray Blatche,Wizards,2006-12-09,2006-12-13,4
Andray Blatche,Wizards,2007-03-14,2007-03-16,2
Andray Blatche,Wizards,2007-03-26,2007-04-07,12
Andray Blatche,Wizards,2010-12-07,2010-12-10,3
Andray Blatche,Wizards,2010-12-14,2010-12-18,4
Andray Blatche,Wizards,2011-02-25,2011-02-28,3
Andray Blatche,Wizards,2011-03-12,2011-03-18,6
Andray Blatche,Wizards,2011-03-20,2011-03-30,10
Andray Blatche,Wizards,2012-01-30,2012-03-03,33
Andre Brown,Bobcats,2008-10-30,2008-11-01,2
Andre Brown,Bobcats,2008-11-05,2008-11-07,2
Andre Brown,Grizzlies,2007-11-13,2007-11-17,4
Andre Brown,Grizzlies,2007-12-11,2007-12-14,3
Andre Brown,Grizzlies,2008-01-11,2008-01-18,7
Andre Brown,Grizzlies,2008-03-05,2008-03-15,10
Andre Brown,Grizzlies,2008-03-17,2008-04-08,22
Andre Dawkins,Heat,2014-10-29,2014-11-01,3
Andre Dawkins,Heat,2014-11-12,2014-11-14,2
Andre Dawkins,Heat,2014-11-20,2014-11-22,2
Andre Dawkins,Heat,2014-11-30,2014-12-03,3
Andre Dawkins,Heat,2014-12-05,2014-12-21,16
Andre Drummond,Pistons,2013-02-08,2013-03-29,49
Andre Drummond,Pistons,2016-11-14,2016-11-16,2
Andre Iguodala,76ers,2010-11-07,2010-11-12,5
Andre Iguodala,76ers,2010-11-16,2010-11-23,7
Andre Iguodala,Warriors,2013-11-23,2013-12-17,24
Andre Iguodala,Warriors,2014-03-18,2014-03-28,10
Andre Iguodala,Warriors,2014-04-14,2014-04-16,2
Andre Iguodala,Warriors,2015-03-28,2015-03-31,3
Andre Iguodala,Warriors,2016-03-01,2016-03-03,2
Andre Iguodala,Warriors,2016-03-07,2016-03-09,2
Andre Iguodala,Warriors,2016-03-14,2016-04-05,22
Andre Iguodala,Warriors,2016-12-10,2016-12-11,1
Andre Iguodala,Warriors,2017-01-23,2017-01-25,2
Andre Iguodala,Warriors,2017-03-21,2017-03-24,3
Andre Iguodala,Warriors,2017-05-16,2017-05-20,4
Andre Iguodala,Warriors,2017-10-17,2017-10-20,3
Andre Iguodala,Warriors,2017-11-11,2017-11-13,2
Andre Iguodala,Warriors,2017-12-01,2017-12-04,3
Andre Iguodala,Warriors,2017-12-20,2017-12-22,2
Andre Iguodala,Warriors,2018-01-03,2018-01-04,1
Andre Iguodala,Warriors,2018-01-17,2018-01-23,6
Andre Iguodala,Warriors,2018-02-02,2018-02-03,1
Andre Iguodala,Warriors,2018-03-08,2018-03-14,6
Andre Iguodala,Warriors,2018-03-31,2018-04-07,7
Andre Iguodala,Warriors,2018-04-08,2018-04-14,6
Andre Miller,76ers,2006-12-22,2006-12-23,1
Andre Miller,Spurs,2016-03-30,2016-04-02,3
Andre Miller,Spurs,2016-04-17,2016-04-19,2
Andre Miller,Spurs,2016-04-22,2016-04-24,2
Andre Owens,Pacers,2007-11-20,2007-11-21,1
Andre Owens,Pacers,2008-01-21,2008-01-23,2
Andre Owens,Pacers,2008-02-01,2008-02-06,5
Andre Owens,Pacers,2008-03-11,2008-03-19,8
Andre Owens,Pacers,2008-03-21,2008-03-26,5
Andre Owens,Pacers,2008-03-28,2008-04-16,19
Andre Roberson,Thunder,2014-01-11,2014-01-14,3
Andre Roberson,Thunder,2014-01-17,2014-02-03,17
Andre Roberson,Thunder,2014-01-27,2014-02-13,17
Andre Roberson,Thunder,2014-02-07,2014-04-14,66
Andre Roberson,Thunder,2014-04-09,2014-05-19,40
Andre Roberson,Thunder,2014-04-16,2015-11-18,581
Andre Roberson,Thunder,2014-04-19,2016-02-21,673
Andre Roberson,Thunder,2014-05-25,2016-04-09,685
Andre Roberson,Thunder,2015-11-16,2017-12-15,760
Andre Roberson,Thunder,2016-01-26,2018-01-17,722
Andrea Bargnani,Knicks,2014-01-24,2014-12-31,341
Andrea Bargnani,Knicks,2014-10-29,2015-02-09,103
Andrea Bargnani,Nets,2015-12-01,2015-12-10,9
Andrea Bargnani,Nets,2016-02-19,2016-02-20,1
Andrea Bargnani,Raptors,2006-12-08,2006-12-10,2
Andrea Bargnani,Raptors,2007-01-24,2007-01-26,2
Andrea Bargnani,Raptors,2007-03-21,2007-04-18,28
Andrea Bargnani,Raptors,2007-12-03,2007-12-11,8
Andrea Bargnani,Raptors,2009-12-09,2009-12-11,2
Andrea Bargnani,Raptors,2010-01-22,2010-01-24,2
Andrea Bargnani,Raptors,2010-12-27,2011-01-04,8
Andrea Bargnani,Raptors,2011-03-09,2011-03-11,2
Andrea Bargnani,Raptors,2011-04-03,2011-04-05,2
Andrea Bargnani,Raptors,2011-04-06,2012-01-24,293
Andrea Bargnani,Raptors,2012-01-22,2012-03-11,49
Andrea Bargnani,Raptors,2012-01-27,2013-02-06,376
Andreas Glyniadakis,Sonics,2006-11-05,2006-11-10,5
Andreas Glyniadakis,Sonics,2006-11-18,2006-11-22,4
Andrei Kirilenko,Jazz,2006-11-14,2006-11-24,10
Andrei Kirilenko,Jazz,2007-02-24,2007-02-26,2
Andrei Kirilenko,Jazz,2007-04-07,2007-04-16,9
Andrei Kirilenko,Jazz,2008-01-08,2008-01-10,2
Andrei Kirilenko,Jazz,2008-03-30,2008-04-02,3
Andrei Kirilenko,Jazz,2008-11-14,2008-11-17,3
Andrei Kirilenko,Jazz,2009-01-21,2009-02-17,27
Andrei Kirilenko,Jazz,2010-03-22,2010-03-26,4
Andrei Kirilenko,Jazz,2010-04-17,2010-05-08,21
Andrei Kirilenko,Jazz,2010-12-29,2011-01-01,3
Andrei Kirilenko,Nets,2013-10-30,2013-11-01,2
Andrei Kirilenko,Nets,2013-11-09,2013-12-31,52
Andrei Kirilenko,Nets,2014-03-10,2014-03-15,5
Andres Nocioni,76ers,2011-01-17,2011-01-24,7
Andres Nocioni,Bulls,2007-02-05,2007-02-22,17
Andres Nocioni,Bulls,2007-02-23,2007-04-08,44
Andrew Bogut,Bucks,2007-03-25,2008-03-22,363
Andrew Bogut,Bucks,2008-03-15,2008-04-01,17
Andrew Bogut,Bucks,2008-03-28,2008-12-03,250
Andrew Bogut,Bucks,2008-11-26,2009-01-10,45
Andrew Bogut,Bucks,2009-01-03,2009-01-30,27
Andrew Bogut,Bucks,2009-01-16,2009-11-30,318
Andrew Bogut,Bucks,2009-02-03,2010-03-28,418
Andrew Bogut,Bucks,2009-11-20,2010-05-02,163
Andrew Bogut,Bucks,2010-03-26,2011-02-05,316
Andrew Bogut,Bucks,2010-04-06,2011-03-08,336
Andrew Bogut,Bucks,2011-02-02,2012-01-10,342
Andrew Bogut,Lakers,2017-11-03,2017-11-08,5
Andrew Bogut,Mavericks,2016-12-19,2016-12-27,8
Andrew Bogut,Mavericks,2016-12-30,2017-01-03,4
Andrew Bogut,Mavericks,2017-01-15,2017-01-25,10
Andrew Bogut,Mavericks,2017-02-03,2017-02-15,12
Andrew Bogut,Warriors,2012-03-16,2012-11-05,234
Andrew Bogut,Warriors,2012-11-03,2013-01-28,86
Andrew Bogut,Warriors,2012-11-08,2013-01-31,84
Andrew Bogut,Warriors,2013-01-29,2013-02-08,10
Andrew Bogut,Warriors,2013-02-06,2013-02-12,6
Andrew Bogut,Warriors,2013-02-09,2013-03-04,23
Andrew Bogut,Warriors,2013-02-22,2014-02-24,367
Andrew Bogut,Warriors,2014-02-06,2014-03-20,42
Andrew Bogut,Warriors,2014-03-18,2015-01-07,295
Andrew Bogut,Warriors,2014-04-14,2015-01-17,278
Andrew Bogut,Warriors,2014-04-19,2015-03-14,329
Andrew Bogut,Warriors,2014-12-10,2015-11-09,334
Andrew Bogut,Warriors,2015-01-16,2016-04-10,450
Andrew Bynum,Lakers,2008-01-17,2009-04-10,449
Andrew Bynum,Lakers,2009-02-02,2010-12-14,680
Andrew Harrison,Grizzlies,2017-03-31,2017-04-04,4
Andrew Harrison,Grizzlies,2018-01-05,2018-01-10,5
Andrew Harrison,Grizzlies,2018-03-03,2018-03-19,16
Andrew Nicholson,Magic,2015-01-18,2015-01-23,5
Andrew Nicholson,Magic,2015-02-02,2015-02-04,2
Andrew Nicholson,Magic,2015-02-06,2015-02-08,2
Andrew Nicholson,Nets,2017-03-01,2017-03-03,2
Andrew Nicholson,Nets,2017-03-28,2017-03-30,2
Andrew Nicholson,Nets,2017-04-02,2017-04-04,2
Andrew White III,Hawks,2018-01-15,2018-02-14,30
Andris Biedrins,Jazz,2013-10-30,2013-11-29,30
Andris Biedrins,Jazz,2014-03-05,2014-03-14,9
Andris Biedrins,Jazz,2014-03-16,2014-04-05,20
Andris Biedrins,Warriors,2008-02-22,2008-03-07,14
Andris Biedrins,Warriors,2009-02-08,2009-02-23,15
Andris Biedrins,Warriors,2009-03-15,2009-04-08,24
Andris Biedrins,Warriors,2010-12-18,2011-01-05,18
Andris Biedrins,Warriors,2011-03-18,2012-01-12,300
Andy Rautins,Knicks,2010-12-08,2011-01-04,27
Andy Rautins,Knicks,2011-01-19,2011-01-28,9
Andy Rautins,Knicks,2011-02-04,2011-02-06,2
Andy Rautins,Knicks,2011-02-16,2011-03-06,18
Antawn Jamison,Cavaliers,2010-03-12,2010-03-14,2
Antawn Jamison,Cavaliers,2010-11-02,2010-11-09,7
Antawn Jamison,Wizards,2007-01-31,2007-03-02,30
Antawn Jamison,Wizards,2009-10-27,2009-11-18,22
Ante Zizic,Cavaliers,2017-10-17,2017-10-21,4
Ante Zizic,Cavaliers,2017-10-29,2017-11-01,3
Ante Zizic,Cavaliers,2018-01-02,2018-01-15,13
Ante Zizic,Cavaliers,2018-01-18,2018-02-07,20
Anthony Bennett,Cavaliers,2013-12-20,2013-12-23,3
Anthony Bennett,Raptors,2016-01-01,2016-01-22,21
Anthony Bennett,Timberwolves,2015-02-27,2015-03-29,30
Anthony Brown,Lakers,2015-11-03,2015-11-10,7
Anthony Brown,Lakers,2015-11-13,2015-11-16,3
Anthony Brown,Lakers,2015-11-20,2015-12-11,21
Anthony Brown,Lakers,2016-02-09,2016-02-19,10
Anthony Brown,Timberwolves,2017-10-18,2017-11-24,37
Anthony Brown,Timberwolves,2017-12-01,2018-03-02,91
Anthony Carter,Nuggets,2007-10-29,2007-11-23,25
Anthony Carter,Nuggets,2009-11-13,2009-11-20,7
Anthony Carter,Raptors,2012-01-25,2012-01-29,4
Anthony Davis,Pelicans,2013-12-02,2013-12-18,16
Anthony Davis,Pelicans,2016-03-30,2017-01-14,290
Anthony Davis,Pelicans,2017-01-11,2017-01-25,14
Anthony Johnson,Hawks,2007-02-23,2007-02-25,2
Anthony Johnson,Magic,2009-04-07,2009-04-10,3
Anthony Johnson,Mavericks,2006-12-15,2006-12-20,5
Anthony Morrow,Bulls,2017-03-02,2017-03-06,4
Anthony Morrow,Bulls,2017-03-10,2017-03-17,7
Anthony Morrow,Hawks,2012-12-15,2012-12-19,4
Anthony Morrow,Hawks,2013-01-11,2013-01-19,8
Anthony Morrow,Hawks,2013-01-21,2013-01-30,9
Anthony Morrow,Mavericks,2013-03-01,2013-03-08,7
Anthony Morrow,Nets,2010-12-17,2011-01-12,26
Anthony Morrow,Nets,2011-03-05,2011-03-09,4
Anthony Morrow,Thunder,2015-02-08,2015-02-09,1
Anthony Morrow,Warriors,2008-10-29,2008-11-05,7
Anthony Parker,Cavaliers,2010-04-11,2010-04-14,3
Anthony Parker,Cavaliers,2011-01-05,2011-01-07,2
Anthony Parker,Cavaliers,2011-01-14,2011-01-21,7
Anthony Parker,Cavaliers,2012-01-17,2012-01-20,3
Anthony Parker,Cavaliers,2012-01-31,2012-02-28,28
Anthony Parker,Raptors,2007-02-28,2007-03-11,11
Anthony Parker,Raptors,2007-03-21,2007-03-26,5
Anthony Randolph,Knicks,2010-10-27,2010-11-04,8
Anthony Randolph,Nuggets,2012-12-18,2012-12-20,2
Anthony Randolph,Timberwolves,2012-02-01,2012-02-04,3
Anthony Randolph,Timberwolves,2012-02-15,2012-02-17,2
Anthony Randolph,Timberwolves,2012-02-19,2012-02-20,1
Anthony Randolph,Timberwolves,2012-02-22,2012-02-29,7
Anthony Randolph,Timberwolves,2012-03-03,2012-03-05,2
Anthony Randolph,Warriors,2008-12-08,2008-12-10,2
Anthony Randolph,Warriors,2009-03-20,2009-03-22,2
Anthony Tolliver,Kings,2016-11-05,2016-11-08,3
Anthony Tolliver,Pistons,2017-10-18,2017-10-20,2
Anthony Tolliver,Spurs,2008-12-02,2008-12-20,18
Anthony Tolliver,Timberwolves,2010-12-04,2011-01-07,34
Antoine Walker,Grizzlies,2008-10-29,2008-11-29,31
Antoine Walker,Grizzlies,2008-12-05,2008-12-10,5
Antoine Walker,Heat,2007-01-03,2007-01-12,9
Antoine Walker,Timberwolves,2007-12-06,2007-12-11,5
Antoine Wright,Kings,2010-10-27,2010-10-29,2
Antoine Wright,Kings,2010-11-21,2010-11-25,4
Antoine Wright,Mavericks,2008-02-22,2008-02-25,3
Antoine Wright,Mavericks,2008-02-28,2008-02-29,1
Antoine Wright,Mavericks,2008-03-02,2008-03-06,4
Antoine Wright,Mavericks,2008-04-16,2008-04-22,6
Antoine Wright,Nets,2008-01-02,2008-01-08,6
Antoine Wright,Raptors,2009-11-15,2009-11-17,2
Antoine Wright,Raptors,2009-11-18,2009-11-24,6
Antoine Wright,Raptors,2010-03-17,2010-03-20,3
Antonio Anderson,Thunder,2010-02-26,2010-03-03,5
Antonio Anderson,Thunder,2010-03-10,2010-03-12,2
Antonio Blakeney,Bulls,2017-10-24,2017-10-26,2
Antonio Blakeney,Bulls,2017-10-28,2017-11-07,10
Antonio Blakeney,Bulls,2017-11-10,2017-11-15,5
Antonio Blakeney,Bulls,2017-12-04,2018-01-31,58
Antonio Blakeney,Bulls,2018-02-12,2018-03-09,25
Antonio Daniels,Hornets,2008-12-23,2008-12-26,3
Antonio Daniels,Wizards,2007-04-14,2007-04-17,3
Antonio Daniels,Wizards,2008-11-08,2008-11-12,4
Antonio Daniels,Wizards,2008-11-25,2008-11-27,2
Antonio McDyess,Pistons,2007-11-14,2007-11-21,7
Antonio McDyess,Pistons,2008-04-06,2008-04-08,2
Antonio McDyess,Spurs,2010-04-12,2010-04-14,2
Antonio McDyess,Spurs,2011-04-09,2011-04-13,4
Antonius Cleveland,Hawks,2018-02-26,2018-04-03,36
Archie Goodwin,Suns,2014-01-24,2014-02-01,8
Archie Goodwin,Suns,2014-02-05,2014-02-21,16
Archie Goodwin,Suns,2014-12-26,2014-12-31,5
Archie Goodwin,Suns,2015-01-16,2015-01-21,5
Archie Goodwin,Suns,2015-01-28,2015-02-02,5
Archie Goodwin,Suns,2015-02-08,2015-02-20,12
Armon Johnson,Blazers,2011-12-26,2012-01-16,21
Armon Johnson,Blazers,2012-01-20,2012-02-01,12
Armon Johnson,Blazers,2012-02-04,2012-02-06,2
Armon Johnson,Blazers,2012-02-08,2012-02-15,7
Aron Baynes,Celtics,2018-02-24,2018-02-26,2
Aron Baynes,Spurs,2013-02-02,2013-02-24,22
Aron Baynes,Spurs,2013-02-22,2013-03-12,18
Aron Baynes,Spurs,2013-03-06,2013-03-20,14
Aron Baynes,Spurs,2013-03-14,2013-04-01,18
Aron Baynes,Spurs,2013-03-22,2013-04-12,21
Aron Baynes,Spurs,2013-04-06,2013-11-27,235
Aron Baynes,Spurs,2013-05-08,2014-04-10,337
Aron Baynes,Spurs,2013-11-25,2014-04-26,152
Aron Baynes,Spurs,2014-04-03,2015-01-10,282
Aron Baynes,Spurs,2014-04-20,2015-03-20,334
Aron Baynes,Spurs,2015-01-09,2015-03-28,78
Arron Afflalo,Blazers,2015-02-20,2015-02-22,2
Arron Afflalo,Blazers,2015-04-11,2015-04-25,14
Arron Afflalo,Kings,2016-12-26,2017-01-03,8
Arron Afflalo,Knicks,2015-11-04,2015-11-11,7
Arron Afflalo,Magic,2013-01-28,2013-02-08,11
Arron Afflalo,Magic,2013-12-18,2013-12-20,2
Arron Afflalo,Magic,2014-02-25,2014-03-05,8
Arron Afflalo,Magic,2017-12-15,2017-12-20,5
Arron Afflalo,Magic,2018-03-02,2018-03-05,3
Arron Afflalo,Nuggets,2011-03-10,2011-03-16,6
Arron Afflalo,Nuggets,2011-03-21,2011-04-01,11
Arron Afflalo,Nuggets,2011-04-05,2011-04-11,6
Arron Afflalo,Nuggets,2011-04-17,2011-04-23,6
Arron Afflalo,Nuggets,2012-01-21,2012-01-25,4
Austin Croshere,Bucks,2008-10-28,2008-11-11,14
Austin Croshere,Bucks,2008-11-12,2008-11-14,2
Austin Croshere,Bucks,2008-11-29,2008-12-09,10
Austin Croshere,Bucks,2008-12-23,2009-01-03,11
Austin Croshere,Mavericks,2006-12-09,2006-12-13,4
Austin Croshere,Warriors,2007-11-01,2007-11-14,13
Austin Croshere,Warriors,2007-12-23,2008-01-07,15
Austin Croshere,Warriors,2008-01-18,2008-02-07,20
Austin Croshere,Warriors,2008-03-19,2008-03-23,4
Austin Daye,Grizzlies,2013-05-25,2013-05-27,2
Austin Daye,Hawks,2015-03-25,2015-03-27,2
Austin Daye,Hawks,2015-03-30,2015-03-31,1
Austin Daye,Hawks,2015-04-04,2015-04-08,4
Austin Daye,Hawks,2015-04-19,2015-05-24,35
Austin Daye,Pistons,2010-12-17,2010-12-22,5
Austin Daye,Raptors,2013-11-08,2013-11-13,5
Austin Daye,Raptors,2014-01-19,2014-02-05,17
Austin Daye,Spurs,2014-03-02,2014-03-06,4
Austin Daye,Spurs,2014-03-08,2014-03-22,14
Austin Daye,Spurs,2014-04-26,2015-01-17,266
Austin Rivers,Clippers,2015-04-14,2015-12-26,256
Austin Rivers,Clippers,2015-12-25,2016-03-02,68
Austin Rivers,Clippers,2016-02-07,2016-04-10,63
Austin Rivers,Clippers,2016-04-06,2017-04-25,384
Austin Rivers,Clippers,2017-04-05,2017-12-18,257
Austin Rivers,Clippers,2017-04-15,2018-02-09,300
Avery Bradley,Celtics,2010-10-26,2010-11-21,26
Avery Bradley,Celtics,2011-01-14,2011-02-07,24
Avery Bradley,Celtics,2011-03-31,2011-04-01,1
Avery Bradley,Celtics,2011-04-03,2011-04-08,5
Avery Bradley,Celtics,2011-04-10,2011-04-11,1
Avery Bradley,Celtics,2011-04-17,2013-01-02,626
Avery Bradley,Celtics,2012-05-21,2014-01-31,620
Avery Bradley,Celtics,2012-10-30,2014-03-09,495
Avery Bradley,Celtics,2014-01-24,2014-12-15,325
Avery Bradley,Celtics,2014-02-19,2015-03-11,385
Avery Bradley,Celtics,2014-12-12,2015-04-19,128
Avery Bradley,Celtics,2015-03-06,2015-11-13,252
Avery Bradley,Celtics,2015-04-15,2016-01-10,270
Avery Bradley,Celtics,2015-11-11,2017-01-16,432
Avery Bradley,Celtics,2016-01-04,2017-02-27,420
Avery Bradley,Celtics,2016-04-19,2017-03-06,321
Avery Bradley,Celtics,2017-01-07,2017-04-05,88
Avery Bradley,Clippers,2018-01-30,2018-02-03,4
Avery Bradley,Pistons,2017-12-26,2018-01-03,8
Awvee Storey,Bucks,2007-10-31,2007-11-14,14
Awvee Storey,Bucks,2008-02-11,2008-02-13,2
Awvee Storey,Bucks,2008-02-20,2008-03-05,14
Axel Toupane,Bucks,2017-02-26,2017-02-27,1
Baron Davis,Cavaliers,2011-02-25,2011-03-04,7
Baron Davis,Clippers,2008-11-01,2008-11-03,2
Baron Davis,Clippers,2009-03-07,2009-03-10,3
Baron Davis,Clippers,2009-03-27,2009-04-01,5
Baron Davis,Clippers,2010-03-30,2010-04-04,5
Baron Davis,Clippers,2010-04-12,2010-11-09,211
Baron Davis,Clippers,2010-11-01,2010-12-01,30
Baron Davis,Knicks,2011-12-25,2012-02-19,56
Baron Davis,Knicks,2012-03-20,2012-03-21,1
Baron Davis,Warriors,2007-02-21,2007-03-05,12
Ben Gordon,Bulls,2008-01-25,2008-02-02,8
Ben Gordon,Magic,2015-01-25,2015-01-29,4
Ben Gordon,Pistons,2009-12-15,2009-12-27,12
Ben Gordon,Pistons,2010-01-22,2010-01-29,7
Ben Hansbrough,Pacers,2012-11-16,2012-11-18,2
Ben Hansbrough,Pacers,2012-11-30,2012-12-01,1
Ben Hansbrough,Pacers,2013-02-23,2013-03-06,11
Ben Hansbrough,Pacers,2013-03-08,2013-03-10,2
Ben Hansbrough,Pacers,2013-03-13,2013-03-18,5
Ben Hansbrough,Pacers,2013-04-01,2013-04-05,4
Ben Hansbrough,Pacers,2013-04-06,2013-04-14,8
Ben McLemore,Grizzlies,2017-10-17,2017-11-11,25
Ben McLemore,Kings,2016-12-14,2016-12-16,2
Ben Moore,Pacers,2018-01-14,2018-01-24,10
Ben Moore,Pacers,2018-01-29,2018-02-05,7
Ben Uzoh,Nets,2010-10-27,2010-11-10,14
Ben Uzoh,Nets,2010-11-17,2010-11-19,2
Ben Uzoh,Nets,2010-12-05,2010-12-07,2
Ben Uzoh,Nets,2010-12-09,2010-12-14,5
Ben Uzoh,Nets,2011-03-04,2011-03-09,5
Ben Uzoh,Nets,2011-03-14,2011-03-25,11
Ben Wallace,Bulls,2007-01-13,2007-01-15,2
Ben Wallace,Bulls,2007-01-31,2007-02-02,2
Ben Wallace,Bulls,2007-12-19,2007-12-22,3
Ben Wallace,Cavaliers,2008-03-30,2008-04-03,4
Ben Wallace,Cavaliers,2009-01-13,2009-01-16,3
Ben Wallace,Cavaliers,2009-02-27,2009-04-08,40
Ben Wallace,Pistons,2010-03-03,2010-03-19,16
Ben Wallace,Pistons,2010-03-21,2010-03-31,10
Ben Wallace,Pistons,2011-01-12,2011-01-22,10
Ben Wallace,Pistons,2011-03-23,2011-04-01,9
Ben Wallace,Pistons,2011-04-06,2012-04-26,386
Beno Udrih,Bucks,2012-01-12,2012-01-16,4
Beno Udrih,Bucks,2012-11-07,2012-11-09,2
Beno Udrih,Bucks,2012-12-03,2012-12-26,23
Beno Udrih,Bucks,2013-01-02,2013-01-04,2
Beno Udrih,Grizzlies,2015-04-25,2015-04-27,2
Beno Udrih,Kings,2007-11-01,2007-11-09,8
Beno Udrih,Kings,2008-03-28,2008-04-08,11
Beno Udrih,Kings,2009-02-01,2009-02-02,1
Beno Udrih,Kings,2009-02-27,2009-03-13,14
Beno Udrih,Pistons,2017-04-10,2017-04-12,2
Beno Udrih,Spurs,2007-04-14,2007-04-16,2
Bernard James,Mavericks,2012-12-23,2012-12-27,4
Bernard James,Mavericks,2012-12-28,2013-01-01,4
Bernard James,Mavericks,2013-01-09,2013-01-10,1
Bernard Robinson,Bobcats,2006-12-06,2006-12-08,2
Bernard Robinson,Bobcats,2006-12-22,2006-12-23,1
Bernard Robinson,Nets,2007-01-05,2007-01-11,6
Bernard Robinson,Nets,2007-01-09,2007-01-22,13
Bernard Robinson,Nets,2007-01-15,2007-03-16,60
Bernard Robinson,Nets,2007-02-25,2007-03-30,33
Bill Walker,Celtics,2008-10-28,2008-11-04,7
Bill Walker,Celtics,2008-11-14,2009-01-12,59
Bill Walker,Celtics,2009-01-21,2009-01-25,4
Bill Walker,Celtics,2009-10-27,2009-11-11,15
Bill Walker,Celtics,2009-11-13,2009-12-27,44
Bill Walker,Celtics,2010-02-07,2010-02-10,3
Bill Walker,Knicks,2010-12-06,2010-12-08,2
Bill Walker,Knicks,2011-03-06,2011-03-09,3
Bill Walker,Knicks,2011-03-25,2011-03-26,1
Bill Walker,Knicks,2012-02-20,2012-03-31,40
Billy Thomas,Cavaliers,2008-04-19,2008-04-21,2
Billy Thomas,Cavaliers,2008-05-02,2008-05-16,14
Bismack Biyombo,Bobcats,2012-03-02,2012-03-06,4
Bismack Biyombo,Hornets,2015-02-05,2015-03-01,24
Blake Griffin,Clippers,2009-10-27,2015-03-15,1965
Blake Griffin,Clippers,2013-04-26,2016-03-27,1066
Blake Griffin,Clippers,2015-02-25,2016-04-03,403
Blake Griffin,Clippers,2015-12-26,2017-01-24,395
Blake Griffin,Clippers,2016-03-27,2017-12-29,642
Blake Griffin,Clippers,2016-03-28,2018-01-11,654
Boban Marjanovic,Pistons,2016-12-26,2016-12-28,2
Boban Marjanovic,Pistons,2017-10-20,2017-10-21,1
Boban Marjanovic,Pistons,2017-10-25,2017-10-28,3
Boban Marjanovic,Spurs,2015-10-28,2015-11-02,5
Boban Marjanovic,Spurs,2015-11-11,2015-11-14,3
Boban Marjanovic,Spurs,2015-11-18,2015-11-20,2
Bobby Brown,Hornets,2009-11-13,2009-11-14,1
Bobby Brown,Hornets,2009-12-09,2009-12-23,14
Bobby Brown,Kings,2009-01-20,2009-01-21,1
Bobby Brown,Rockets,2016-11-27,2016-11-29,2
Bobby Brown,Rockets,2016-12-01,2016-12-27,26
Bobby Brown,Rockets,2016-12-16,2017-01-08,23
Bobby Jackson,Hornets,2006-12-22,2007-01-04,13
Bobby Jackson,Hornets,2007-03-19,2007-03-31,12
Bobby Jackson,Hornets,2008-01-21,2008-02-01,11
Bobby Jackson,Kings,2009-03-17,2009-03-27,10
Bobby Jackson,Kings,2009-03-31,2009-04-03,3
Bobby Jones (Ray),Nuggets,2008-04-12,2008-04-13,1
Bobby Jones (Ray),Rockets,2008-02-26,2008-02-29,3
Bobby Simmons,Bucks,2008-01-19,2008-01-21,2
Bobby Simmons,Bucks,2008-03-26,2008-03-28,2
Bobby Simmons,Nets,2008-12-20,2008-12-26,6
Bobby Simmons,Nets,2009-03-30,2009-04-01,2
Bobby Simmons,Nets,2010-01-06,2010-01-10,4
Bobby Simmons,Nets,2010-01-15,2010-01-27,12
Bobby Simmons,Nets,2010-01-29,2010-02-09,11
Bobby Simmons,Nets,2010-02-10,2010-02-23,13
Bobby Simmons,Nets,2010-02-27,2010-03-16,17
Bobby Simmons,Nets,2010-03-20,2010-04-12,23
Bogdan Bogdanovic,Pacers,2017-10-18,2017-10-23,5
Bojan Bogdanovic,Pacers,2018-01-06,2018-01-08,2
Bojan Bogdanovic,Pacers,2018-04-10,2018-04-15,5
Bojan Bogdanovic,Wizards,2017-03-25,2017-03-28,3
Bonzi Wells,Hornets,2008-02-27,2008-03-02,4
Bonzi Wells,Hornets,2008-03-03,2008-03-12,9
Bonzi Wells,Rockets,2006-11-01,2006-11-04,3
Bonzi Wells,Rockets,2006-11-07,2006-12-12,35
Bonzi Wells,Rockets,2007-01-05,2007-01-17,12
Bonzi Wells,Rockets,2007-02-06,2007-02-13,7
Bonzi Wells,Rockets,2007-03-02,2007-04-06,35
Bonzi Wells,Rockets,2007-11-24,2007-11-26,2
Bonzi Wells,Rockets,2008-01-11,2008-01-13,2
Boris Diaw,Bobcats,2008-12-11,2008-12-13,2
Boris Diaw,Bobcats,2012-03-07,2012-03-12,5
Boris Diaw,Jazz,2016-11-06,2016-11-14,8
Boris Diaw,Spurs,2013-03-01,2013-03-06,5
Boris Diaw,Spurs,2013-04-12,2013-05-06,24
Boris Diaw,Spurs,2013-11-23,2013-11-25,2
Boris Diaw,Spurs,2014-01-04,2014-01-07,3
Boris Diaw,Spurs,2016-03-25,2016-03-26,1
Boris Diaw,Spurs,2016-04-05,2016-04-13,8
Boris Diaw,Suns,2007-02-20,2007-02-27,7
Boris Diaw,Suns,2007-02-28,2007-03-07,7
Bostjan Nachbar,Nets,2008-03-04,2008-03-08,4
Bracey Wright,Timberwolves,2006-11-14,2006-12-08,24
Bracey Wright,Timberwolves,2006-12-20,2006-12-23,3
Bracey Wright,Timberwolves,2006-12-26,2006-12-27,1
Bracey Wright,Timberwolves,2007-01-31,2007-02-23,23
Brad Miller,Kings,2006-11-06,2006-11-25,19
Brad Miller,Kings,2007-01-04,2007-01-06,2
Brad Miller,Kings,2007-02-10,2007-02-20,10
Brad Miller,Kings,2007-11-12,2007-11-14,2
Brad Miller,Kings,2008-02-06,2008-02-08,2
Brad Miller,Rockets,2011-01-14,2011-02-05,22
Brad Miller,Timberwolves,2011-12-26,2012-01-27,32
Bradley Beal,Wizards,2013-03-06,2013-03-16,10
Bradley Beal,Wizards,2013-03-29,2013-03-31,2
Bradley Beal,Wizards,2013-04-03,2013-12-16,257
Bradley Beal,Wizards,2013-11-26,2014-11-19,358
Bradley Beal,Wizards,2014-10-29,2015-02-28,122
Bradley Beal,Wizards,2015-02-07,2016-01-13,340
Bradley Beal,Wizards,2016-01-16,2016-01-18,2
Bradley Beal,Wizards,2016-01-26,2016-01-28,2
Bradley Beal,Wizards,2016-03-08,2016-03-14,6
Bradley Beal,Wizards,2016-03-17,2016-03-19,2
Bradley Beal,Wizards,2016-04-11,2016-11-12,215
Bradley Beal,Wizards,2016-11-11,2017-04-16,156
Brandan Wright,Grizzlies,2015-12-13,2016-02-19,68
Brandan Wright,Grizzlies,2016-02-29,2016-12-05,280
Brandan Wright,Grizzlies,2016-10-26,2017-01-27,93
Brandan Wright,Grizzlies,2016-12-06,2017-01-30,55
Brandan Wright,Grizzlies,2017-11-20,2017-12-01,11
Brandan Wright,Grizzlies,2017-12-02,2017-12-21,19
Brandan Wright,Grizzlies,2017-12-27,2017-12-30,3
Brandan Wright,Grizzlies,2018-01-17,2018-01-19,2
Brandan Wright,Grizzlies,2018-01-20,2018-01-22,2
Brandan Wright,Mavericks,2011-12-26,2012-01-04,9
Brandan Wright,Mavericks,2012-03-05,2012-03-13,8
Brandan Wright,Mavericks,2013-01-01,2013-01-09,8
Brandan Wright,Mavericks,2013-10-30,2013-12-14,45
Brandan Wright,Nets,2011-02-25,2011-02-28,3
Brandan Wright,Nets,2011-03-04,2011-03-05,1
Brandan Wright,Rockets,2018-03-06,2018-03-23,17
Brandan Wright,Suns,2015-01-25,2015-01-28,3
Brandan Wright,Warriors,2007-10-30,2007-11-03,4
Brandan Wright,Warriors,2007-12-07,2007-12-12,5
Brandan Wright,Warriors,2007-12-14,2007-12-16,2
Brandan Wright,Warriors,2008-02-07,2008-02-13,6
Brandan Wright,Warriors,2008-04-10,2008-12-12,246
Brandan Wright,Warriors,2008-12-10,2009-01-05,26
Brandan Wright,Warriors,2009-01-02,2009-03-13,70
Brandan Wright,Warriors,2009-01-10,2010-12-25,714
Branden Dawson,Clippers,2015-10-28,2015-12-25,58
Branden Dawson,Clippers,2016-01-13,2016-02-07,25
Brandon Bass,Celtics,2012-02-12,2012-02-28,16
Brandon Bass,Hornets,2007-01-31,2007-02-13,13
Brandon Bass,Hornets,2007-02-14,2007-03-19,33
Brandon Bass,Hornets,2007-03-31,2007-04-04,4
Brandon Bass,Lakers,2016-01-14,2016-01-17,3
Brandon Bass,Mavericks,2008-01-23,2008-01-25,2
Brandon Davies,76ers,2014-02-09,2014-03-15,34
Brandon Ingram,Lakers,2017-03-26,2017-04-01,6
Brandon Ingram,Lakers,2017-12-23,2017-12-27,4
Brandon Ingram,Lakers,2018-03-03,2018-03-28,25
Brandon Jennings,Bucks,2010-12-20,2011-01-05,16
Brandon Jennings,Bucks,2011-01-21,2011-01-29,8
Brandon Jennings,Bucks,2013-04-12,2013-04-15,3
Brandon Jennings,Bucks,2018-04-15,2018-04-20,5
Brandon Jennings,Knicks,2017-02-15,2017-02-23,8
Brandon Jennings,Pistons,2013-10-30,2013-11-03,4
Brandon Jennings,Pistons,2015-01-27,2015-12-17,324
Brandon Jennings,Pistons,2015-10-27,2015-12-22,56
Brandon Jennings,Wizards,2017-03-01,2017-03-03,2
Brandon Knight,Suns,2015-03-11,2015-03-25,14
Brandon Knight,Suns,2015-03-30,2015-04-04,5
Brandon Knight,Suns,2015-04-07,2017-04-07,731
Brandon Paul,Spurs,2017-12-26,2017-12-28,2
Brandon Paul,Spurs,2018-01-13,2018-01-15,2
Brandon Paul,Spurs,2018-03-03,2018-03-05,2
Brandon Paul,Spurs,2018-04-14,2018-04-16,2
Brandon Roy,Blazers,2006-11-28,2006-12-20,22
Brandon Roy,Blazers,2008-12-30,2009-01-10,11
Brandon Roy,Blazers,2010-04-12,2010-04-24,12
Brandon Roy,Blazers,2011-01-04,2011-02-23,50
Brandon Rush,Jazz,2013-11-22,2013-11-29,7
Brandon Rush,Jazz,2014-04-04,2014-04-06,2
Brandon Rush,Pacers,2009-01-19,2009-01-20,1
Brandon Rush,Pacers,2009-02-03,2009-02-05,2
Brandon Rush,Pacers,2011-01-28,2011-02-08,11
Brandon Rush,Timberwolves,2016-11-12,2016-11-13,1
Brandon Rush,Timberwolves,2016-11-19,2016-11-21,2
Brandon Rush,Timberwolves,2016-11-30,2016-12-06,6
Brandon Rush,Warriors,2012-11-03,2014-11-01,728
Brandon Rush,Warriors,2014-10-29,2015-03-18,140
Brandon Rush,Warriors,2015-03-16,2015-03-28,12
Brandon Rush,Warriors,2015-03-27,2015-04-07,11
Brandon Rush,Warriors,2015-04-05,2015-05-11,36
Brandon Rush,Warriors,2015-05-03,2015-11-12,193
Brandon Rush,Warriors,2015-06-04,2015-11-14,163
Brandon Rush,Warriors,2015-11-11,2015-11-24,13
Brandon Rush,Warriors,2015-11-20,2016-06-02,195
Brandon Wallace,Celtics,2007-11-01,2007-11-09,8
Brendan Haywood,Mavericks,2010-11-26,2010-11-27,1
Brendan Haywood,Mavericks,2011-04-11,2011-04-13,2
Brendan Haywood,Mavericks,2011-06-05,2011-06-07,2
Brendan Haywood,Mavericks,2011-06-09,2012-03-23,288
Brendan Haywood,Wizards,2007-03-04,2007-03-06,2
Brendan Haywood,Wizards,2008-10-29,2009-04-01,154
Brent Barry,Rockets,2008-12-03,2008-12-22,19
Brent Barry,Spurs,2006-12-26,2006-12-28,2
Brent Barry,Spurs,2007-04-03,2007-04-11,8
Brent Barry,Spurs,2007-12-28,2008-01-07,10
Brent Barry,Spurs,2008-01-10,2008-01-17,7
Brent Barry,Spurs,2008-01-26,2008-04-14,79
Brevin Knight,Bobcats,2006-11-18,2006-11-20,2
Brevin Knight,Bobcats,2006-11-22,2006-11-24,2
Brevin Knight,Bobcats,2006-12-08,2006-12-13,5
Brevin Knight,Bobcats,2006-12-16,2006-12-22,6
Brevin Knight,Bobcats,2006-12-23,2007-02-09,48
Brevin Knight,Bobcats,2007-02-20,2007-02-21,1
Brevin Knight,Bobcats,2007-02-24,2007-02-26,2
Brevin Knight,Bobcats,2007-03-14,2007-03-21,7
Brevin Knight,Jazz,2008-11-19,2008-11-21,2
Brevin Knight,Jazz,2008-11-26,2008-12-02,6
Brevin Knight,Jazz,2009-02-11,2009-02-17,6
Brian Cardinal,Grizzlies,2006-11-11,2006-11-17,6
Brian Cardinal,Grizzlies,2006-12-30,2007-01-12,13
Brian Cardinal,Grizzlies,2007-01-27,2007-02-06,10
Brian Cardinal,Grizzlies,2007-02-09,2007-02-13,4
Brian Cardinal,Grizzlies,2007-02-20,2007-11-07,260
Brian Cardinal,Grizzlies,2007-10-30,2007-11-14,15
Brian Cardinal,Grizzlies,2007-11-13,2007-11-19,6
Brian Cardinal,Grizzlies,2007-11-17,2007-12-05,18
Brian Cardinal,Grizzlies,2007-12-01,2008-01-08,38
Brian Cardinal,Grizzlies,2007-12-21,2008-01-18,28
Brian Cardinal,Grizzlies,2008-01-10,2008-01-25,15
Brian Cardinal,Timberwolves,2008-10-29,2008-11-01,3
Brian Cardinal,Timberwolves,2008-11-05,2008-11-07,2
Brian Cardinal,Timberwolves,2008-11-08,2008-11-19,11
Brian Cardinal,Timberwolves,2008-11-26,2008-11-29,3
Brian Cardinal,Timberwolves,2008-12-14,2008-12-15,1
Brian Cardinal,Timberwolves,2008-12-20,2008-12-23,3
Brian Cardinal,Timberwolves,2009-12-04,2009-12-08,4
Brian Cardinal,Timberwolves,2009-12-11,2009-12-14,3
Brian Cardinal,Timberwolves,2009-12-26,2009-12-29,3
Brian Cardinal,Timberwolves,2009-12-30,2010-01-08,9
Brian Cardinal,Timberwolves,2010-02-17,2010-03-31,42
Brian Cook,Clippers,2010-12-18,2011-01-22,35
Brian Cook,Clippers,2011-03-05,2011-03-07,2
Brian Cook,Clippers,2011-03-19,2011-03-20,1
Brian Cook,Clippers,2011-03-25,2011-04-01,7
Brian Cook,Clippers,2012-01-16,2012-01-20,4
Brian Cook,Lakers,2006-11-26,2006-12-06,10
Brian Cook,Lakers,2007-03-15,2007-03-25,10
Brian Cook,Magic,2007-12-21,2007-12-29,8
Brian Cook,Rockets,2009-03-14,2009-10-31,231
Brian Roberts,Hornets,2016-10-26,2016-10-28,2
Brian Scalabrine,Bulls,2010-12-01,2010-12-03,2
Brian Scalabrine,Bulls,2010-12-04,2010-12-06,2
Brian Scalabrine,Bulls,2010-12-08,2010-12-11,3
Brian Scalabrine,Celtics,2009-01-28,2009-02-19,22
Brian Scalabrine,Celtics,2009-02-25,2009-04-23,57
Brian Scalabrine,Celtics,2009-04-18,2009-11-13,209
Brian Scalabrine,Celtics,2009-11-11,2010-03-26,135
Brian Scalabrine,Celtics,2010-03-09,2010-05-28,80
Brian Scalabrine,Celtics,2010-03-31,2010-06-17,78
Brian Skinner,Bucks,2010-12-06,2010-12-08,2
Brian Skinner,Bucks,2010-12-13,2010-12-20,7
Brian Skinner,Clippers,2008-11-26,2008-11-29,3
Brian Skinner,Clippers,2009-02-22,2009-02-27,5
Brian Skinner,Clippers,2009-10-27,2009-11-17,21
Brian Skinner,Clippers,2009-11-29,2009-12-02,3
Brian Skinner,Clippers,2009-12-05,2009-12-08,3
Brian Skinner,Clippers,2009-12-13,2009-12-14,1
Brian Skinner,Clippers,2010-01-04,2010-01-10,6
Brian Skinner,Clippers,2010-01-20,2010-01-21,1
Brian Skinner,Clippers,2010-01-27,2010-01-29,2
Brian Skinner,Clippers,2010-02-02,2010-02-16,14
Brian Skinner,Clippers,2010-02-22,2010-03-01,7
Brian Skinner,Clippers,2010-03-05,2010-03-30,25
Briante Weber,Heat,2016-04-27,2016-05-09,12
Briante Weber,Rockets,2017-10-25,2017-11-22,28
Briante Weber,Rockets,2017-10-30,2017-12-22,53
Brice Johnson,Clippers,2016-10-27,2017-02-23,119
Brice Johnson,Clippers,2017-11-22,2017-11-30,8
Brice Johnson,Clippers,2017-12-06,2017-12-15,9
Brice Johnson,Clippers,2017-12-20,2018-01-08,19
Brice Johnson,Grizzlies,2018-02-11,2018-02-24,13
Brook Lopez,Lakers,2017-12-20,2018-01-03,14
Brook Lopez,Nets,2011-12-26,2012-02-19,55
Brook Lopez,Nets,2012-02-20,2012-12-14,298
Brook Lopez,Nets,2012-03-17,2013-11-29,622
Brook Lopez,Nets,2012-11-30,2014-11-03,703
Brook Lopez,Nets,2013-11-18,2014-12-23,400
Brook Lopez,Nets,2013-12-23,2016-12-22,1095
Brook Lopez,Nets,2014-04-19,2017-01-17,1004
Bruno Caboclo,Raptors,2014-10-29,2014-11-05,7
Bruno Caboclo,Raptors,2014-11-07,2014-11-11,4
Bruno Caboclo,Raptors,2014-11-13,2014-11-21,8
Bruno Caboclo,Raptors,2014-11-15,2014-11-28,13
Bruno Caboclo,Raptors,2014-11-26,2014-12-02,6
Bruno Caboclo,Raptors,2014-11-30,2014-12-14,14
Bruno Caboclo,Raptors,2014-12-12,2014-12-17,5
Bruno Caboclo,Raptors,2014-12-15,2014-12-21,6
Bruno Caboclo,Raptors,2014-12-27,2015-01-10,14
Bruno Caboclo,Raptors,2015-01-14,2015-01-30,16
Bruno Caboclo,Raptors,2015-02-06,2015-03-13,35
Bruno Caboclo,Raptors,2015-03-15,2015-03-22,7
Bruno Caboclo,Raptors,2015-03-24,2015-03-25,1
Bruno Caboclo,Raptors,2015-04-14,2015-11-10,210
Bruno Caboclo,Raptors,2015-10-28,2015-12-02,35
Bruno Caboclo,Raptors,2015-11-15,2015-12-07,22
Bruno Caboclo,Raptors,2015-11-28,2015-12-20,22
Bruno Caboclo,Raptors,2015-12-05,2016-01-01,27
Bruno Caboclo,Raptors,2015-12-13,2016-02-08,57
Bruno Caboclo,Raptors,2015-12-22,2016-03-17,86
Bruno Caboclo,Raptors,2015-12-28,2016-04-08,102
Bruno Caboclo,Raptors,2016-01-22,2016-11-28,311
Bruno Caboclo,Raptors,2016-02-19,2017-02-15,362
Bruno Caboclo,Raptors,2016-03-30,2017-04-02,368
Bruno Caboclo,Raptors,2016-04-12,2017-04-12,365
Bruno Caboclo,Raptors,2016-11-20,2017-10-23,337
Bruno Caboclo,Raptors,2017-01-29,2017-11-03,278
Bruno Caboclo,Raptors,2017-04-04,2017-11-17,227
Bruno Caboclo,Raptors,2017-04-15,2017-12-29,258
Bryce Cotton,Suns,2015-11-29,2015-12-02,3
Bryce Cotton,Suns,2015-12-04,2015-12-09,5
Bryce Cotton,Suns,2015-12-11,2015-12-28,17
Bryn Forbes,Spurs,2016-11-09,2016-11-11,2
Bryn Forbes,Spurs,2016-11-14,2016-11-16,2
Bryn Forbes,Spurs,2016-11-18,2016-11-21,3
Bryn Forbes,Spurs,2016-11-23,2016-11-26,3
Bryn Forbes,Spurs,2016-11-29,2016-11-30,1
Bryn Forbes,Spurs,2016-12-02,2016-12-06,4
Bryn Forbes,Spurs,2016-12-08,2016-12-14,6
Bryn Forbes,Spurs,2016-12-18,2016-12-22,4
Bryn Forbes,Spurs,2016-12-25,2017-01-14,20
Bryn Forbes,Spurs,2017-01-19,2017-01-21,2
Bryn Forbes,Spurs,2017-01-31,2017-02-02,2
Bryn Forbes,Spurs,2017-02-04,2017-02-10,6
Bryn Forbes,Spurs,2017-02-13,2017-03-08,23
Bryn Forbes,Spurs,2017-04-12,2017-05-05,23
Buddy Hield,Kings,2017-11-18,2017-11-22,4
Byron Mullens,Bobcats,2012-02-22,2012-02-29,7
Byron Mullens,Bobcats,2012-12-26,2013-02-04,40
Byron Mullens,Clippers,2014-01-17,2014-01-18,1
Byron Mullens,Thunder,2009-10-28,2009-12-28,61
Byron Mullens,Thunder,2010-03-02,2010-04-14,43
Byron Mullens,Thunder,2010-04-18,2010-04-24,6
Byron Mullens,Thunder,2010-04-27,2010-11-12,199
Byron Mullens,Thunder,2010-10-27,2010-11-17,21
Byron Mullens,Thunder,2010-11-14,2010-11-26,12
Byron Mullens,Thunder,2010-11-24,2010-12-01,7
Byron Mullens,Thunder,2010-11-29,2010-12-12,13
Byron Mullens,Thunder,2010-12-11,2011-01-28,48
Byron Mullens,Thunder,2011-01-22,2011-02-25,34
Byron Mullens,Thunder,2011-02-02,2011-03-04,30
Byron Mullens,Thunder,2011-02-27,2011-04-13,45
C.J. McCollum,Blazers,2013-10-30,2014-01-01,63
C.J. Miles,Cavaliers,2013-04-10,2013-04-15,5
C.J. Miles,Cavaliers,2013-11-22,2013-11-30,8
C.J. Miles,Cavaliers,2014-04-04,2014-04-11,7
C.J. Miles,Jazz,2006-12-17,2006-12-26,9
C.J. Miles,Jazz,2006-12-30,2007-01-05,6
C.J. Miles,Jazz,2007-11-07,2007-11-09,2
C.J. Miles,Jazz,2007-12-03,2009-01-16,410
C.J. Miles,Jazz,2009-01-10,2009-02-08,29
C.J. Miles,Jazz,2009-02-05,2009-04-19,73
C.J. Miles,Jazz,2009-04-05,2009-12-04,243
C.J. Miles,Jazz,2009-10-28,2010-01-14,78
C.J. Miles,Pacers,2015-01-25,2015-01-29,4
C.J. Miles,Pacers,2015-03-10,2015-03-12,2
C.J. Miles,Pacers,2016-04-12,2016-12-04,236
C.J. Miles,Raptors,2017-11-03,2017-11-05,2
C.J. Miles,Raptors,2017-12-20,2017-12-26,6
C.J. Miles,Raptors,2018-01-30,2018-02-04,5
C.J. Miles,Raptors,2018-03-21,2018-03-25,4
C.J. Watson,Bulls,2012-01-11,2012-01-16,5
C.J. Watson,Bulls,2012-02-20,2012-02-28,8
C.J. Watson,Magic,2015-11-18,2015-12-02,14
C.J. Watson,Pacers,2014-03-07,2014-03-14,7
C.J. Watson,Pacers,2014-03-15,2014-04-09,25
C.J. Watson,Pacers,2014-04-16,2014-11-28,226
C.J. Watson,Pacers,2014-11-07,2015-01-22,76
C.J. Watson,Pacers,2015-04-05,2015-04-08,3
C.J. Watson,Warriors,2009-01-16,2009-01-19,3
C.J. Wilcox,Clippers,2014-10-30,2014-11-26,27
C.J. Wilcox,Clippers,2014-11-28,2014-12-03,5
C.J. Wilcox,Clippers,2014-12-13,2015-01-07,25
C.J. Wilcox,Clippers,2015-01-10,2015-03-20,69
C.J. Wilcox,Clippers,2015-03-15,2015-03-25,10
C.J. Wilcox,Clippers,2015-03-22,2016-01-13,297
C.J. Wilcox,Clippers,2015-03-31,2016-04-27,393
C.J. Wilcox,Magic,2016-12-13,2016-12-14,1
C.J. Wilcox,Magic,2016-12-16,2016-12-23,7
C.J. Wilcox,Magic,2017-01-04,2017-01-08,4
C.J. Williams,Clippers,2017-10-19,2017-11-10,22
C.J. Williams,Clippers,2017-11-17,2017-11-22,5
C.J. Williams,Clippers,2018-01-13,2018-02-28,46
Caleb Swanigan,Blazers,2017-11-30,2017-12-02,2
Caleb Swanigan,Blazers,2017-12-05,2017-12-09,4
Caleb Swanigan,Blazers,2017-12-15,2017-12-22,7
Caleb Swanigan,Blazers,2017-12-28,2018-02-05,39
Calvin Booth,76ers,2007-11-11,2007-11-16,5
Calvin Booth,76ers,2007-11-27,2007-12-10,13
Calvin Booth,76ers,2008-02-19,2008-02-20,1
Calvin Booth,Kings,2009-02-21,2009-02-27,6
Calvin Booth,Timberwolves,2008-10-29,2008-11-26,28
Calvin Booth,Timberwolves,2008-11-29,2008-12-03,4
Calvin Booth,Timberwolves,2008-12-05,2009-02-04,61
Cameron Bairstow,Bulls,2014-11-10,2015-02-21,103
Cameron Bairstow,Bulls,2015-02-20,2015-03-25,33
Cameron Bairstow,Bulls,2015-03-23,2015-04-09,17
Cameron Bairstow,Bulls,2015-04-08,2015-05-10,32
Cameron Bairstow,Bulls,2015-04-11,2015-11-01,204
Cameron Bairstow,Bulls,2015-04-25,2015-12-07,226
Cameron Bairstow,Bulls,2015-05-14,2016-03-14,305
Cameron Bairstow,Bulls,2015-10-30,2016-04-02,155
Cameron Payne,Bulls,2017-02-24,2017-02-25,1
Cameron Payne,Bulls,2017-03-15,2017-03-20,5
Cameron Payne,Bulls,2017-04-16,2017-04-21,5
Cameron Payne,Bulls,2017-04-23,2018-02-22,305
Cameron Payne,Thunder,2015-10-30,2015-11-01,2
Cameron Payne,Thunder,2016-01-29,2016-02-01,3
Cameron Payne,Thunder,2016-04-16,2016-04-18,2
Cameron Payne,Thunder,2016-10-26,2017-01-07,73
Caris LeVert,Nets,2016-10-26,2016-12-05,40
Caris LeVert,Nets,2017-02-25,2017-02-28,3
Caris LeVert,Nets,2018-01-03,2018-01-08,5
Caris LeVert,Nets,2018-01-30,2018-02-02,3
Caris LeVert,Nets,2018-02-07,2018-02-26,19
Caris LeVert,Nets,2018-04-09,2018-04-11,2
Carl Landry,76ers,2015-10-28,2015-12-23,56
Carl Landry,Hornets,2012-02-06,2012-03-24,47
Carl Landry,Kings,2013-10-30,2014-01-19,81
Carl Landry,Kings,2014-02-28,2015-01-28,334
Carl Landry,Rockets,2007-10-30,2007-11-16,17
Carl Landry,Rockets,2007-11-21,2007-11-24,3
Carl Landry,Rockets,2007-11-26,2007-12-07,11
Carl Landry,Rockets,2007-12-12,2007-12-31,19
Carl Landry,Rockets,2008-03-08,2008-03-21,13
Carl Landry,Rockets,2009-02-26,2009-03-01,3
Carl Landry,Rockets,2009-03-18,2009-04-07,20
Carlos Arroyo,Magic,2006-11-03,2006-11-05,2
Carlos Arroyo,Magic,2007-12-12,2007-12-21,9
Carlos Boozer,Bulls,2010-10-27,2010-12-01,35
Carlos Boozer,Bulls,2011-03-11,2011-03-21,10
Carlos Boozer,Jazz,2007-01-29,2007-02-23,25
Carlos Boozer,Jazz,2007-11-30,2007-12-03,3
Carlos Boozer,Jazz,2008-11-21,2009-02-23,94
Carlos Boozer,Jazz,2009-03-08,2009-03-28,20
Carlos Boozer,Jazz,2010-02-01,2010-02-06,5
Carlos Delfino,Bucks,2010-03-17,2010-03-19,2
Carlos Delfino,Bucks,2010-03-28,2010-04-02,5
Carlos Delfino,Bucks,2010-11-27,2010-12-20,23
Carlos Delfino,Bucks,2010-12-27,2011-01-21,25
Carlos Delfino,Bucks,2012-03-30,2012-04-07,8
Carlos Delfino,Rockets,2012-11-27,2012-12-01,4
Carlos Delfino,Rockets,2013-04-03,2013-04-09,6
Carmelo Anthony,Knicks,2011-04-13,2012-01-16,278
Carmelo Anthony,Knicks,2012-01-14,2012-01-31,17
Carmelo Anthony,Knicks,2012-01-27,2013-03-11,409
Carmelo Anthony,Knicks,2013-03-06,2013-03-20,14
Carmelo Anthony,Knicks,2013-03-14,2013-04-20,37
Carmelo Anthony,Knicks,2013-04-15,2015-01-15,640
Carmelo Anthony,Knicks,2015-01-04,2015-02-09,36
Carmelo Anthony,Knicks,2015-02-07,2016-02-07,365
Carmelo Anthony,Knicks,2015-02-11,2016-12-17,675
Carmelo Anthony,Knicks,2016-02-05,2017-03-27,416
Carmelo Anthony,Knicks,2016-12-15,2017-04-04,110
Carmelo Anthony,Nuggets,2007-01-10,2007-01-12,2
Carmelo Anthony,Nuggets,2010-01-08,2010-01-11,3
Carmelo Anthony,Nuggets,2010-01-25,2010-02-09,15
Carmelo Anthony,Thunder,2018-02-08,2018-02-13,5
Carmelo Anthony,Thunder,2018-03-03,2018-03-06,3
Caron Butler,Bucks,2014-02-05,2014-02-18,13
Caron Butler,Clippers,2012-01-20,2012-01-22,2
Caron Butler,Clippers,2012-05-02,2012-05-05,3
Caron Butler,Kings,2015-11-25,2015-12-03,8
Caron Butler,Mavericks,2010-11-10,2010-11-17,7
Caron Butler,Pistons,2015-02-11,2015-02-20,9
Caron Butler,Wizards,2007-02-25,2007-03-02,5
Caron Butler,Wizards,2007-03-16,2007-03-28,12
Caron Butler,Wizards,2007-04-03,2009-11-03,945
Caron Butler,Wizards,2009-10-31,2010-02-05,97
Carrick Felix,Cavaliers,2013-10-30,2013-11-15,16
Carrick Felix,Cavaliers,2013-11-16,2013-11-22,6
Carrick Felix,Cavaliers,2013-11-30,2013-12-20,20
Carrick Felix,Cavaliers,2013-12-26,2013-12-28,2
Carrick Felix,Cavaliers,2013-12-31,2014-01-02,2
Carrick Felix,Cavaliers,2014-01-10,2014-04-16,96
Cartier Martin,Hawks,2013-12-23,2013-12-26,3
Cartier Martin,Pistons,2014-10-29,2014-11-17,19
Cartier Martin,Wizards,2011-01-05,2011-01-07,2
Cartier Martin,Wizards,2011-02-28,2011-03-05,5
Cartier Martin,Wizards,2011-03-18,2011-03-20,2
Cartier Martin,Wizards,2013-01-12,2013-02-27,46
Casey Jacobsen,Grizzlies,2008-01-10,2008-01-11,1
Casey Jacobsen,Grizzlies,2008-01-18,2008-01-19,1
Casey Jacobsen,Grizzlies,2008-01-21,2008-01-25,4
Cedi Osman,Cavaliers,2018-01-30,2018-01-31,1
Cedi Osman,Cavaliers,2018-03-11,2018-03-28,17
Cedric Simmons,Bulls,2008-02-25,2008-02-29,4
Cedric Simmons,Cavaliers,2007-11-21,2008-01-30,70
Cedric Simmons,Hornets,2007-02-13,2007-02-14,1
Cedric Simmons,Hornets,2007-04-04,2007-04-06,2
Cedric Simmons,Kings,2009-02-25,2009-02-27,2
Cedric Simmons,Kings,2009-03-13,2009-03-17,4
Chandler Parsons,Grizzlies,2016-10-26,2016-11-06,11
Chandler Parsons,Grizzlies,2017-12-02,2017-12-06,4
Chandler Parsons,Grizzlies,2017-12-20,2017-12-21,1
Chandler Parsons,Grizzlies,2017-12-26,2017-12-27,1
Chandler Parsons,Grizzlies,2017-12-30,2018-02-14,46
Chandler Parsons,Grizzlies,2018-03-02,2018-03-03,1
Chandler Parsons,Mavericks,2014-12-13,2014-12-16,3
Chandler Parsons,Mavericks,2015-02-22,2015-03-08,14
Chandler Parsons,Mavericks,2015-04-21,2015-11-01,194
Chandler Parsons,Mavericks,2015-10-28,2015-11-13,16
Chandler Parsons,Mavericks,2015-11-11,2015-11-16,5
Chandler Parsons,Mavericks,2015-11-14,2016-01-15,62
Chandler Parsons,Rockets,2013-04-01,2013-04-03,2
Channing Frye,Cavaliers,2018-01-23,2018-01-26,3
Channing Frye,Knicks,2006-11-28,2006-12-16,18
Channing Frye,Lakers,2018-03-01,2018-03-22,21
Channing Frye,Magic,2014-10-28,2014-10-30,2
Channing Frye,Suns,2011-03-08,2011-03-18,10
Charles Cooke,Pelicans,2017-10-30,2017-11-15,16
Charles Cooke,Pelicans,2017-11-22,2017-12-11,19
Charles Cooke,Pelicans,2017-12-30,2018-01-30,31
Charles Outlaw,Magic,2007-04-07,2007-04-09,2
Charles Outlaw,Magic,2007-04-26,2007-11-18,206
Charlie Bell,Bucks,2008-03-24,2008-12-13,264
Charlie Bell,Bucks,2008-12-03,2008-12-30,27
Charlie Bell,Bucks,2008-12-27,2009-01-16,20
Charlie Bell,Bucks,2009-01-12,2009-01-26,14
Charlie Bell,Warriors,2010-12-25,2010-12-29,4
Charlie Bell,Warriors,2011-01-05,2011-01-21,16
Charlie Bell,Warriors,2011-01-24,2011-02-03,10
Charlie Bell,Warriors,2011-02-27,2011-03-18,19
Charlie Villanueva,Bucks,2006-11-15,2006-12-08,23
Charlie Villanueva,Bucks,2006-12-16,2006-12-20,4
Charlie Villanueva,Bucks,2007-01-03,2007-01-26,23
Charlie Villanueva,Bucks,2007-03-25,2007-12-22,272
Charlie Villanueva,Bucks,2007-12-19,2008-02-20,63
Charlie Villanueva,Bucks,2008-02-13,2008-11-21,282
Charlie Villanueva,Mavericks,2014-11-22,2014-11-24,2
Charlie Villanueva,Pistons,2010-02-05,2010-02-06,1
Charlie Villanueva,Pistons,2011-01-22,2011-01-26,4
Charlie Villanueva,Pistons,2011-04-05,2011-04-06,1
Charlie Villanueva,Pistons,2012-01-20,2012-03-10,50
Chase Budinger,Rockets,2009-11-04,2009-11-06,2
Chase Budinger,Rockets,2009-12-23,2009-12-29,6
Chase Budinger,Rockets,2011-03-23,2011-03-27,4
Chase Budinger,Timberwolves,2012-11-21,2013-03-21,120
Chase Budinger,Timberwolves,2013-10-30,2014-01-08,70
Chasson Randle,Knicks,2017-04-06,2017-04-07,1
Chauncey Billups,Clippers,2012-02-08,2012-11-28,294
Chauncey Billups,Clippers,2012-10-31,2013-02-08,100
Chauncey Billups,Clippers,2012-12-05,2013-03-27,112
Chauncey Billups,Clippers,2013-03-23,2013-04-16,24
Chauncey Billups,Knicks,2011-03-02,2011-03-13,11
Chauncey Billups,Knicks,2011-04-19,2011-04-24,5
Chauncey Billups,Nuggets,2008-11-05,2008-11-07,2
Chauncey Billups,Nuggets,2009-12-18,2009-12-25,7
Chauncey Billups,Nuggets,2009-12-27,2010-01-08,12
Chauncey Billups,Nuggets,2010-11-22,2010-11-28,6
Chauncey Billups,Nuggets,2011-02-09,2011-02-10,1
Chauncey Billups,Pistons,2006-12-31,2007-01-17,17
Chauncey Billups,Pistons,2007-03-16,2007-03-21,5
Chauncey Billups,Pistons,2007-04-13,2007-04-14,1
Chauncey Billups,Pistons,2007-04-18,2007-11-18,214
Chauncey Billups,Pistons,2007-11-14,2007-11-21,7
Chauncey Billups,Pistons,2008-04-01,2008-04-04,3
Chauncey Billups,Pistons,2008-05-10,2008-05-20,10
Chauncey Billups,Pistons,2013-11-15,2013-12-10,25
Chauncey Billups,Pistons,2013-12-11,2013-12-13,2
Chauncey Billups,Pistons,2013-12-16,2013-12-18,2
Chauncey Billups,Pistons,2013-12-21,2013-12-23,2
Chauncey Billups,Pistons,2014-01-18,2014-02-01,14
Cheick Diallo,Pelicans,2017-01-07,2017-01-09,2
Cheick Diallo,Pelicans,2017-01-16,2017-01-20,4
Cheick Diallo,Pelicans,2017-01-25,2017-02-15,21
Cheick Diallo,Pelicans,2017-03-11,2017-03-17,6
Cheikh Samb,Pistons,2007-11-01,2007-11-14,13
Cheikh Samb,Pistons,2007-11-21,2007-11-23,2
Cheikh Samb,Pistons,2007-11-28,2008-04-01,125
Cheikh Samb,Pistons,2008-04-04,2008-04-06,2
Chinanu Onuaku,Rockets,2016-10-26,2016-11-03,8
Chinanu Onuaku,Rockets,2016-10-28,2016-11-11,14
Chinanu Onuaku,Rockets,2016-11-01,2016-11-14,13
Chinanu Onuaku,Rockets,2016-11-05,2016-11-23,18
Chinanu Onuaku,Rockets,2016-11-09,2016-11-27,18
Chinanu Onuaku,Rockets,2016-11-13,2016-12-13,30
Chinanu Onuaku,Rockets,2016-11-16,2016-12-16,30
Chinanu Onuaku,Rockets,2016-11-25,2016-12-20,25
Chinanu Onuaku,Rockets,2016-12-02,2017-01-05,34
Chinanu Onuaku,Rockets,2016-12-14,2017-03-30,106
Chinanu Onuaku,Rockets,2016-12-22,2017-04-07,106
Chinanu Onuaku,Rockets,2016-12-27,2017-05-09,133
Chinanu Onuaku,Rockets,2017-01-15,2017-12-25,344
Chinanu Onuaku,Rockets,2017-04-05,2018-01-04,274
Chinanu Onuaku,Rockets,2017-04-12,2018-01-23,286
Chinanu Onuaku,Rockets,2017-04-16,2018-04-11,360
Chris Andersen,Heat,2013-12-30,2014-01-02,3
Chris Andersen,Heat,2014-01-15,2014-01-20,5
Chris Andersen,Heat,2014-05-26,2014-05-30,4
Chris Andersen,Heat,2014-11-02,2014-11-12,10
Chris Andersen,Heat,2014-11-25,2014-12-14,19
Chris Andersen,Heat,2015-02-28,2015-03-02,2
Chris Andersen,Heat,2015-10-30,2015-11-03,4
Chris Andersen,Hornets,2008-03-05,2008-03-07,2
Chris Andersen,Hornets,2008-03-12,2008-03-16,4
Chris Andersen,Hornets,2008-03-19,2008-03-25,6
Chris Andersen,Hornets,2008-04-09,2017-02-13,3232
Chris Andersen,Nuggets,2008-11-11,2008-11-26,15
Chris Andersen,Nuggets,2009-11-20,2009-11-21,1
Chris Andersen,Nuggets,2010-10-27,2010-11-22,26
Chris Andersen,Nuggets,2010-12-05,2010-12-22,17
Chris Andersen,Nuggets,2011-01-09,2011-01-11,2
Chris Andersen,Nuggets,2011-01-13,2011-01-30,17
Chris Andersen,Nuggets,2011-01-31,2011-02-02,2
Chris Andersen,Nuggets,2011-04-03,2011-04-11,8
Chris Bosh,Heat,2011-01-18,2011-01-30,12
Chris Bosh,Heat,2012-05-15,2012-06-05,21
Chris Bosh,Heat,2012-12-22,2012-12-25,3
Chris Bosh,Heat,2013-02-06,2013-02-10,4
Chris Bosh,Heat,2013-04-10,2013-04-12,2
Chris Bosh,Heat,2014-04-14,2014-12-29,259
Chris Bosh,Raptors,2006-12-10,2007-01-03,24
Chris Bosh,Raptors,2007-11-30,2007-12-09,9
Chris Bosh,Raptors,2008-03-02,2008-03-19,17
Chris Bosh,Raptors,2010-02-19,2010-03-07,16
Chris Boucher,Warriors,2017-10-17,2018-03-14,148
Chris Copeland,Knicks,2013-03-03,2013-03-06,3
Chris Douglas-Roberts,Bucks,2010-10-27,2010-11-27,31
Chris Douglas-Roberts,Bucks,2011-02-11,2011-02-14,3
Chris Douglas-Roberts,Bucks,2011-03-28,2011-04-01,4
Chris Douglas-Roberts,Clippers,2014-11-10,2014-12-13,33
Chris Douglas-Roberts,Clippers,2014-12-29,2015-01-05,7
Chris Douglas-Roberts,Clippers,2015-01-07,2015-01-10,3
Chris Douglas-Roberts,Nets,2008-11-07,2008-11-30,23
Chris Douglas-Roberts,Nets,2008-12-19,2008-12-20,1
Chris Douglas-Roberts,Nets,2009-12-13,2009-12-18,5
Chris Douglas-Roberts,Nets,2009-12-23,2009-12-30,7
Chris Douglas-Roberts,Nets,2010-03-31,2010-04-03,3
Chris Duhon,Bulls,2006-12-16,2006-12-19,3
Chris Duhon,Bulls,2007-01-15,2007-01-17,2
Chris Duhon,Bulls,2008-01-21,2008-01-25,4
Chris Duhon,Bulls,2008-03-11,2008-03-17,6
Chris Johnson (b. 1985-07-15),Blazers,2012-03-05,2012-03-09,4
Chris Johnson (b. 1985-07-15),Hornets,2012-04-13,2012-04-18,5
Chris Kaman,Blazers,2015-02-05,2015-02-07,2
Chris Kaman,Blazers,2015-02-11,2015-02-20,9
Chris Kaman,Blazers,2015-11-28,2015-12-03,5
Chris Kaman,Blazers,2015-12-18,2015-12-20,2
Chris Kaman,Blazers,2016-03-28,2016-04-02,5
Chris Kaman,Clippers,2006-11-25,2006-12-02,7
Chris Kaman,Clippers,2006-12-11,2006-12-13,2
Chris Kaman,Clippers,2007-02-24,2007-02-26,2
Chris Kaman,Clippers,2008-04-02,2009-03-10,342
Chris Kaman,Clippers,2008-11-29,2010-01-18,415
Chris Kaman,Clippers,2010-01-12,2010-02-02,21
Chris Kaman,Clippers,2010-01-29,2010-12-02,307
Chris Kaman,Clippers,2010-11-12,2011-02-16,96
Chris Kaman,Clippers,2010-12-06,2011-04-05,120
Chris Kaman,Hornets,2012-01-25,2012-02-06,12
Chris Kaman,Mavericks,2012-10-30,2012-11-03,4
Chris Kaman,Mavericks,2013-01-29,2013-02-24,26
Chris McCullough,Nets,2015-10-30,2016-02-05,98
Chris McCullough,Nets,2016-11-12,2016-11-14,2
Chris McCullough,Nets,2016-12-07,2016-12-23,16
Chris McCullough,Nets,2016-12-26,2017-01-10,15
Chris McCullough,Nets,2017-01-12,2017-01-13,1
Chris McCullough,Nets,2017-01-17,2017-01-23,6
Chris McCullough,Nets,2017-02-01,2017-02-07,6
Chris McCullough,Wizards,2017-02-24,2017-03-01,5
Chris McCullough,Wizards,2017-03-03,2017-04-06,34
Chris McCullough,Wizards,2018-01-03,2018-01-17,14
Chris McCullough,Wizards,2018-03-21,2018-04-11,21
Chris McCullough,Wizards,2018-04-14,2018-04-27,13
Chris Mihm,Lakers,2007-11-01,2007-11-04,3
Chris Mihm,Lakers,2007-12-30,2008-03-28,89
Chris Mihm,Lakers,2008-11-28,2008-12-02,4
Chris Paul,Clippers,2012-01-22,2012-01-25,3
Chris Paul,Clippers,2014-01-06,2014-02-09,34
Chris Paul,Clippers,2015-05-04,2015-05-08,4
Chris Paul,Clippers,2015-12-02,2015-12-07,5
Chris Paul,Clippers,2016-04-27,2017-02-24,303
Chris Paul,Hornets,2007-01-04,2007-01-31,27
Chris Paul,Hornets,2007-11-17,2007-11-21,4
Chris Paul,Hornets,2009-11-14,2009-12-04,20
Chris Paul,Hornets,2010-02-05,2010-03-22,45
Chris Paul,Hornets,2011-03-09,2011-03-12,3
Chris Paul,Rockets,2017-10-21,2017-11-16,26
Chris Quinn,Heat,2006-11-25,2006-12-08,13
Chris Quinn,Heat,2006-12-16,2006-12-23,7
Chris Quinn,Heat,2007-04-20,2007-11-17,211
Chris Quinn,Heat,2007-11-14,2007-11-24,10
Chris Quinn,Heat,2007-11-21,2008-01-02,42
Chris Quinn,Heat,2007-12-22,2008-11-01,315
Chris Quinn,Heat,2008-10-31,2008-12-12,42
Chris Quinn,Heat,2008-12-06,2009-03-15,99
Chris Quinn,Heat,2009-03-11,2009-04-01,21
Chris Quinn,Heat,2009-03-30,2009-12-04,249
Chris Quinn,Nets,2010-02-21,2010-02-28,7
Chris Quinn,Spurs,2011-03-04,2011-03-28,24
Chris Quinn,Spurs,2011-03-31,2011-04-12,12
Chris Richard,Timberwolves,2008-01-12,2008-01-18,6
Chris Singleton,Wizards,2013-10-30,2013-11-26,27
Chris Singleton,Wizards,2014-04-09,2014-04-12,3
Chris Smith (b. 1987-10-13),Knicks,2013-10-30,2013-11-16,17
Chris Webber,76ers,2006-11-18,2006-12-02,14
Chris Webber,76ers,2006-12-15,2006-12-23,8
Chris Webber,Warriors,2008-01-29,2008-02-07,9
Chris Webber,Warriors,2008-02-13,2008-02-19,6
Chris Wilcox,Celtics,2011-12-30,2012-01-02,3
Chris Wilcox,Celtics,2012-01-16,2012-01-26,10
Chris Wilcox,Celtics,2012-03-11,2012-03-23,12
Chris Wilcox,Celtics,2013-01-02,2013-01-16,14
Chris Wilcox,Pistons,2010-02-24,2010-03-07,11
Chris Wilcox,Pistons,2010-03-19,2010-03-23,4
Chris Wilcox,Pistons,2010-03-26,2010-11-14,233
Chris Wilcox,Pistons,2010-10-27,2011-01-08,73
Chris Wilcox,Thunder,2008-11-10,2008-11-17,7
Chris Wilcox,Thunder,2008-12-13,2008-12-16,3
Chris Wright,Clippers,2011-12-25,2011-12-28,3
Christian Eyenga,Cavaliers,2010-10-27,2011-01-02,67
Christian Eyenga,Cavaliers,2012-01-04,2012-01-24,20
Christian Eyenga,Cavaliers,2012-02-28,2012-03-06,7
Christian Eyenga,Lakers,2012-03-16,2012-04-26,41
Christian Wood,76ers,2015-12-11,2015-12-14,3
Christian Wood,Hornets,2016-11-18,2016-11-21,3
Christian Wood,Hornets,2016-11-25,2016-11-26,1
Christian Wood,Hornets,2016-11-28,2017-01-02,35
Christian Wood,Hornets,2017-01-07,2017-01-20,13
Chuck Hayes,Raptors,2013-12-13,2013-12-18,5
Chuck Hayes,Rockets,2006-11-14,2006-11-22,8
Chuck Hayes,Rockets,2010-12-31,2011-01-14,14
Chucky Atkins,Nuggets,2007-10-29,2007-12-20,52
Chucky Atkins,Nuggets,2008-01-11,2008-02-29,49
Chucky Atkins,Nuggets,2008-10-29,2008-11-05,7
Chucky Atkins,Pistons,2009-10-28,2009-10-30,2
Chucky Atkins,Pistons,2009-12-27,2009-12-29,2
Chucky Atkins,Pistons,2010-02-02,2010-02-26,24
Chucky Atkins,Pistons,2010-03-02,2010-03-03,1
Chucky Atkins,Pistons,2010-03-19,2010-03-21,2
Chucky Atkins,Pistons,2010-03-23,2010-03-26,3
Cleanthony Early,Knicks,2014-11-22,2015-01-02,41
Cleanthony Early,Knicks,2015-01-15,2015-01-23,8
Cleanthony Early,Knicks,2015-02-06,2015-02-07,1
Cleanthony Early,Knicks,2015-02-09,2015-02-11,2
Cleanthony Early,Knicks,2015-11-11,2015-11-29,18
Cleanthony Early,Knicks,2015-12-04,2015-12-21,17
Cleanthony Early,Knicks,2015-12-26,2015-12-27,1
Cleanthony Early,Knicks,2016-01-01,2016-03-07,66
Cliff Alexander,Blazers,2015-10-28,2015-11-08,11
Cliff Alexander,Blazers,2015-11-11,2015-11-13,2
Cliff Alexander,Blazers,2015-12-03,2015-12-21,18
Cliff Alexander,Blazers,2015-12-23,2015-12-27,4
Cliff Alexander,Blazers,2015-12-30,2016-02-04,36
Cliff Alexander,Blazers,2016-02-19,2016-03-23,33
Clifford Robinson (R.),Nets,2006-11-24,2007-01-05,42
Clifford Robinson (R.),Nets,2007-03-09,2007-03-15,6
Clifford Robinson (R.),Nets,2007-03-16,2007-03-23,7
Clint Capela,Rockets,2014-10-28,2014-11-04,7
Clint Capela,Rockets,2014-11-12,2014-12-03,21
Clint Capela,Rockets,2014-12-18,2015-01-25,38
Clint Capela,Rockets,2015-01-31,2015-02-10,10
Clint Capela,Rockets,2015-02-25,2015-03-27,30
Clint Capela,Rockets,2016-12-20,2017-01-15,26
Coby Karl,Cavaliers,2009-10-31,2009-11-11,11
Coby Karl,Cavaliers,2009-11-20,2009-12-06,16
Coby Karl,Cavaliers,2009-12-08,2009-12-11,3
Coby Karl,Lakers,2007-11-01,2007-11-06,5
Coby Karl,Lakers,2007-11-09,2007-11-20,11
Coby Karl,Lakers,2007-11-25,2007-12-25,30
Coby Karl,Lakers,2007-12-28,2008-01-04,7
Coby Karl,Lakers,2008-04-02,2008-04-23,21
Cody Zeller,Hornets,2015-03-11,2015-03-20,9
Cody Zeller,Hornets,2015-03-22,2015-11-15,238
Cody Zeller,Hornets,2015-11-13,2016-02-03,82
Cody Zeller,Hornets,2016-01-29,2016-04-13,75
Cody Zeller,Hornets,2016-04-11,2016-11-25,228
Cody Zeller,Hornets,2016-11-21,2017-01-07,47
Cody Zeller,Hornets,2017-01-02,2017-02-09,38
Cody Zeller,Hornets,2017-01-25,2017-02-28,34
Cody Zeller,Hornets,2017-02-11,2018-02-02,356
Cody Zeller,Hornets,2017-10-20,2018-03-04,135
Cole Aldrich,Kings,2013-02-24,2013-03-03,7
Cole Aldrich,Knicks,2013-10-31,2013-11-08,8
Cole Aldrich,Rockets,2012-11-27,2012-12-01,4
Cole Aldrich,Thunder,2010-11-17,2010-12-17,30
Cole Aldrich,Thunder,2010-12-25,2011-02-02,39
Cole Aldrich,Thunder,2011-02-04,2011-02-21,17
Cole Aldrich,Timberwolves,2018-03-26,2018-04-01,6
Corey Brewer,Mavericks,2011-03-24,2011-04-02,9
Corey Brewer,Mavericks,2011-04-28,2011-05-02,4
Corey Brewer,Timberwolves,2008-03-05,2008-03-07,2
Corey Brewer,Timberwolves,2008-12-01,2014-02-07,1894
Corey Maggette,Bobcats,2012-01-28,2012-02-10,13
Corey Maggette,Bobcats,2012-03-19,2012-03-23,4
Corey Maggette,Bobcats,2012-03-31,2012-04-07,7
Corey Maggette,Bucks,2010-12-20,2010-12-27,7
Corey Maggette,Bucks,2011-02-14,2011-02-16,2
Corey Maggette,Bucks,2011-03-08,2011-03-13,5
Corey Maggette,Clippers,2006-12-13,2006-12-15,2
Corey Maggette,Clippers,2007-01-06,2007-01-10,4
Corey Maggette,Clippers,2007-02-07,2007-02-11,4
Corey Maggette,Clippers,2007-03-31,2007-04-04,4
Corey Maggette,Clippers,2007-11-21,2007-11-26,5
Corey Maggette,Pistons,2012-10-31,2012-11-14,14
Corey Maggette,Pistons,2012-12-21,2012-12-26,5
Corey Maggette,Pistons,2013-01-06,2013-01-17,11
Corey Maggette,Pistons,2013-02-04,2013-02-08,4
Corey Maggette,Warriors,2008-11-05,2008-11-13,8
Corey Maggette,Warriors,2008-12-12,2009-01-05,24
Corey Maggette,Warriors,2009-03-13,2009-03-15,2
Corliss Williamson,Kings,2007-01-09,2007-01-12,3
Corliss Williamson,Kings,2007-04-01,2007-04-04,3
Cory Higgins,Bobcats,2012-02-29,2012-03-04,4
Cory Higgins,Bobcats,2012-03-06,2012-03-09,3
Cory Higgins,Bobcats,2012-03-14,2012-03-17,3
Cory Higgins,Bobcats,2012-03-28,2012-03-30,2
Cory Jefferson,Nets,2014-11-03,2014-11-09,6
Cory Jefferson,Nets,2014-12-26,2014-12-30,4
Cory Jefferson,Nets,2015-01-02,2015-01-09,7
Cory Jefferson,Suns,2015-10-28,2015-11-02,5
Cory Jefferson,Suns,2015-11-04,2015-11-14,10
Cory Jefferson,Suns,2015-11-20,2015-11-23,3
Cory Jefferson,Suns,2015-11-27,2015-11-29,2
Cory Jefferson,Suns,2015-12-13,2015-12-26,13
Cory Joseph,Spurs,2012-01-04,2012-01-11,7
Cory Joseph,Spurs,2012-03-04,2012-04-25,52
Cory Joseph,Spurs,2012-03-23,2012-11-09,231
Cory Joseph,Spurs,2012-04-29,2012-11-21,206
Cory Joseph,Spurs,2012-11-03,2012-12-05,32
Cory Joseph,Spurs,2012-11-13,2013-01-16,64
Cory Joseph,Spurs,2012-12-01,2013-03-01,90
Cory Joseph,Spurs,2012-12-21,2013-12-25,369
Courtney Lee,Grizzlies,2014-11-01,2014-11-05,4
Courtney Lee,Grizzlies,2015-03-21,2015-03-25,4
Courtney Lee,Knicks,2016-12-02,2016-12-06,4
Courtney Lee,Knicks,2016-12-28,2016-12-30,2
Courtney Lee,Magic,2009-04-30,2009-05-08,8
Courtney Lee,Nets,2010-01-27,2010-01-29,2
Courtney Lee,Rockets,2011-02-16,2011-02-21,5
Courtney Lee,Rockets,2012-01-04,2012-01-17,13
Courtney Sims,Pacers,2007-11-01,2007-11-14,13
Courtney Sims,Pacers,2007-11-16,2007-11-20,4
Courtney Sims,Suns,2009-01-21,2009-02-20,30
Craig Brackins,76ers,2010-10-27,2010-11-10,14
Craig Brackins,76ers,2010-11-12,2010-11-24,12
Craig Brackins,76ers,2010-11-27,2010-12-22,25
Craig Brackins,76ers,2011-01-14,2011-03-06,51
Craig Brackins,76ers,2011-03-14,2011-03-19,5
Craig Brackins,76ers,2011-04-16,2012-03-02,321
Craig Brackins,76ers,2012-02-07,2012-03-21,43
Craig Brackins,76ers,2012-03-17,2012-03-27,10
Craig Claxton,Hawks,2006-12-06,2006-12-08,2
Craig Claxton,Hawks,2006-12-23,2006-12-27,4
Craig Claxton,Hawks,2007-01-12,2007-02-02,21
Craig Claxton,Hawks,2007-01-15,2009-04-14,820
Craig Smith,Clippers,2010-03-01,2010-03-05,4
Craig Smith,Clippers,2010-03-15,2010-03-17,2
Craig Smith,Clippers,2010-10-27,2010-10-31,4
Craig Smith,Clippers,2010-12-22,2011-02-23,63
Craig Smith,Timberwolves,2007-11-14,2007-11-16,2
Craig Smith,Timberwolves,2009-02-04,2009-02-17,13
Craig Smith,Timberwolves,2009-03-29,2009-04-07,9
Cristiano Felicio,Bulls,2015-10-27,2015-10-30,3
Cristiano Felicio,Bulls,2015-11-13,2015-11-18,5
Cristiano Felicio,Bulls,2015-12-07,2015-12-19,12
Cristiano Felicio,Bulls,2015-12-21,2015-12-25,4
Cristiano Felicio,Bulls,2016-01-11,2016-01-14,3
Cristiano Felicio,Bulls,2016-01-15,2016-01-18,3
Cristiano Felicio,Bulls,2017-02-06,2017-02-08,2
Cristiano Felicio,Bulls,2017-03-22,2017-03-30,8
Cristiano Felicio,Bulls,2018-03-29,2018-03-30,1
Cuttino Mobley,Clippers,2007-02-20,2007-02-24,4
Cuttino Mobley,Clippers,2007-04-17,2007-11-14,211
D'Angelo Russell,Lakers,2016-01-04,2016-01-07,3
D'Angelo Russell,Lakers,2016-11-18,2016-11-20,2
D'Angelo Russell,Lakers,2016-11-22,2016-12-11,19
D'Angelo Russell,Lakers,2016-12-17,2016-12-20,3
D'Angelo Russell,Lakers,2017-01-22,2017-01-31,9
D'Angelo Russell,Lakers,2017-04-05,2017-04-07,2
D'Angelo Russell,Nets,2017-10-25,2017-10-27,2
D'Angelo Russell,Nets,2017-11-14,2018-01-19,66
D'Angelo Russell,Nets,2018-01-27,2018-01-30,3
D.J. Augustine,Bobcats,2009-01-13,2009-02-06,24
D.J. Augustine,Bobcats,2012-01-31,2012-02-15,15
D.J. Augustine,Magic,2017-11-08,2017-11-18,10
D.J. White,Thunder,2008-10-29,2009-04-08,161
D.J. White,Thunder,2009-12-28,2010-01-18,21
D.J. White,Thunder,2010-01-22,2010-03-02,39
D.J. White,Thunder,2010-03-03,2010-03-10,7
D.J. Wilson,Bucks,2017-11-25,2017-11-28,3
D.J. Wilson,Bucks,2017-12-19,2017-12-23,4
D.J. Wilson,Bucks,2018-02-04,2018-02-13,9
D.J. Wilson,Bucks,2018-03-21,2018-03-23,2
D.J. Wilson,Bucks,2018-04-11,2018-04-15,4
DaJuan Summers,Hornets,2011-12-26,2012-01-09,14
DaJuan Summers,Pistons,2009-10-28,2009-11-03,6
DaJuan Summers,Pistons,2009-12-27,2010-01-11,15
DaJuan Summers,Pistons,2010-01-29,2010-02-05,7
DaJuan Summers,Pistons,2010-02-06,2010-02-24,18
DaJuan Summers,Pistons,2010-11-14,2010-12-07,23
DaJuan Summers,Pistons,2010-12-08,2010-12-17,9
DaJuan Summers,Pistons,2010-12-22,2010-12-29,7
DaJuan Summers,Pistons,2011-01-08,2011-01-12,4
DaJuan Summers,Pistons,2011-02-08,2011-02-13,5
DaJuan Summers,Pistons,2011-03-11,2011-03-18,7
DaJuan Summers,Pistons,2011-03-20,2011-03-23,3
DaJuan Summers,Pistons,2011-04-03,2011-04-05,2
Daequan Cook,Heat,2007-11-24,2007-11-27,3
Daequan Cook,Thunder,2010-11-14,2010-11-19,5
Daequan Cook,Thunder,2010-11-22,2011-01-22,61
Daequan Cook,Thunder,2012-03-21,2012-04-02,12
Dahntay Jones,Kings,2008-01-16,2008-01-18,2
Dahntay Jones,Pacers,2010-10-27,2010-10-30,3
Dahntay Jones,Pacers,2010-11-20,2010-11-22,2
Dahntay Jones,Pacers,2010-11-23,2010-11-28,5
Dahntay Jones,Pacers,2010-12-08,2010-12-11,3
Dakari Johnson,Thunder,2017-12-03,2017-12-05,2
Damian Jones,Warriors,2016-10-25,2016-10-28,3
Damian Jones,Warriors,2017-01-06,2017-01-22,16
Damian Jones,Warriors,2017-01-25,2017-01-29,4
Damian Jones,Warriors,2017-02-23,2017-03-11,16
Damian Jones,Warriors,2017-03-14,2017-04-12,29
Damian Jones,Warriors,2017-05-02,2017-05-16,14
Damian Jones,Warriors,2017-06-01,2017-12-18,200
Damian Jones,Warriors,2017-10-17,2018-01-27,102
Damian Jones,Warriors,2017-12-22,2018-02-02,42
Damian Jones,Warriors,2018-01-30,2018-03-09,38
Damian Jones,Warriors,2018-02-06,2018-03-25,47
Damian Lillard,Blazers,2015-12-21,2016-01-04,14
Damian Lillard,Blazers,2016-12-26,2017-01-05,10
Damien Inglis,Bucks,2014-10-29,2014-12-13,45
Damien Inglis,Bucks,2014-12-26,2015-12-05,344
Damien Inglis,Bucks,2015-11-19,2016-01-05,47
Damien Inglis,Bucks,2015-12-28,2016-03-02,65
Damien Wilkins,Hawks,2011-04-24,2011-04-26,2
Damien Wilkins,Thunder,2009-04-05,2009-04-07,2
Damien Wilkins,Timberwolves,2010-03-31,2010-04-03,3
Damion James,Nets,2010-11-15,2010-11-23,8
Damion James,Nets,2010-12-12,2011-02-25,75
Damion James,Nets,2011-03-09,2011-03-17,8
Damion James,Nets,2011-03-25,2011-03-26,1
Damion James,Nets,2011-03-30,2011-04-06,7
Damion James,Spurs,2014-04-06,2014-04-08,2
Damion James,Spurs,2014-04-10,2014-04-11,1
Damjan Rudez,Timberwolves,2015-12-23,2015-12-31,8
Damjan Rudez,Timberwolves,2016-01-02,2016-01-12,10
Damjan Rudez,Timberwolves,2016-01-17,2016-01-19,2
Damjan Rudez,Timberwolves,2016-01-23,2016-01-25,2
Damon Jones,Bucks,2008-10-28,2009-01-05,69
Damon Jones,Bucks,2009-01-09,2009-01-23,14
Damon Jones,Bucks,2009-01-30,2009-02-03,4
Damon Jones,Bucks,2009-02-20,2009-02-28,8
Damon Jones,Cavaliers,2007-02-21,2007-02-25,4
Damon Jones,Cavaliers,2007-03-05,2007-03-13,8
Damon Jones,Cavaliers,2007-03-23,2007-03-31,8
Damon Stoudamire,Grizzlies,2007-02-13,2007-02-14,1
Damon Stoudamire,Grizzlies,2007-03-19,2007-03-24,5
Damon Stoudamire,Grizzlies,2007-03-26,2008-01-10,290
Damon Stoudamire,Spurs,2008-04-19,2008-04-25,6
Damon Stoudamire,Spurs,2008-05-15,2008-05-23,8
Damyean Dotson,Knicks,2017-12-22,2017-12-27,5
Damyean Dotson,Knicks,2017-12-28,2018-01-02,5
Damyean Dotson,Knicks,2018-01-12,2018-01-25,13
Dan Dickau,Blazers,2006-12-20,2007-01-06,17
Dan Gadzuric,Bucks,2007-02-08,2007-03-25,45
Dan Gadzuric,Bucks,2008-11-21,2008-11-24,3
Dan Gadzuric,Bucks,2008-12-13,2008-12-15,2
Dan Gadzuric,Bucks,2009-12-18,2010-01-11,24
Dan Gadzuric,Bucks,2010-01-20,2010-01-23,3
Dan Gadzuric,Bucks,2010-02-20,2010-02-22,2
Dan Gadzuric,Bucks,2010-02-24,2010-02-28,4
Dan Gadzuric,Bucks,2010-03-03,2010-03-09,6
Dan Gadzuric,Nets,2011-02-28,2011-03-04,4
Dan Gadzuric,Nets,2011-03-17,2011-03-20,3
Dan Gadzuric,Warriors,2010-11-10,2010-11-11,1
Dan Gadzuric,Warriors,2010-12-25,2011-01-03,9
Daniel Gibson,Cavaliers,2008-12-10,2008-12-21,11
Daniel Gibson,Cavaliers,2009-12-11,2009-12-15,4
Daniel Gibson,Cavaliers,2010-03-01,2010-03-08,7
Daniel Gibson,Cavaliers,2010-12-26,2010-12-28,2
Daniel Gibson,Cavaliers,2011-01-02,2011-01-05,3
Daniel Gibson,Cavaliers,2011-01-07,2011-01-14,7
Daniel Gibson,Cavaliers,2011-03-04,2011-03-08,4
Daniel Gibson,Cavaliers,2012-01-29,2012-02-08,10
Daniel Gibson,Cavaliers,2012-02-17,2013-01-13,331
Daniel Hamilton,Thunder,2017-10-19,2017-11-15,27
Daniel Hamilton,Thunder,2017-11-17,2018-01-03,47
Daniel Hamilton,Thunder,2018-01-07,2018-02-08,32
Daniel Hamilton,Thunder,2018-02-13,2018-03-10,25
Daniel Ochefu,Wizards,2016-11-26,2016-11-28,2
Daniel Ochefu,Wizards,2017-02-10,2017-02-24,14
Daniel Ochefu,Wizards,2017-03-03,2017-03-11,8
Daniel Ochefu,Wizards,2017-03-13,2017-03-15,2
Daniel Ochefu,Wizards,2017-03-20,2017-03-24,4
Daniel Ochefu,Wizards,2017-03-28,2017-03-29,1
Daniel Ochefu,Wizards,2017-03-31,2017-04-02,2
Daniel Orton,Magic,2010-10-28,2011-12-30,428
Daniel Orton,Magic,2011-04-16,2012-01-06,265
Daniel Orton,Magic,2011-12-25,2012-01-18,24
Daniel Orton,Magic,2012-01-01,2012-01-26,25
Daniel Orton,Magic,2012-01-12,2012-02-17,36
Daniel Orton,Magic,2012-01-23,2012-02-22,30
Daniel Orton,Magic,2012-02-08,2012-03-23,44
Daniel Orton,Magic,2012-02-19,2012-03-30,40
Daniel Orton,Thunder,2012-11-01,2012-11-09,8
Daniel Orton,Thunder,2012-11-12,2012-12-07,25
Daniel Orton,Thunder,2012-12-14,2012-12-19,5
Daniel Orton,Thunder,2012-12-25,2013-01-13,19
Daniel Orton,Thunder,2013-01-16,2013-02-04,19
Daniel Orton,Thunder,2013-02-27,2013-03-01,2
Daniel Orton,Thunder,2013-03-05,2013-03-20,15
Daniel Orton,Thunder,2013-03-24,2013-04-05,12
Daniel Orton,Thunder,2013-04-07,2013-04-09,2
Daniel Orton,Thunder,2013-04-21,2013-05-01,10
Danilo Gallinari,Clippers,2017-11-17,2017-12-06,19
Danilo Gallinari,Clippers,2017-12-11,2018-01-30,50
Danilo Gallinari,Clippers,2018-03-09,2018-03-30,21
Danilo Gallinari,Knicks,2008-11-11,2008-11-22,11
Danilo Gallinari,Knicks,2009-01-08,2009-01-17,9
Danilo Gallinari,Knicks,2011-01-04,2011-01-17,13
Danilo Gallinari,Nuggets,2011-02-28,2011-03-18,18
Danilo Gallinari,Nuggets,2012-02-11,2012-04-09,58
Danilo Gallinari,Nuggets,2012-02-14,2013-03-01,381
Danilo Gallinari,Nuggets,2012-03-28,2013-11-13,595
Danilo Gallinari,Nuggets,2013-02-25,2014-12-13,656
Danilo Gallinari,Nuggets,2013-04-06,2014-12-17,620
Danilo Gallinari,Nuggets,2013-10-30,2015-01-23,450
Danilo Gallinari,Nuggets,2014-12-10,2016-01-02,388
Danilo Gallinari,Nuggets,2014-12-22,2017-02-23,794
Danilo Gallinari,Nuggets,2015-12-22,2017-03-24,458
Danny Fortson,Sonics,2006-11-17,2006-12-23,36
Danny Fortson,Sonics,2006-12-28,2006-12-31,3
Danny Fortson,Sonics,2007-01-06,2007-01-10,4
Danny Fortson,Sonics,2007-02-24,2007-03-06,10
Danny Fortson,Sonics,2007-03-16,2007-03-21,5
Danny Granger,Clippers,2014-03-01,2014-03-04,3
Danny Granger,Heat,2014-11-01,2014-11-02,1
Danny Granger,Heat,2014-11-05,2014-11-08,3
Danny Granger,Pacers,2008-03-19,2008-03-21,2
Danny Granger,Pacers,2009-01-28,2009-01-30,2
Danny Granger,Pacers,2009-02-20,2009-03-15,23
Danny Granger,Pacers,2009-11-25,2009-11-27,2
Danny Granger,Pacers,2009-12-09,2010-01-08,30
Danny Granger,Pacers,2010-12-13,2010-12-15,2
Danny Granger,Pacers,2011-03-13,2011-03-15,2
Danny Granger,Pacers,2011-04-13,2013-02-23,682
Danny Granger,Pacers,2012-04-23,2013-12-20,606
Danny Green,Cavaliers,2009-10-27,2009-11-05,9
Danny Green,Cavaliers,2009-11-28,2009-12-02,4
Danny Green,Cavaliers,2009-12-09,2009-12-20,11
Danny Green,Cavaliers,2009-12-23,2010-01-06,14
Danny Green,Cavaliers,2010-02-19,2010-03-01,10
Danny Green,Cavaliers,2010-03-14,2010-03-16,2
Danny Green,Cavaliers,2010-03-17,2010-03-28,11
Danny Green,Spurs,2011-03-18,2011-03-19,1
Danny Green,Spurs,2011-03-31,2011-04-05,5
Danny Green,Spurs,2014-01-15,2014-02-03,19
Danny Green,Spurs,2014-04-14,2014-04-16,2
Danny Green,Spurs,2016-10-25,2016-11-09,15
Danny Green,Spurs,2016-11-11,2016-11-12,1
Danny Green,Spurs,2017-03-25,2017-03-27,2
Danny Green,Spurs,2017-04-02,2017-04-10,8
Danny Green,Spurs,2017-11-11,2017-11-14,3
Danny Green,Spurs,2017-12-23,2017-12-26,3
Danny Green,Spurs,2018-01-03,2018-01-13,10
Dante Cunningham,Blazers,2010-04-24,2010-04-26,2
Dante Cunningham,Bobcats,2011-02-25,2011-02-27,2
Dante Cunningham,Nets,2018-03-17,2018-03-21,4
Dante Cunningham,Timberwolves,2014-04-04,2014-04-05,1
Dante Exum,Jazz,2015-10-28,2017-01-05,435
Dante Exum,Jazz,2016-12-29,2018-03-14,440
Danuel House Jr.,Suns,2017-12-26,2017-12-28,2
Danuel House Jr.,Wizards,2016-10-27,2016-11-05,9
Danuel House Jr.,Wizards,2016-10-30,2016-11-11,12
Dario Saric,76ers,2018-04-01,2018-04-06,5
Darius Johnson-Odom,Lakers,2012-10-30,2012-11-09,10
Darius Miller,Hornets,2012-12-29,2013-01-29,31
Darius Miller,Pelicans,2013-10-30,2013-11-29,30
Darius Miller,Pelicans,2014-11-22,2014-11-25,3
Darius Morris,Lakers,2011-12-25,2012-01-03,9
Darius Morris,Lakers,2012-02-09,2012-02-17,8
Darius Morris,Lakers,2012-02-29,2012-03-06,6
Darius Morris,Lakers,2012-03-07,2012-03-16,9
Darius Morris,Lakers,2012-04-29,2012-05-10,11
Darius Songaila,76ers,2010-11-12,2010-11-16,4
Darius Songaila,76ers,2010-11-24,2010-11-27,3
Darius Songaila,76ers,2010-12-03,2010-12-09,6
Darius Songaila,76ers,2010-12-22,2010-12-26,4
Darius Songaila,76ers,2010-12-29,2011-01-07,9
Darius Songaila,76ers,2011-01-11,2011-01-14,3
Darius Songaila,76ers,2011-01-24,2011-02-06,13
Darius Songaila,76ers,2011-03-06,2011-04-11,36
Darko Milicic,Grizzlies,2007-11-17,2007-12-01,14
Darko Milicic,Grizzlies,2007-12-05,2007-12-07,2
Darko Milicic,Grizzlies,2008-03-15,2008-03-17,2
Darko Milicic,Grizzlies,2008-12-27,2009-02-04,39
Darko Milicic,Magic,2007-03-14,2007-03-16,2
Darko Milicic,Timberwolves,2010-02-19,2010-02-21,2
Darko Milicic,Timberwolves,2010-04-04,2010-04-07,3
Darko Milicic,Timberwolves,2010-12-18,2010-12-20,2
Darko Milicic,Timberwolves,2011-04-05,2011-04-06,1
Darko Milicic,Timberwolves,2012-02-04,2012-02-13,9
Darko Milicic,Timberwolves,2012-02-20,2012-02-22,2
Darko Milicic,Timberwolves,2012-03-12,2012-03-15,3
Darko Milicic,Timberwolves,2012-03-19,2012-03-23,4
Darnell Jackson,Bucks,2010-03-26,2010-04-14,19
Darnell Jackson,Cavaliers,2008-10-28,2008-11-19,22
Darnell Jackson,Cavaliers,2008-11-22,2008-11-25,3
Darnell Jackson,Cavaliers,2008-12-23,2009-03-19,86
Darnell Jackson,Cavaliers,2010-02-11,2010-02-19,8
Darnell Jackson,Cavaliers,2010-02-23,2010-02-26,3
Darrell Armstrong,Nets,2007-11-16,2007-12-09,23
Darrell Arthur,Grizzlies,2009-10-28,2010-02-09,104
Darrell Arthur,Grizzlies,2010-11-30,2010-12-03,3
Darrell Arthur,Grizzlies,2011-12-26,2012-11-23,333
Darrell Arthur,Nuggets,2015-01-31,2015-02-03,3
Darrell Arthur,Nuggets,2015-04-01,2015-04-08,7
Darrell Arthur,Nuggets,2016-10-26,2016-11-03,8
Darrell Arthur,Nuggets,2017-01-02,2017-01-03,1
Darrell Arthur,Nuggets,2017-01-12,2017-01-21,9
Darrell Arthur,Nuggets,2017-02-04,2017-02-06,2
Darrell Arthur,Nuggets,2017-04-02,2017-04-05,3
Darren Collison,Kings,2015-02-07,2015-11-18,284
Darren Collison,Kings,2017-04-11,2017-04-12,1
Darren Collison,Mavericks,2012-11-28,2012-12-01,3
Darren Collison,Pacers,2010-11-16,2010-11-22,6
Darren Collison,Pacers,2012-04-13,2012-04-16,3
Darren Collison,Pacers,2012-04-17,2012-04-21,4
Darren Collison,Pacers,2018-02-05,2018-03-09,32
Darrun Hilliard,Pistons,2015-10-28,2015-10-30,2
Darrun Hilliard,Pistons,2016-04-17,2016-04-22,5
Darrun Hilliard,Pistons,2017-02-28,2017-03-04,4
Darrun Hilliard,Spurs,2017-10-18,2017-11-11,24
Darrun Hilliard,Spurs,2017-11-10,2017-12-09,29
Darrun Hilliard,Spurs,2017-11-14,2017-12-16,32
Darrun Hilliard,Spurs,2017-12-12,2018-01-03,22
Darrun Hilliard,Spurs,2017-12-18,2018-01-23,36
Darrun Hilliard,Spurs,2018-01-05,2018-02-10,36
Darryl Watkins,Kings,2007-11-09,2007-11-12,3
David Andersen,Hornets,2010-11-22,2010-11-29,7
David Andersen,Hornets,2011-01-12,2011-01-14,2
David Andersen,Hornets,2011-03-27,2011-03-30,3
David Andersen,Raptors,2010-11-12,2010-11-13,1
David Andersen,Rockets,2010-03-09,2010-03-13,4
David Harrison,Pacers,2006-11-17,2006-12-08,21
David Harrison,Pacers,2006-12-13,2007-02-03,52
David Harrison,Pacers,2007-02-11,2007-03-03,20
David Harrison,Pacers,2007-03-16,2007-03-19,3
David Harrison,Pacers,2007-03-21,2007-03-23,2
David Harrison,Pacers,2007-03-27,2007-03-28,1
David Harrison,Pacers,2007-03-30,2007-04-01,2
David Harrison,Pacers,2007-04-10,2007-04-17,7
David Harrison,Pacers,2007-12-11,2007-12-12,1
David Harrison,Pacers,2007-12-21,2008-01-04,14
David Harrison,Pacers,2008-03-08,2008-03-11,3
David Harrison,Pacers,2008-03-31,2008-04-02,2
David Lee,Celtics,2015-12-26,2015-12-30,4
David Lee,Knicks,2007-02-21,2007-02-23,2
David Lee,Knicks,2007-02-25,2007-03-21,24
David Lee,Knicks,2007-03-26,2007-04-06,11
David Lee,Spurs,2017-03-21,2017-03-23,2
David Noel,Bucks,2007-10-31,2008-01-16,77
David Nwaba,Bulls,2017-11-07,2017-12-01,24
David Stockton,Jazz,2018-04-10,2018-04-18,8
David Wesley,Cavaliers,2007-03-19,2007-03-23,4
David Wesley,Cavaliers,2007-04-03,2007-06-12,70
David West,Hornets,2006-11-14,2007-01-12,59
David West,Hornets,2008-03-07,2008-03-12,5
David West,Hornets,2008-03-16,2008-03-19,3
David West,Hornets,2009-01-19,2009-01-30,11
David West,Hornets,2010-01-23,2010-01-25,2
David West,Pacers,2013-02-13,2013-02-20,7
David West,Pacers,2013-03-18,2013-03-28,10
David West,Spurs,2016-03-30,2016-04-02,3
David West,Warriors,2017-01-20,2017-02-23,34
David West,Warriors,2017-11-06,2017-11-08,2
David West,Warriors,2017-11-29,2017-12-01,2
David West,Warriors,2018-02-02,2018-02-06,4
David West,Warriors,2018-03-06,2018-03-16,10
Davis Bertans,Spurs,2016-11-01,2016-11-04,3
Davon Reed,Suns,2017-10-18,2018-01-07,81
De'Aaron Fox,Kings,2017-12-17,2017-12-19,2
De'Aaron Fox,Kings,2017-12-20,2018-01-02,13
De'Aaron Fox,Kings,2018-02-22,2018-02-24,2
De'Aaron Fox,Kings,2018-03-09,2018-03-11,2
DeAndre Jordan,Clippers,2008-10-29,2008-11-01,3
DeAndre Jordan,Clippers,2008-11-03,2008-11-15,12
DeAndre Jordan,Clippers,2008-11-17,2008-11-22,5
DeAndre Jordan,Clippers,2009-11-25,2009-11-29,4
DeAndre Jordan,Clippers,2009-12-14,2009-12-19,5
DeAndre Jordan,Clippers,2009-12-25,2009-12-27,2
DeAndre Jordan,Clippers,2011-03-20,2011-03-25,5
DeAndre Jordan,Clippers,2017-03-16,2017-03-18,2
DeAndre Liggins,Cavaliers,2016-11-05,2016-11-13,8
DeAndre Liggins,Heat,2014-03-01,2014-03-03,2
DeAndre Liggins,Heat,2014-03-06,2014-03-10,4
DeAndre Liggins,Magic,2011-12-25,2012-01-12,18
DeAndre Liggins,Magic,2012-01-20,2012-01-30,10
DeAndre Liggins,Magic,2012-02-06,2012-02-20,14
DeAndre Liggins,Magic,2012-03-05,2012-03-08,3
DeAndre Liggins,Thunder,2012-11-23,2012-12-01,8
DeAndre Liggins,Thunder,2012-12-19,2012-12-25,6
DeAndre Liggins,Thunder,2012-12-27,2012-12-31,4
DeAndre Liggins,Thunder,2013-03-01,2013-03-05,4
DeAndre Liggins,Thunder,2013-03-07,2013-03-19,12
DeAndre Liggins,Thunder,2013-03-20,2013-03-22,2
DeAndre Liggins,Thunder,2013-03-27,2013-04-04,8
DeAndre Liggins,Thunder,2013-04-07,2013-04-09,2
DeAndre Liggins,Thunder,2013-04-11,2013-04-15,4
DeAndre' Bembry,Hawks,2016-11-30,2016-12-03,3
DeAndre' Bembry,Hawks,2016-12-05,2016-12-07,2
DeAndre' Bembry,Hawks,2016-12-17,2016-12-19,2
DeAndre' Bembry,Hawks,2017-03-16,2017-03-20,4
DeAndre' Bembry,Hawks,2017-04-11,2017-04-12,1
DeAndre' Bembry,Hawks,2017-04-16,2017-11-11,209
DeAndre' Bembry,Hawks,2017-10-20,2017-11-18,29
DeAndre' Bembry,Hawks,2017-11-13,2017-11-22,9
DeAndre' Bembry,Hawks,2018-01-05,2018-02-04,30
DeAndre' Bembry,Hawks,2018-02-06,2018-04-01,54
DeAndre' Bembry,Hawks,2018-03-11,2018-04-06,26
DeJuan Blair,Spurs,2011-03-21,2011-03-23,2
DeJuan Blair,Wizards,2014-12-29,2014-12-30,1
DeJuan Blair,Wizards,2015-01-05,2015-01-07,2
DeJuan Blair,Wizards,2015-01-09,2015-01-14,5
DeJuan Blair,Wizards,2015-01-19,2015-01-27,8
DeJuan Blair,Wizards,2015-01-31,2015-02-05,5
DeJuan Blair,Wizards,2015-04-12,2015-04-14,2
DeMar DeRozan,Raptors,2010-01-27,2010-02-03,7
DeMar DeRozan,Raptors,2014-01-29,2014-01-31,2
DeMar DeRozan,Raptors,2014-11-30,2015-01-14,45
DeMar DeRozan,Raptors,2016-04-08,2016-04-10,2
DeMar DeRozan,Raptors,2017-01-24,2017-01-29,5
DeMar DeRozan,Raptors,2017-01-31,2017-02-06,6
DeMarcus Cousins,Kings,2012-01-01,2012-01-03,2
DeMarcus Cousins,Kings,2013-12-03,2013-12-06,3
DeMarcus Cousins,Kings,2014-01-24,2014-02-01,8
DeMarcus Cousins,Kings,2014-02-19,2014-02-21,2
DeMarcus Cousins,Kings,2014-11-28,2014-12-18,20
DeMarcus Cousins,Kings,2014-12-26,2014-12-27,1
DeMarcus Cousins,Kings,2015-02-27,2015-03-03,4
DeMarcus Cousins,Kings,2015-03-20,2015-03-21,1
DeMarcus Cousins,Kings,2015-04-07,2015-11-09,216
DeMarcus Cousins,Kings,2015-11-03,2015-11-30,27
DeMarcus Nelson,Warriors,2008-11-18,2008-12-17,29
DeMarre Carroll,Grizzlies,2010-11-03,2010-11-26,23
DeMarre Carroll,Grizzlies,2010-12-03,2010-12-05,2
DeMarre Carroll,Grizzlies,2010-12-13,2011-01-07,25
DeMarre Carroll,Grizzlies,2011-01-26,2011-01-28,2
DeMarre Carroll,Grizzlies,2011-01-31,2011-02-05,5
DeMarre Carroll,Grizzlies,2011-02-15,2011-02-21,6
DeMarre Carroll,Hawks,2014-11-12,2014-11-21,9
DeMarre Carroll,Hawks,2015-01-13,2015-01-14,1
DeMarre Carroll,Hawks,2015-01-30,2015-02-02,3
DeMarre Carroll,Jazz,2012-02-10,2012-02-20,10
DeMarre Carroll,Jazz,2012-03-05,2012-03-10,5
DeMarre Carroll,Jazz,2012-03-12,2012-03-15,3
DeMarre Carroll,Nets,2017-10-29,2017-10-31,2
DeMarre Carroll,Nets,2018-01-08,2018-01-12,4
DeMarre Carroll,Nuggets,2012-01-01,2012-01-09,8
DeMarre Carroll,Nuggets,2012-01-13,2012-02-02,20
DeMarre Carroll,Raptors,2015-11-08,2015-11-13,5
DeMarre Carroll,Raptors,2015-12-07,2015-12-13,6
DeMarre Carroll,Raptors,2015-12-20,2015-12-26,6
DeMarre Carroll,Raptors,2016-01-04,2016-04-07,94
DeMarre Carroll,Raptors,2016-04-08,2016-04-10,2
DeMarre Carroll,Rockets,2011-02-26,2011-02-27,1
DeMarre Carroll,Rockets,2011-03-01,2011-03-08,7
DeQuan Jones,Magic,2012-11-02,2012-11-04,2
DeSagana Diop,Bobcats,2009-01-19,2009-01-21,2
DeSagana Diop,Bobcats,2009-11-06,2009-11-10,4
DeSagana Diop,Bobcats,2009-11-11,2009-11-20,9
DeSagana Diop,Bobcats,2009-11-25,2009-11-27,2
DeSagana Diop,Bobcats,2010-02-19,2010-04-07,47
DeSagana Diop,Bobcats,2010-04-12,2010-12-11,243
DeSagana Diop,Bobcats,2010-11-23,2010-12-15,22
DeSagana Diop,Bobcats,2010-12-03,2010-12-27,24
DeSagana Diop,Bobcats,2010-12-14,2011-02-25,73
DeSagana Diop,Bobcats,2010-12-21,2012-03-14,449
DeSagana Diop,Bobcats,2011-01-03,2012-03-19,441
DeSagana Diop,Bobcats,2011-02-27,2012-03-31,398
DeSagana Diop,Bobcats,2012-03-09,2012-04-12,34
DeSagana Diop,Bobcats,2012-03-17,2012-11-07,235
DeSagana Diop,Bobcats,2012-03-30,2013-02-11,318
DeSagana Diop,Bobcats,2012-04-03,2013-03-27,358
DeSagana Diop,Nets,2008-04-05,2008-04-09,4
DeShawn Stevenson,Hawks,2012-11-16,2012-11-19,3
DeShawn Stevenson,Hawks,2012-12-12,2012-12-13,1
DeShawn Stevenson,Hawks,2013-01-09,2013-01-11,2
DeShawn Stevenson,Hawks,2013-02-08,2013-02-11,3
DeShawn Stevenson,Wizards,2009-01-02,2009-01-19,17
Dejounte Murray,Spurs,2016-10-25,2016-10-29,4
Dejounte Murray,Spurs,2016-11-12,2016-11-14,2
Dejounte Murray,Spurs,2016-12-05,2016-12-22,17
Dejounte Murray,Spurs,2017-01-14,2017-01-19,5
Dejounte Murray,Spurs,2017-02-10,2017-02-12,2
Dejounte Murray,Spurs,2017-03-13,2017-04-12,30
Dejounte Murray,Spurs,2017-04-15,2017-04-20,5
Delon Wright,Raptors,2015-11-25,2015-12-02,7
Delon Wright,Raptors,2015-12-03,2015-12-07,4
Delon Wright,Raptors,2015-12-09,2015-12-22,13
Delonte West,Cavaliers,2009-01-16,2009-02-22,37
Delonte West,Cavaliers,2009-02-24,2009-02-26,2
Delonte West,Cavaliers,2009-03-13,2009-03-15,2
Delonte West,Cavaliers,2010-01-25,2010-02-11,17
Delonte West,Cavaliers,2010-03-16,2010-03-17,1
Delonte West,Cavaliers,2010-04-06,2010-04-09,3
Delonte West,Celtics,2006-11-22,2006-11-24,2
Delonte West,Celtics,2006-12-27,2006-12-29,2
Delonte West,Celtics,2010-11-26,2011-02-21,87
Delonte West,Celtics,2011-03-04,2011-03-16,12
Delonte West,Mavericks,2012-02-19,2012-03-29,39
Delonte West,Sonics,2007-12-09,2007-12-25,16
Demetris Nichols,Cavaliers,2007-10-31,2007-11-06,6
Demetrius Jackson,76ers,2018-01-18,2018-02-27,40
Demetrius Jackson,76ers,2018-03-30,2018-04-01,2
Demetrius Jackson,Celtics,2016-11-19,2016-12-07,18
Demetrius Jackson,Celtics,2016-12-16,2017-01-03,18
Demetrius Jackson,Celtics,2017-01-25,2017-02-11,17
Demetrius Jackson,Celtics,2017-02-27,2017-03-17,18
Demetrius Jackson,Rockets,2017-11-16,2017-12-03,17
Demetrius Jackson,Rockets,2017-12-13,2017-12-20,7
Dennis Schröder,Hawks,2015-03-31,2015-04-07,7
Dennis Schröder,Hawks,2017-10-23,2017-10-27,4
Dennis Smith Jr.,Mavericks,2017-10-20,2017-10-23,3
Dennis Smith Jr.,Mavericks,2017-12-08,2017-12-18,10
Dennis Smith Jr.,Mavericks,2018-03-10,2018-03-11,1
Dennis Smith Jr.,Mavericks,2018-03-20,2018-03-24,4
Dennis Smith Jr.,Mavericks,2018-04-04,2018-04-06,2
Denzel Valentine,Bulls,2017-01-04,2017-01-07,3
Denzel Valentine,Bulls,2017-01-09,2017-01-10,1
Denzel Valentine,Bulls,2017-02-01,2017-02-06,5
DerMarr Johnson,Nuggets,2006-11-02,2006-11-10,8
DerMarr Johnson,Nuggets,2007-04-13,2007-04-16,3
Derek Anderson,Bobcats,2007-02-09,2007-02-20,11
Derek Anderson,Bobcats,2007-03-21,2007-03-30,9
Derek Anderson,Bobcats,2007-04-01,2007-04-10,9
Derek Anderson,Bobcats,2007-11-17,2007-11-27,10
Derek Anderson,Bobcats,2008-02-08,2008-02-19,11
Derek Fisher,Thunder,2013-04-15,2013-04-17,2
Deron Williams,Jazz,2007-02-20,2007-02-23,3
Deron Williams,Jazz,2007-02-26,2007-02-28,2
Deron Williams,Jazz,2008-10-29,2008-11-11,13
Deron Williams,Jazz,2008-11-14,2008-11-26,12
Deron Williams,Jazz,2009-02-02,2009-02-05,3
Deron Williams,Jazz,2010-01-06,2010-01-09,3
Deron Williams,Mavericks,2015-12-12,2015-12-14,2
Deron Williams,Mavericks,2015-12-23,2015-12-26,3
Deron Williams,Mavericks,2015-12-28,2016-01-01,4
Deron Williams,Mavericks,2016-01-06,2016-01-08,2
Deron Williams,Mavericks,2016-02-03,2016-02-05,2
Deron Williams,Mavericks,2017-01-26,2017-02-03,8
Deron Williams,Nets,2011-03-20,2011-03-30,10
Deron Williams,Nets,2011-04-06,2013-02-19,685
Deron Williams,Nets,2013-02-11,2013-04-17,65
Deron Williams,Nets,2013-04-15,2014-01-20,280
Deron Williams,Nets,2014-01-11,2014-04-13,92
Deron Williams,Nets,2014-04-11,2014-12-26,259
Deron Williams,Nets,2014-12-21,2015-02-02,43
Derrick Brown,Bobcats,2009-11-02,2009-11-06,4
Derrick Brown,Bobcats,2009-11-07,2009-11-11,4
Derrick Brown,Bobcats,2010-04-14,2011-01-14,275
Derrick Brown,Bobcats,2011-01-12,2011-01-20,8
Derrick Brown,Bobcats,2011-01-15,2011-01-28,13
Derrick Brown,Bobcats,2011-01-26,2011-02-02,7
Derrick Brown,Bobcats,2011-01-31,2011-02-14,14
Derrick Brown,Knicks,2011-03-01,2011-03-25,24
Derrick Brown,Knicks,2011-03-15,2011-04-19,35
Derrick Caracter,Lakers,2010-11-09,2010-11-11,2
Derrick Caracter,Lakers,2010-12-19,2010-12-25,6
Derrick Caracter,Lakers,2011-03-31,2011-04-13,13
Derrick Caracter,Lakers,2011-04-17,2012-01-25,283
Derrick Favors,Jazz,2013-12-07,2013-12-11,4
Derrick Favors,Jazz,2014-01-21,2014-01-25,4
Derrick Favors,Jazz,2014-01-31,2014-02-07,7
Derrick Favors,Jazz,2014-02-19,2014-02-24,5
Derrick Favors,Jazz,2014-12-14,2014-12-17,3
Derrick Favors,Jazz,2016-11-17,2016-12-14,27
Derrick Favors,Jazz,2017-02-01,2017-02-04,3
Derrick Favors,Jazz,2017-03-08,2017-04-07,30
Derrick Favors,Jazz,2017-04-10,2017-04-12,2
Derrick Favors,Nets,2010-12-09,2010-12-12,3
Derrick Jones Jr.,Suns,2016-10-26,2016-11-19,24
Derrick Jones Jr.,Suns,2016-11-25,2016-12-15,20
Derrick Jones Jr.,Suns,2016-12-17,2017-01-24,38
Derrick Jones Jr.,Suns,2017-02-06,2017-02-08,2
Derrick Jones Jr.,Suns,2017-02-10,2017-02-11,1
Derrick Jones Jr.,Suns,2017-11-11,2017-11-19,8
Derrick Jones Jr.,Suns,2017-11-26,2017-12-07,11
Derrick Rose,Bulls,2010-11-26,2010-11-27,1
Derrick Rose,Bulls,2012-01-17,2012-01-23,6
Derrick Rose,Bulls,2012-04-05,2012-04-08,3
Derrick Rose,Bulls,2012-04-10,2012-04-12,2
Derrick Rose,Bulls,2012-04-16,2012-04-21,5
Derrick Rose,Bulls,2012-05-01,2014-11-10,923
Derrick Rose,Bulls,2012-10-31,2014-11-13,743
Derrick Rose,Bulls,2013-11-24,2014-12-22,393
Derrick Rose,Bulls,2014-11-07,2015-01-12,66
Derrick Rose,Bulls,2014-12-18,2015-04-08,111
Derrick Rose,Bulls,2015-01-10,2015-11-24,318
Derrick Rose,Bulls,2015-02-25,2016-04-05,405
Derrick Rose,Cavaliers,2017-10-21,2017-10-29,8
Derrick Rose,Cavaliers,2017-11-09,2018-01-18,70
Derrick Rose,Knicks,2016-12-07,2016-12-11,4
Derrick Rose,Knicks,2016-12-15,2016-12-20,5
Derrick Rose,Knicks,2017-01-29,2017-02-06,8
Derrick Rose,Timberwolves,2018-03-26,2018-04-01,6
Derrick Walton Jr.,Heat,2017-10-18,2017-11-05,18
Derrick Walton Jr.,Heat,2017-11-10,2017-11-19,9
Derrick Walton Jr.,Heat,2017-12-01,2017-12-18,17
Derrick White,Spurs,2017-11-05,2017-12-03,28
Derrick White,Spurs,2017-12-12,2017-12-16,4
Derrick White,Spurs,2017-12-18,2018-01-03,16
Derrick White,Spurs,2018-01-23,2018-02-07,15
Derrick White,Spurs,2018-02-23,2018-02-28,5
Derrick White,Spurs,2018-03-05,2018-03-12,7
Desmond Mason,Bucks,2007-12-22,2008-02-02,42
Desmond Mason,Thunder,2008-11-17,2008-11-28,11
Desmond Mason,Thunder,2009-01-09,2009-01-10,1
Devean George,Mavericks,2006-11-02,2006-11-08,6
Devean George,Mavericks,2006-11-20,2006-11-27,7
Devean George,Warriors,2009-10-28,2009-12-03,36
Devin Booker,Suns,2015-11-02,2015-11-04,2
Devin Booker,Suns,2016-10-31,2016-11-02,2
Devin Booker,Suns,2017-03-19,2017-03-21,2
Devin Booker,Suns,2017-03-28,2017-03-30,2
Devin Booker,Suns,2017-12-07,2017-12-26,19
Devin Booker,Suns,2018-01-29,2018-01-31,2
Devin Booker,Suns,2018-02-06,2018-02-14,8
Devin Brown,Bulls,2010-03-04,2010-03-11,7
Devin Brown,Bulls,2010-03-20,2010-03-27,7
Devin Brown,Bulls,2010-04-02,2010-04-03,1
Devin Brown,Bulls,2010-04-06,2010-04-25,19
Devin Brown,Hornets,2009-11-06,2009-11-08,2
Devin Ebanks,Lakers,2010-11-05,2010-11-09,4
Devin Ebanks,Lakers,2010-12-14,2010-12-15,1
Devin Ebanks,Lakers,2010-12-17,2010-12-19,2
Devin Ebanks,Lakers,2010-12-25,2011-01-09,15
Devin Ebanks,Lakers,2011-03-04,2012-02-29,362
Devin Ebanks,Lakers,2012-02-17,2012-03-07,19
Devin Ebanks,Lakers,2012-03-06,2012-11-13,252
Devin Ebanks,Lakers,2012-11-09,2013-04-26,168
Devin Harris,Hawks,2012-11-14,2012-11-16,2
Devin Harris,Hawks,2012-11-24,2012-11-28,4
Devin Harris,Hawks,2012-12-19,2013-01-09,21
Devin Harris,Jazz,2011-03-23,2011-04-07,15
Devin Harris,Mavericks,2007-01-18,2007-01-21,3
Devin Harris,Mavericks,2007-11-03,2007-11-08,5
Devin Harris,Mavericks,2007-12-12,2007-12-14,2
Devin Harris,Mavericks,2008-01-28,2014-01-18,2182
Devin Harris,Mavericks,2013-10-30,2014-11-22,388
Devin Harris,Mavericks,2014-11-19,2015-03-10,111
Devin Harris,Mavericks,2015-03-06,2015-04-18,43
Devin Harris,Mavericks,2015-04-12,2015-04-24,12
Devin Harris,Mavericks,2015-04-15,2015-11-25,224
Devin Harris,Mavericks,2015-04-21,2015-11-28,221
Devin Harris,Mavericks,2015-11-24,2015-12-09,15
Devin Harris,Mavericks,2015-12-07,2015-12-26,19
Devin Harris,Mavericks,2015-12-22,2016-01-05,14
Devin Harris,Mavericks,2016-01-02,2016-02-21,50
Devin Harris,Mavericks,2016-01-26,2016-11-30,309
Devin Harris,Mavericks,2016-10-26,2017-11-17,387
Devin Harris,Mavericks,2017-11-12,2018-01-29,78
Devin Harris,Nets,2008-02-20,2008-02-28,8
Devin Harris,Nets,2008-11-08,2008-11-14,6
Devin Harris,Nets,2009-01-03,2009-01-05,2
Devin Harris,Nets,2009-01-07,2009-01-12,5
Devin Harris,Nets,2009-03-22,2009-03-27,5
Devin Harris,Nets,2009-04-11,2009-04-13,2
Devin Harris,Nets,2010-01-10,2010-01-13,3
Devin Harris,Nets,2010-01-23,2010-02-02,10
Devin Harris,Nets,2010-02-09,2010-02-10,1
Devin Harris,Nets,2010-03-16,2010-03-20,4
Devin Harris,Nets,2010-12-01,2010-12-05,4
Devin Robinson,Wizards,2017-10-18,2017-11-02,15
Dewayne Dedmon,Hawks,2017-11-30,2018-01-08,39
Dewayne Dedmon,Spurs,2016-11-16,2016-11-29,13
Dewayne Dedmon,Spurs,2017-04-22,2017-04-25,3
Dexter Pittman,Heat,2010-10-26,2011-04-01,157
Dexter Pittman,Heat,2011-04-03,2012-01-19,291
Dexter Pittman,Heat,2012-01-17,2012-01-22,5
Dexter Pittman,Heat,2012-01-21,2012-02-19,29
Dexter Pittman,Heat,2012-02-13,2012-04-13,60
Dexter Pittman,Heat,2012-04-10,2012-11-24,228
Dexter Pittman,Heat,2012-06-12,2012-12-10,181
Dexter Pittman,Heat,2012-10-30,2013-01-17,79
Dexter Pittman,Rockets,2014-04-11,2014-04-12,1
Deyonta Davis,Grizzlies,2016-12-21,2017-01-11,21
Deyonta Davis,Grizzlies,2017-11-13,2018-03-05,112
Diamond Stone,Clippers,2016-11-04,2016-11-12,8
Diamond Stone,Clippers,2016-11-21,2016-12-20,29
Diamond Stone,Clippers,2017-02-23,2017-04-23,59
Diante Garrett,Suns,2012-10-31,2012-11-05,5
Diante Garrett,Suns,2012-11-14,2012-12-04,20
Diante Garrett,Suns,2012-12-22,2012-12-23,1
Diante Garrett,Suns,2012-12-26,2012-12-28,2
Diante Garrett,Suns,2012-12-31,2013-02-02,33
Diante Garrett,Suns,2013-02-05,2013-02-22,17
Diante Garrett,Suns,2013-04-13,2013-04-15,2
Didier Ilunga-Mbenga,Hornets,2010-12-05,2010-12-08,3
Didier Ilunga-Mbenga,Hornets,2010-12-13,2010-12-15,2
Didier Ilunga-Mbenga,Hornets,2011-01-01,2011-01-12,11
Didier Ilunga-Mbenga,Hornets,2011-01-17,2011-01-21,4
Didier Ilunga-Mbenga,Hornets,2011-02-27,2011-03-25,26
Didier Ilunga-Mbenga,Hornets,2011-03-30,2011-04-03,4
Didier Ilunga-Mbenga,Lakers,2008-10-28,2008-11-28,31
Didier Ilunga-Mbenga,Lakers,2008-12-02,2009-01-04,33
Didier Ilunga-Mbenga,Lakers,2009-01-21,2009-02-20,30
Didier Ilunga-Mbenga,Lakers,2009-04-10,2009-04-27,17
Didier Ilunga-Mbenga,Lakers,2009-05-06,2009-05-12,6
Didier Ilunga-Mbenga,Lakers,2010-01-22,2010-01-26,4
Didier Ilunga-Mbenga,Lakers,2010-01-27,2010-02-01,5
Didier Ilunga-Mbenga,Lakers,2010-06-13,2010-06-15,2
Didier Ilunga-Mbenga,Mavericks,2006-11-02,2006-12-04,32
Dikembe Mutombo,Rockets,2007-03-25,2007-03-28,3
Dikembe Mutombo,Rockets,2007-04-18,2009-01-03,626
Dion Waiters,Cavaliers,2012-12-05,2012-12-18,13
Dion Waiters,Cavaliers,2013-03-31,2013-04-10,10
Dion Waiters,Cavaliers,2013-11-15,2013-11-20,5
Dion Waiters,Cavaliers,2013-12-20,2013-12-26,6
Dion Waiters,Cavaliers,2014-11-10,2014-11-14,4
Dion Waiters,Heat,2016-11-28,2017-01-04,37
Dirk Nowitzki,Mavericks,2007-04-11,2007-04-13,2
Dirk Nowitzki,Mavericks,2007-04-17,2007-04-18,1
Dirk Nowitzki,Mavericks,2008-03-25,2008-04-02,8
Dirk Nowitzki,Mavericks,2009-12-20,2009-12-22,2
Dirk Nowitzki,Mavericks,2010-12-28,2011-01-15,18
Dirk Nowitzki,Mavericks,2012-01-27,2012-01-29,2
Dirk Nowitzki,Mavericks,2012-10-30,2012-12-23,54
Dirk Nowitzki,Mavericks,2013-12-14,2013-12-18,4
Dirk Nowitzki,Mavericks,2014-01-22,2014-01-24,2
Dirk Nowitzki,Mavericks,2016-01-06,2016-01-08,2
Dirk Nowitzki,Mavericks,2016-01-20,2016-01-22,2
Dirk Nowitzki,Mavericks,2016-01-31,2016-02-01,1
Dirk Nowitzki,Mavericks,2016-10-28,2016-10-30,2
Dirk Nowitzki,Mavericks,2016-11-06,2016-11-23,17
Dirk Nowitzki,Mavericks,2016-11-30,2016-12-23,23
Dirk Nowitzki,Mavericks,2016-12-29,2016-12-30,1
Dirk Nowitzki,Mavericks,2018-02-11,2018-02-13,2
Domantas Sabonis,Pacers,2017-11-07,2017-11-10,3
Domantas Sabonis,Pacers,2018-03-15,2018-03-27,12
Dominic McGuire,Bobcats,2010-10-27,2010-11-20,24
Dominic McGuire,Bobcats,2010-12-27,2010-12-29,2
Dominic McGuire,Bobcats,2011-02-02,2011-02-04,2
Dominic McGuire,Bobcats,2011-02-05,2011-02-07,2
Dominic McGuire,Bobcats,2011-02-14,2011-02-15,1
Dominic McGuire,Kings,2010-02-20,2010-02-21,1
Dominic McGuire,Raptors,2012-10-31,2012-11-03,3
Dominic McGuire,Wizards,2008-11-12,2008-11-21,9
Dominic McGuire,Wizards,2010-01-24,2010-01-26,2
Dominique Jones,Mavericks,2010-12-01,2011-01-02,32
Dominique Jones,Mavericks,2011-02-16,2012-01-23,341
Dominique Jones,Mavericks,2012-01-14,2012-02-15,32
Dominique Jones,Mavericks,2012-02-10,2012-04-02,52
Dominique Jones,Mavericks,2012-03-29,2012-04-21,23
Dominique Jones,Mavericks,2012-04-20,2013-01-20,275
Dominique Jones,Mavericks,2012-04-28,2013-01-29,276
Dominique Jones,Mavericks,2013-01-10,2013-03-01,50
Donald Sloan,Hawks,2011-12-27,2012-01-06,10
Donald Sloan,Hawks,2012-01-07,2012-01-09,2
Donald Sloan,Nets,2015-11-28,2015-11-29,1
Donald Sloan,Pacers,2015-03-14,2015-03-16,2
Donatas Motiejunas,Pelicans,2017-01-05,2017-01-07,2
Donatas Motiejunas,Rockets,2012-11-14,2012-11-27,13
Donell Taylor,Wizards,2007-02-22,2007-02-23,1
Donell Taylor,Wizards,2007-03-02,2007-03-04,2
Donell Taylor,Wizards,2007-03-09,2007-03-21,12
Donell Taylor,Wizards,2007-03-23,2007-03-26,3
Donell Taylor,Wizards,2007-03-28,2007-04-06,9
Donte Greene,Grizzlies,2013-04-17,2013-05-25,38
Donte Greene,Kings,2008-10-29,2008-10-31,2
Donte Greene,Kings,2008-11-01,2008-11-05,4
Donyell Marshall,76ers,2008-11-01,2008-11-03,2
Donyell Marshall,Cavaliers,2007-01-03,2007-01-05,2
Donyell Marshall,Cavaliers,2007-11-04,2008-01-25,82
Dorell Wright,Blazers,2014-12-04,2014-12-07,3
Dorell Wright,Heat,2007-02-21,2007-02-22,1
Dorell Wright,Heat,2007-03-02,2007-03-07,5
Dorell Wright,Heat,2007-04-08,2007-04-10,2
Dorell Wright,Heat,2007-04-13,2007-04-16,3
Dorell Wright,Heat,2007-11-27,2007-12-02,5
Dorell Wright,Heat,2008-01-02,2008-01-08,6
Dorell Wright,Heat,2008-03-08,2008-11-07,244
Dorell Wright,Heat,2008-11-05,2009-03-06,121
Dorell Wright,Heat,2008-11-12,2009-04-04,143
Dorell Wright,Heat,2009-03-15,2009-04-27,43
Dorell Wright,Heat,2009-04-19,2010-03-09,324
Dorian Finney-Smith,Mavericks,2017-10-30,2017-11-07,8
Dorian Finney-Smith,Mavericks,2017-11-14,2018-03-10,116
Dorian Finney-Smith,Mavericks,2018-03-11,2018-03-13,2
Dorian Finney-Smith,Mavericks,2018-03-27,2018-04-04,8
Doron Lamb,Bucks,2012-12-29,2013-01-02,4
Doron Lamb,Bucks,2013-01-04,2013-01-05,1
Doug Christie,Clippers,2007-02-02,2007-02-04,2
Doug McDermott,Bulls,2014-12-02,2015-01-22,51
Doug McDermott,Bulls,2015-03-25,2015-04-03,9
Doug McDermott,Bulls,2016-11-02,2016-11-04,2
Doug McDermott,Bulls,2016-11-15,2016-12-05,20
Doug McDermott,Thunder,2017-04-11,2017-04-16,5
Dragan Bender,Suns,2017-01-26,2017-02-01,6
Dragan Bender,Suns,2017-02-03,2017-04-02,58
Draymond Green,Warriors,2015-03-31,2015-04-03,3
Draymond Green,Warriors,2017-03-11,2017-03-14,3
Draymond Green,Warriors,2017-11-24,2017-11-25,1
Draymond Green,Warriors,2017-12-06,2017-12-08,2
Draymond Green,Warriors,2017-12-11,2017-12-22,11
Draymond Green,Warriors,2018-01-17,2018-01-20,3
Draymond Green,Warriors,2018-02-12,2018-02-14,2
Draymond Green,Warriors,2018-03-14,2018-03-16,2
Draymond Green,Warriors,2018-03-23,2018-03-29,6
Drew Gooden,Bucks,2010-12-04,2010-12-06,2
Drew Gooden,Bucks,2010-12-08,2010-12-13,5
Drew Gooden,Bucks,2011-01-26,2011-03-28,61
Drew Gooden,Bucks,2012-11-09,2012-12-01,22
Drew Gooden,Bucks,2012-12-03,2012-12-05,2
Drew Gooden,Bucks,2013-04-09,2013-04-10,1
Drew Gooden,Bulls,2008-04-01,2009-01-15,289
Drew Gooden,Cavaliers,2006-12-09,2006-12-13,4
Drew Gooden,Cavaliers,2008-02-07,2008-02-11,4
Drew Gooden,Kings,2009-02-21,2009-02-25,4
Drew Gooden,Mavericks,2009-11-07,2009-11-10,3
Drew Gooden,Spurs,2009-03-06,2009-03-12,6
Drew Gooden,Wizards,2014-12-30,2015-01-05,6
Drew Gooden,Wizards,2015-01-14,2015-01-19,5
Drew Gooden,Wizards,2015-02-05,2015-02-07,2
Drew Gooden,Wizards,2015-12-11,2016-01-01,21
Drew Gooden,Wizards,2016-01-18,2016-01-22,4
Duje Dukan,Kings,2015-10-28,2015-11-07,10
Duje Dukan,Kings,2015-11-13,2015-12-27,44
Duje Dukan,Kings,2016-01-04,2016-02-04,31
Dwayne Bacon,Hornets,2018-03-04,2018-03-06,2
Dwayne Jones,Bobcats,2008-11-24,2008-11-29,5
Dwight Buycks,Pistons,2017-10-18,2017-10-28,10
Dwight Buycks,Raptors,2013-11-05,2013-11-06,1
Dwight Buycks,Raptors,2013-12-03,2013-12-08,5
Dwight Howard,Hawks,2016-12-19,2016-12-26,7
Dwight Howard,Hawks,2017-03-11,2017-03-13,2
Dwight Howard,Magic,2008-12-13,2008-12-18,5
Dwight Howard,Magic,2012-04-01,2012-04-03,2
Dwight Howard,Rockets,2014-04-09,2014-04-12,3
Dwight Howard,Rockets,2015-01-28,2015-03-25,56
Dwight Powell,Celtics,2014-10-29,2014-11-08,10
Dwight Powell,Celtics,2014-12-03,2014-12-12,9
Dwight Powell,Mavericks,2015-02-19,2015-02-25,6
Dwight Powell,Mavericks,2015-03-05,2015-03-06,1
Dwight Powell,Mavericks,2015-03-08,2015-03-27,19
Dwight Powell,Mavericks,2015-04-01,2015-04-04,3
Dwight Powell,Mavericks,2015-04-18,2015-04-21,3
Dwight Powell,Mavericks,2018-04-04,2018-04-06,2
Dwyane Wade,Bulls,2017-01-02,2017-01-04,2
Dwyane Wade,Bulls,2017-02-08,2017-02-10,2
Dwyane Wade,Bulls,2017-02-16,2017-02-24,8
Dwyane Wade,Bulls,2017-03-06,2017-03-10,4
Dwyane Wade,Bulls,2017-03-17,2017-04-08,22
Dwyane Wade,Cavaliers,2017-12-17,2017-12-19,2
Dwyane Wade,Heat,2006-12-13,2006-12-16,3
Dwyane Wade,Heat,2006-12-29,2007-01-03,5
Dwyane Wade,Heat,2007-02-22,2007-04-08,45
Dwyane Wade,Heat,2007-04-18,2007-11-14,210
Dwyane Wade,Heat,2007-10-29,2009-03-20,508
Dwyane Wade,Heat,2008-03-10,2010-02-28,720
Dwyane Wade,Heat,2009-03-18,2010-11-22,614
Dwyane Wade,Heat,2010-02-19,2010-12-25,309
Dwyane Wade,Heat,2010-04-14,2011-04-08,359
Dwyane Wade,Heat,2010-11-20,2012-01-27,433
Dwyane Wade,Heat,2010-12-23,2012-04-04,468
Dwyane Wade,Heat,2011-04-06,2012-04-10,370
Dwyane Wade,Heat,2012-01-19,2012-04-28,100
Dwyane Wade,Heat,2012-04-03,2012-11-11,222
Dwyane Wade,Heat,2012-04-08,2012-11-21,227
Dwyane Wade,Heat,2012-04-26,2013-03-27,335
Dwyane Wade,Heat,2012-11-09,2013-04-12,154
Dwyane Wade,Heat,2012-11-15,2013-11-01,351
Dwyane Wade,Heat,2013-03-24,2013-11-23,244
Dwyane Wade,Heat,2013-04-05,2013-12-07,246
Dwyane Wade,Heat,2013-10-30,2013-12-10,41
Dwyane Wade,Heat,2013-11-19,2013-12-25,36
Dwyane Wade,Heat,2013-12-03,2013-12-28,25
Dwyane Wade,Heat,2013-12-08,2014-01-26,49
Dwyane Wade,Heat,2013-12-23,2014-02-12,51
Dwyane Wade,Heat,2013-12-27,2014-02-18,53
Dwyane Wade,Heat,2014-01-20,2014-03-04,43
Dwyane Wade,Heat,2014-02-11,2014-03-19,36
Dwyane Wade,Heat,2014-03-03,2014-03-28,25
Dwyane Wade,Heat,2014-03-18,2014-04-12,25
Dwyane Wade,Heat,2014-03-22,2014-11-30,253
Dwyane Wade,Heat,2014-04-02,2015-01-20,293
Dwyane Wade,Heat,2014-11-14,2015-02-20,98
Dwyane Wade,Heat,2015-01-14,2015-03-27,72
Dwyane Wade,Heat,2015-01-30,2018-03-23,1148
Dwyane Wade,Heat,2015-03-25,2018-04-06,1108
E'Twaun Moore,Bulls,2016-04-05,2016-04-09,4
E'Twaun Moore,Celtics,2012-01-06,2012-01-11,5
E'Twaun Moore,Celtics,2012-02-28,2012-03-02,3
E'Twaun Moore,Celtics,2012-03-04,2012-03-09,5
E'Twaun Moore,Magic,2013-12-21,2013-12-29,8
Earl Barron,Heat,2007-11-01,2007-12-09,38
Earl Barron,Heat,2007-12-13,2007-12-19,6
Earl Barron,Knicks,2013-04-23,2013-05-03,10
Earl Clark,Cavaliers,2013-11-30,2013-12-04,4
Earl Clark,Lakers,2012-10-30,2012-11-02,3
Earl Clark,Nets,2015-04-22,2015-04-25,3
Earl Clark,Suns,2010-03-16,2010-03-21,5
Earl Watson,Blazers,2013-10-30,2013-11-01,2
Earl Watson,Jazz,2012-03-15,2012-03-18,3
Earl Watson,Jazz,2012-04-26,2012-11-23,211
Earl Watson,Pacers,2009-12-09,2009-12-11,2
Earl Watson,Sonics,2007-04-11,2008-02-29,324
Ed Davis (Adam),Blazers,2015-12-27,2015-12-30,3
Ed Davis (Adam),Blazers,2017-01-27,2017-01-29,2
Ed Davis (Adam),Blazers,2017-03-18,2018-04-09,387
Ed Davis (Adam),Raptors,2010-10-27,2010-11-12,16
Ed Davis (Adam),Raptors,2010-11-13,2010-12-01,18
Eddie Griffin,Timberwolves,2006-12-27,2007-01-01,5
Eddie Griffin,Timberwolves,2007-01-05,2007-01-12,7
Eddie House,Celtics,2007-11-14,2007-11-16,2
Eddie House,Celtics,2008-04-11,2008-04-16,5
Eddie House,Celtics,2010-01-06,2010-01-08,2
Eddie House,Nets,2007-04-20,2007-05-12,22
Eddie Jones,Grizzlies,2006-11-17,2006-12-09,22
Eddie Jones,Grizzlies,2007-01-12,2007-01-13,1
Eddie Jones,Grizzlies,2007-01-20,2007-01-22,2
Eddie Jones,Mavericks,2007-11-08,2007-11-09,1
Eddie Jones,Mavericks,2007-11-15,2007-12-12,27
Eddie Jones,Mavericks,2008-02-25,2008-02-28,3
Eddie Jones,Mavericks,2008-02-29,2008-03-27,27
Eddy Curry,Heat,2011-12-25,2012-01-19,25
Eddy Curry,Heat,2012-04-01,2012-04-03,2
Eddy Curry,Heat,2012-04-04,2012-04-08,4
Eddy Curry,Knicks,2007-01-26,2007-01-28,2
Eddy Curry,Knicks,2007-12-05,2007-12-07,2
Eddy Curry,Knicks,2008-02-01,2008-02-04,3
Eddy Curry,Knicks,2008-03-10,2008-11-11,246
Eddy Curry,Knicks,2008-11-02,2009-01-08,67
Eddy Curry,Knicks,2008-11-21,2009-03-28,127
Eddy Curry,Knicks,2009-01-17,2009-11-18,305
Eddy Curry,Knicks,2009-10-28,2009-12-07,40
Eddy Curry,Knicks,2009-11-25,2010-01-07,43
Eddy Curry,Timberwolves,2011-02-23,2011-03-01,6
Edmond Sumner,Pacers,2017-10-18,2018-04-10,174
Edrice Adebayo,Heat,2018-03-27,2018-03-29,2
Eduardo Najera,Bobcats,2010-10-27,2010-11-13,17
Eduardo Najera,Bobcats,2010-11-19,2010-12-11,22
Eduardo Najera,Bobcats,2010-12-14,2010-12-27,13
Eduardo Najera,Bobcats,2010-12-29,2011-01-03,5
Eduardo Najera,Bobcats,2011-01-18,2011-01-20,2
Eduardo Najera,Bobcats,2011-02-04,2011-02-05,1
Eduardo Najera,Bobcats,2011-03-11,2011-03-13,2
Eduardo Najera,Bobcats,2011-03-16,2011-03-19,3
Eduardo Najera,Bobcats,2011-03-26,2011-03-28,2
Eduardo Najera,Bobcats,2011-12-26,2012-01-21,26
Eduardo Najera,Bobcats,2012-02-15,2012-02-22,7
Eduardo Najera,Bobcats,2012-02-29,2012-03-02,2
Eduardo Najera,Bobcats,2012-03-12,2012-03-15,3
Eduardo Najera,Bobcats,2012-03-23,2012-03-28,5
Eduardo Najera,Mavericks,2010-01-13,2010-01-15,2
Eduardo Najera,Mavericks,2010-01-17,2010-01-20,3
Eduardo Najera,Mavericks,2010-01-22,2010-01-24,2
Eduardo Najera,Mavericks,2010-01-26,2010-01-30,4
Eduardo Najera,Nets,2008-10-29,2008-11-01,3
Eduardo Najera,Nets,2008-11-25,2008-12-19,24
Eduardo Najera,Nets,2009-02-03,2009-12-13,313
Eduardo Najera,Nets,2009-12-04,2010-01-05,32
Ekpe Udoh,Bucks,2012-03-14,2012-12-03,264
Ekpe Udoh,Bucks,2012-12-01,2012-12-14,13
Ekpe Udoh,Bucks,2012-12-12,2013-04-12,121
Ekpe Udoh,Bucks,2013-04-06,2013-11-06,214
Ekpe Udoh,Clippers,2014-11-08,2014-11-10,2
Ekpe Udoh,Clippers,2015-03-29,2015-03-31,2
Ekpe Udoh,Warriors,2010-10-27,2010-12-10,44
Elfrid Payton,Magic,2017-10-21,2017-11-08,18
Elias Harris,Lakers,2013-10-29,2013-11-07,9
Elias Harris,Lakers,2013-11-05,2013-11-12,7
Elliot Williams,Blazers,2010-10-26,2010-11-02,7
Elliot Williams,Blazers,2010-11-06,2012-03-18,498
Elliot Williams,Jazz,2015-01-16,2015-01-21,5
Elton Brand,76ers,2008-12-05,2008-12-10,5
Elton Brand,76ers,2008-12-19,2009-01-24,36
Elton Brand,76ers,2009-02-05,2012-02-08,1098
Elton Brand,76ers,2012-02-04,2016-01-26,1452
Elton Brand,76ers,2012-04-25,2016-02-05,1381
Elton Brand,76ers,2016-02-03,2016-03-04,30
Elton Brand,76ers,2016-02-08,2016-03-06,27
Elton Brand,Clippers,2007-02-12,2007-02-20,8
Elton Brand,Clippers,2007-10-29,2008-04-02,156
Elton Brand,Hawks,2013-11-23,2013-11-27,4
Emanuel Ginobili,Spurs,2006-11-26,2006-12-04,8
Emanuel Ginobili,Spurs,2006-12-26,2006-12-28,2
Emanuel Ginobili,Spurs,2007-04-16,2008-01-06,265
Emanuel Ginobili,Spurs,2007-12-28,2008-04-16,110
Emanuel Ginobili,Spurs,2008-04-14,2008-11-24,224
Emanuel Ginobili,Spurs,2008-10-29,2009-02-08,102
Emanuel Ginobili,Spurs,2009-02-03,2009-03-25,50
Emanuel Ginobili,Spurs,2009-02-17,2009-11-29,285
Emanuel Ginobili,Spurs,2009-04-07,2011-03-31,723
Emanuel Ginobili,Spurs,2009-11-19,2011-04-13,510
Emanuel Ginobili,Spurs,2011-03-28,2011-04-20,23
Emanuel Ginobili,Spurs,2011-04-12,2012-02-11,305
Emanuel Ginobili,Spurs,2011-04-17,2012-03-04,322
Emanuel Ginobili,Spurs,2012-01-04,2012-03-17,73
Emanuel Ginobili,Spurs,2012-02-20,2012-11-03,257
Emanuel Ginobili,Spurs,2012-03-16,2013-01-23,313
Emanuel Ginobili,Spurs,2012-03-24,2013-04-17,389
Emanuel Ginobili,Spurs,2012-10-31,2014-02-18,475
Emanuel Ginobili,Spurs,2013-01-16,2014-04-14,453
Emanuel Ginobili,Spurs,2013-03-31,2015-01-13,653
Emanuel Ginobili,Spurs,2014-01-29,2015-02-11,378
Emanuel Ginobili,Spurs,2015-01-10,2015-03-12,61
Emanuel Ginobili,Spurs,2015-02-09,2015-03-24,43
Emanuel Ginobili,Spurs,2015-03-10,2015-11-16,251
Emanuel Ginobili,Spurs,2015-03-17,2015-11-21,249
Emanuel Ginobili,Spurs,2015-11-14,2015-11-28,14
Emanuel Ginobili,Spurs,2015-11-18,2015-12-28,40
Emanuel Ginobili,Spurs,2015-11-27,2016-03-05,99
Emanuel Ginobili,Spurs,2015-12-26,2016-03-10,75
Emanuel Ginobili,Spurs,2016-02-05,2016-04-10,65
Emanuel Ginobili,Spurs,2016-03-08,2016-04-17,40
Emanuel Ginobili,Spurs,2016-04-08,2016-10-30,205
Emanuel Ginobili,Spurs,2016-04-12,2016-11-29,231
Emanuel Ginobili,Spurs,2016-10-29,2016-12-02,34
Emanuel Ginobili,Spurs,2016-11-26,2016-12-25,29
Emanuel Ginobili,Spurs,2016-11-30,2017-03-06,96
Emanuel Ginobili,Spurs,2016-12-22,2017-03-11,79
Emanuel Ginobili,Spurs,2017-03-04,2017-03-21,17
Emanuel Ginobili,Spurs,2017-03-09,2017-12-12,278
Emanuel Ginobili,Spurs,2017-03-19,2018-03-13,359
Emanuel Ginobili,Spurs,2017-12-09,2018-04-07,119
Emeka Okafor,Bobcats,2007-02-26,2007-03-28,30
Emeka Okafor,Hornets,2011-02-01,2011-02-25,24
Emmanuel Mudiay,Nuggets,2015-12-14,2016-01-10,27
Emmanuel Mudiay,Nuggets,2016-12-08,2016-12-10,2
Emmanuel Mudiay,Nuggets,2017-01-22,2017-02-01,10
Emmanuel Mudiay,Nuggets,2017-02-06,2017-02-10,4
Emmanuel Mudiay,Nuggets,2017-02-08,2017-12-26,321
Enes Kanter,Jazz,2013-03-29,2013-11-29,245
Enes Kanter,Knicks,2017-11-24,2017-11-29,5
Enes Kanter,Thunder,2017-01-29,2017-02-24,26
Eric Bledsoe,Bucks,2018-02-01,2018-02-02,1
Eric Bledsoe,Clippers,2012-01-04,2012-01-26,22
Eric Bledsoe,Suns,2014-01-07,2014-03-12,64
Eric Bledsoe,Suns,2015-11-23,2015-11-25,2
Eric Bledsoe,Suns,2015-12-28,2017-02-13,413
Eric Gordon,Clippers,2009-02-27,2009-03-02,3
Eric Gordon,Clippers,2009-11-09,2009-11-25,16
Eric Gordon,Clippers,2009-12-02,2009-12-05,3
Eric Gordon,Clippers,2010-01-24,2010-01-27,3
Eric Gordon,Clippers,2010-03-07,2010-03-15,8
Eric Gordon,Clippers,2010-11-09,2010-11-10,1
Eric Gordon,Clippers,2011-02-21,2011-03-02,9
Eric Gordon,Clippers,2011-03-07,2011-03-19,12
Eric Gordon,Hornets,2012-01-18,2012-04-04,77
Eric Gordon,Hornets,2012-10-31,2012-12-29,59
Eric Gordon,Pelicans,2013-12-27,2014-01-01,5
Eric Gordon,Pelicans,2014-11-25,2015-01-05,41
Eric Gordon,Pelicans,2016-01-23,2016-02-27,35
Eric Gordon,Rockets,2017-01-11,2017-01-13,2
Eric Gordon,Rockets,2017-10-28,2017-10-30,2
Eric Gordon,Rockets,2018-02-01,2018-02-06,5
Eric Gordon,Rockets,2018-04-05,2018-04-10,5
Eric Maynor,Blazers,2013-02-22,2013-02-27,5
Eric Moreland,Kings,2014-10-29,2014-11-26,28
Eric Moreland,Kings,2014-12-21,2014-12-26,5
Eric Moreland,Kings,2014-12-31,2015-10-30,303
Eric Moreland,Kings,2015-10-28,2015-11-03,6
Eric Moreland,Kings,2015-10-31,2015-11-21,21
Eric Moreland,Kings,2015-11-18,2015-11-25,7
Eric Moreland,Kings,2015-11-23,2015-12-03,10
Eric Moreland,Kings,2015-11-30,2016-03-20,111
Eric Moreland,Kings,2015-12-27,2016-04-01,96
Eric Moreland,Pistons,2017-10-21,2017-10-25,4
Eric Piatkowski,Suns,2007-02-27,2007-02-28,1
Eric Piatkowski,Suns,2007-05-16,2008-03-15,304
Eric Snow,Cavaliers,2007-10-29,2007-11-21,23
Erick Dampier,Heat,2011-04-10,2011-05-31,51
Erick Dampier,Mavericks,2007-02-07,2007-02-09,2
Erick Dampier,Mavericks,2007-04-14,2007-04-17,3
Erick Dampier,Mavericks,2007-10-29,2007-11-13,15
Erick Dampier,Mavericks,2008-01-04,2008-01-09,5
Erick Dampier,Mavericks,2008-02-08,2008-02-10,2
Erick Dampier,Mavericks,2009-11-18,2009-11-30,12
Erick Dampier,Mavericks,2010-01-05,2010-01-08,3
Erick Dampier,Mavericks,2010-01-24,2010-01-26,2
Erick Dampier,Mavericks,2010-02-03,2010-02-05,2
Erick Dampier,Mavericks,2010-02-08,2010-02-16,8
Erick Dampier,Mavericks,2010-02-24,2010-03-10,14
Erick Green,Nuggets,2014-10-29,2014-11-07,9
Erick Green,Nuggets,2014-11-09,2014-11-17,8
Erick Green,Nuggets,2014-11-19,2014-11-25,6
Erick Green,Nuggets,2014-12-01,2014-12-05,4
Erick Green,Nuggets,2015-01-20,2015-01-31,11
Erik McCree,Jazz,2017-12-21,2018-02-05,46
Erik McCree,Jazz,2018-02-23,2018-03-11,16
Erik Murphy,Jazz,2014-04-06,2014-04-16,10
Ersan Ilyasova,Bucks,2011-03-01,2011-03-04,3
Ersan Ilyasova,Bucks,2011-03-13,2011-04-08,26
Ersan Ilyasova,Bucks,2012-03-16,2012-03-20,4
Ersan Ilyasova,Bucks,2012-04-19,2012-04-21,2
Ersan Ilyasova,Bucks,2013-01-05,2013-01-08,3
Ersan Ilyasova,Bucks,2013-03-09,2013-03-10,1
Ersan Ilyasova,Bucks,2013-03-19,2013-03-24,5
Ersan Ilyasova,Bucks,2013-04-10,2013-04-12,2
Ersan Ilyasova,Bucks,2013-04-17,2014-12-23,615
Ersan Ilyasova,Hawks,2017-10-29,2017-11-10,12
Ersan Ilyasova,Hawks,2017-11-11,2017-11-15,4
Ersan Ilyasova,Hawks,2018-02-04,2018-02-06,2
Ersan Ilyasova,Hawks,2018-02-14,2018-02-26,12
Etan Thomas,Hawks,2010-10-27,2010-10-29,2
Etan Thomas,Hawks,2010-11-12,2010-12-01,19
Etan Thomas,Hawks,2010-12-22,2011-01-02,11
Etan Thomas,Hawks,2011-01-08,2011-01-17,9
Etan Thomas,Hawks,2011-01-18,2011-01-21,3
Etan Thomas,Hawks,2011-02-02,2011-03-12,38
Etan Thomas,Hawks,2011-03-06,2011-03-26,20
Etan Thomas,Hawks,2011-03-15,2011-04-24,40
Etan Thomas,Wizards,2006-12-13,2007-01-10,28
Etan Thomas,Wizards,2007-10-29,2008-11-07,375
Etan Thomas,Wizards,2008-11-05,2008-12-19,44
Eugene Jeter,Kings,2010-10-29,2010-11-06,8
Eugene Jeter,Kings,2010-11-10,2010-11-21,11
Evan Fournier,Magic,2015-01-10,2015-01-14,4
Evan Fournier,Magic,2015-02-27,2015-04-08,40
Evan Fournier,Magic,2016-02-28,2016-03-04,5
Evan Fournier,Magic,2016-12-23,2017-01-04,12
Evan Fournier,Magic,2017-04-06,2017-04-07,1
Evan Fournier,Magic,2017-12-09,2017-12-26,17
Evan Turner,Blazers,2016-12-21,2016-12-26,5
Evan Turner,Blazers,2017-02-13,2017-03-18,33
Evan Turner,Blazers,2018-02-05,2018-02-08,3
Evan Turner,Blazers,2018-04-19,2018-04-21,2
Evan Turner,Celtics,2016-04-06,2016-04-08,2
Evan Turner,Pacers,2014-05-18,2014-05-20,2
Fab Melo,Celtics,2012-10-30,2013-02-01,94
Fab Melo,Celtics,2013-03-01,2013-04-17,47
Fabricio Oberto,Spurs,2007-03-15,2007-03-16,1
Fabricio Oberto,Spurs,2008-12-20,2009-01-02,13
Fabricio Oberto,Spurs,2009-03-27,2009-04-07,11
Fabricio Oberto,Spurs,2009-04-08,2009-04-12,4
Fabricio Oberto,Wizards,2009-11-18,2009-11-21,3
Festus Ezeli,Warriors,2013-10-30,2015-01-28,455
Festus Ezeli,Warriors,2014-04-19,2015-02-03,290
Festus Ezeli,Warriors,2014-12-25,2016-04-03,465
Francisco Elson,76ers,2010-02-19,2010-04-09,49
Francisco Elson,Bucks,2008-12-15,2008-12-27,12
Francisco Elson,Bucks,2009-10-30,2009-11-18,19
Francisco Elson,Bucks,2009-12-04,2009-12-18,14
Francisco Elson,Jazz,2011-01-22,2011-01-25,3
Francisco Elson,Jazz,2011-03-09,2011-03-23,14
Francisco Elson,Sonics,2008-02-21,2008-02-22,1
Francisco Elson,Sonics,2008-03-14,2008-03-24,10
Francisco Elson,Spurs,2006-12-28,2007-01-19,22
Francisco Elson,Spurs,2007-04-13,2007-04-14,1
Francisco Elson,Spurs,2007-12-17,2007-12-22,5
Francisco Garcia,Kings,2008-02-09,2008-02-19,10
Francisco Garcia,Kings,2008-10-29,2008-11-28,30
Francisco Garcia,Kings,2009-10-28,2010-02-16,111
Francisco Garcia,Kings,2010-03-28,2010-03-31,3
Francisco Garcia,Kings,2010-11-25,2010-11-30,5
Francisco Garcia,Kings,2011-01-17,2011-02-21,35
Francisco Garcia,Rockets,2014-01-18,2014-01-22,4
Francisco Garcia,Rockets,2014-04-12,2014-04-14,2
Frank Kaminsky,Hornets,2016-10-26,2016-10-29,3
Frank Kaminsky,Hornets,2017-12-09,2017-12-11,2
Frank Mason,Kings,2018-01-02,2018-02-22,51
Frank Ntilikina,Knicks,2017-10-21,2017-10-27,6
Frank Ntilikina,Knicks,2017-11-29,2017-12-03,4
Fred Jones,Knicks,2008-01-25,2008-01-30,5
Fred Jones,Raptors,2006-12-17,2006-12-19,2
Fred Jones,Raptors,2007-01-31,2007-02-21,21
Fred VanVleet,Raptors,2018-01-17,2018-01-20,3
Fred VanVleet,Raptors,2018-03-18,2018-03-21,3
Fred VanVleet,Raptors,2018-04-09,2018-04-11,2
Fred VanVleet,Raptors,2018-04-14,2018-04-17,3
Fred VanVleet,Raptors,2018-04-20,2018-04-27,7
Furkan Korkmaz,76ers,2017-10-18,2017-10-30,12
Furkan Korkmaz,76ers,2017-11-03,2017-11-09,6
Furkan Korkmaz,76ers,2017-12-02,2017-12-07,5
Furkan Korkmaz,76ers,2017-12-15,2018-03-22,97
Gabe Pruitt,Celtics,2007-11-01,2007-11-09,8
Gabe Pruitt,Celtics,2007-11-13,2007-11-14,1
Gabe Pruitt,Celtics,2007-11-16,2007-11-27,11
Gabe Pruitt,Celtics,2007-12-02,2007-12-14,12
Gabe Pruitt,Celtics,2007-12-19,2007-12-30,11
Gabe Pruitt,Celtics,2008-01-02,2008-01-09,7
Gabe Pruitt,Celtics,2008-01-11,2008-01-12,1
Gabe Pruitt,Celtics,2008-03-02,2008-04-12,41
Gabe Pruitt,Celtics,2008-04-20,2009-03-04,318
Gal Mekel,Mavericks,2014-01-15,2014-03-04,48
Gani Lawal,Suns,2010-10-26,2010-11-15,20
Garret Siler,Suns,2010-12-15,2010-12-23,8
Garret Siler,Suns,2010-12-31,2011-01-11,11
Garret Siler,Suns,2011-01-14,2011-01-21,7
Garrett Temple,Bobcats,2011-03-13,2011-03-16,3
Garrett Temple,Bobcats,2011-03-23,2011-03-25,2
Garrett Temple,Kings,2017-02-04,2017-03-05,29
Garrett Temple,Kings,2017-10-31,2017-11-01,1
Garrett Temple,Spurs,2010-03-16,2010-03-17,1
Garrett Temple,Wizards,2015-04-18,2015-05-03,15
Gary Forbes,Raptors,2012-04-06,2012-04-08,2
Gary Harris,Nuggets,2014-10-29,2014-11-14,16
Gary Harris,Nuggets,2014-11-19,2014-11-25,6
Gary Harris,Nuggets,2015-12-03,2015-12-11,8
Gary Harris,Nuggets,2016-10-26,2016-11-05,10
Gary Harris,Nuggets,2016-11-16,2016-11-25,9
Gary Harris,Nuggets,2016-11-27,2016-12-15,18
Gary Harris,Nuggets,2017-01-17,2017-01-19,2
Gary Harris,Nuggets,2017-01-21,2017-01-22,1
Gary Harris,Nuggets,2017-11-11,2017-11-17,6
Gary Harris,Nuggets,2017-12-20,2017-12-22,2
Gary Neal,Hornets,2014-11-19,2014-11-21,2
Gary Neal,Hornets,2014-11-26,2014-12-05,9
Gary Neal,Spurs,2011-12-26,2012-01-02,7
Gary Neal,Timberwolves,2015-02-11,2015-02-20,9
Gary Neal,Wizards,2016-02-09,2016-03-08,28
Gary Payton (Sr.),Heat,2006-12-11,2006-12-13,2
Gary Payton (Sr.),Heat,2007-01-13,2007-01-15,2
Gary Payton (Sr.),Heat,2007-01-19,2007-01-21,2
Gary Payton (Sr.),Heat,2007-04-10,2007-04-18,8
Gary Payton II,Bucks,2017-04-15,2017-11-15,214
Gary Payton II,Lakers,2018-01-21,2018-02-08,18
Gary Payton II,Lakers,2018-02-23,2018-03-01,6
George Hill,Cavaliers,2018-04-01,2018-04-09,8
George Hill,Cavaliers,2018-04-22,2018-04-29,7
George Hill,Jazz,2016-12-14,2016-12-29,15
George Hill,Jazz,2017-01-01,2017-01-07,6
George Hill,Jazz,2017-01-05,2017-03-08,62
George Hill,Jazz,2017-03-06,2017-04-10,35
George Hill,Kings,2017-10-29,2017-10-31,2
George Hill,Kings,2017-12-19,2017-12-20,1
George Hill,Pacers,2013-04-17,2013-05-18,31
George Hill,Pacers,2013-05-16,2014-12-23,586
George Hill,Pacers,2014-10-29,2015-01-23,86
George Hill,Spurs,2010-04-06,2010-04-12,6
George Hill,Spurs,2010-11-03,2010-11-06,3
Georges Niang,Jazz,2018-01-15,2018-01-30,15
Georges Niang,Jazz,2018-02-05,2018-02-09,4
Georges Niang,Jazz,2018-03-11,2018-03-13,2
Georges Niang,Pacers,2016-10-26,2016-10-28,2
Georges Niang,Pacers,2016-12-04,2016-12-12,8
Georges Niang,Pacers,2017-01-05,2017-01-07,2
Georges Niang,Pacers,2017-02-01,2017-02-03,2
Georges Niang,Pacers,2017-02-06,2017-02-13,7
Georges Niang,Pacers,2017-02-24,2017-03-28,32
Georgios Papagiannis,Blazers,2018-03-30,2018-04-01,2
Georgios Papagiannis,Kings,2016-10-26,2016-11-05,10
Georgios Papagiannis,Kings,2016-11-06,2016-12-28,52
Georgios Papagiannis,Kings,2017-01-03,2017-01-20,17
Georgios Papagiannis,Kings,2017-10-20,2017-10-29,9
Georgios Papagiannis,Kings,2017-11-01,2017-11-04,3
Georgios Papagiannis,Kings,2017-11-07,2017-11-13,6
Georgios Papagiannis,Kings,2017-11-17,2017-12-08,21
Georgios Papagiannis,Kings,2017-12-14,2017-12-17,3
Georgios Papagiannis,Kings,2018-01-09,2018-01-10,1
Gerald Green (b. 1986-01-26),Celtics,2016-12-14,2016-12-18,4
Gerald Green (b. 1986-01-26),Celtics,2017-01-24,2017-01-25,1
Gerald Green (b. 1986-01-26),Celtics,2017-02-24,2017-03-03,7
Gerald Green (b. 1986-01-26),Heat,2015-11-03,2015-11-17,14
Gerald Green (b. 1986-01-26),Mavericks,2008-12-17,2008-12-19,2
Gerald Green (b. 1986-01-26),Pacers,2012-12-22,2012-12-28,6
Gerald Green (b. 1986-01-26),Pacers,2013-01-26,2013-01-28,2
Gerald Green (b. 1986-01-26),Pacers,2013-03-30,2013-04-01,2
Gerald Green (b. 1986-01-26),Rockets,2008-02-24,2008-02-26,2
Gerald Green (b. 1986-01-26),Timberwolves,2007-11-06,2007-11-09,3
Gerald Henderson Jr.,Blazers,2015-10-28,2015-11-11,14
Gerald Henderson Jr.,Bobcats,2010-04-18,2010-12-14,240
Gerald Henderson Jr.,Bobcats,2010-11-15,2012-02-29,471
Gerald Henderson Jr.,Bobcats,2012-02-10,2012-12-03,297
Gerald Wallace,Bobcats,2007-01-01,2007-01-19,18
Gerald Wallace,Bobcats,2008-02-23,2008-03-12,18
Gerald Wallace,Bobcats,2009-01-28,2009-02-17,20
Gerald Wallace,Bobcats,2010-04-12,2010-04-14,2
Gerald Wallace,Bobcats,2010-12-15,2010-12-29,14
Gerald Wallace,Bobcats,2011-01-03,2011-01-12,9
Gerald Wallace,Nets,2012-11-05,2012-11-18,13
Gerald Wallace,Nets,2012-11-21,2012-11-23,2
Gerald Wallace,Nets,2012-12-31,2013-01-02,2
Gerald Wallace,Nets,2013-01-15,2013-01-16,1
Gerald Wallace,Nets,2013-04-03,2013-04-04,1
Gerald Wallace,Nets,2013-04-12,2013-04-15,3
Gian Clavell,Mavericks,2017-10-18,2017-10-20,2
Gian Clavell,Mavericks,2017-10-25,2017-10-26,1
Gian Clavell,Mavericks,2017-10-28,2017-10-30,2
Gian Clavell,Mavericks,2017-11-01,2017-11-03,2
Gian Clavell,Mavericks,2017-11-07,2017-11-12,5
Giannis Antetokounmpo,Bucks,2017-12-23,2017-12-26,3
Giannis Antetokounmpo,Bucks,2018-01-20,2018-01-26,6
Giannis Antetokounmpo,Bucks,2018-03-23,2018-03-25,2
Giannis Antetokounmpo,Bucks,2018-04-07,2018-04-11,4
Gilbert Arenas,Grizzlies,2012-04-23,2012-04-26,3
Gilbert Arenas,Wizards,2007-04-06,2008-04-02,362
Gilbert Arenas,Wizards,2007-11-17,2009-03-28,497
Gilbert Arenas,Wizards,2007-12-21,2010-11-05,1050
Glen Davis,Celtics,2008-12-21,2008-12-25,4
Glen Davis,Celtics,2009-10-27,2009-12-25,59
Glen Davis,Celtics,2009-12-30,2010-01-02,3
Glen Davis,Clippers,2014-10-30,2014-11-08,9
Glen Davis,Clippers,2015-03-20,2015-03-22,2
Glen Davis,Magic,2012-02-03,2012-02-06,3
Glen Davis,Magic,2012-04-26,2013-01-14,263
Glen Davis,Magic,2012-12-29,2013-11-23,329
Glen Rice Jr.,Wizards,2013-12-18,2014-01-20,33
Glenn Robinson III,Pacers,2015-10-28,2015-10-29,1
Glenn Robinson III,Pacers,2017-03-26,2018-02-23,334
Glenn Robinson III,Timberwolves,2014-10-30,2014-11-14,15
Glenn Robinson III,Timberwolves,2015-02-09,2015-02-11,2
Goran Dragic,Heat,2015-12-22,2015-12-25,3
Goran Dragic,Heat,2016-01-13,2016-01-29,16
Goran Dragic,Heat,2018-04-04,2018-04-06,2
Goran Dragic,Heat,2018-04-11,2018-04-14,3
Goran Dragic,Rockets,2011-02-27,2011-03-01,2
Goran Dragic,Suns,2011-01-30,2011-02-15,16
Goran Dragic,Suns,2012-12-28,2012-12-29,1
Goran Dragic,Suns,2014-12-14,2014-12-17,3
Gordan Giricek,Jazz,2006-11-10,2006-11-22,12
Gordan Giricek,Jazz,2007-03-16,2007-03-30,14
Gordon Hayward,Jazz,2010-12-18,2010-12-20,2
Gordon Hayward,Jazz,2011-01-17,2011-01-19,2
Gordon Hayward,Jazz,2014-01-13,2014-01-21,8
Gordon Hayward,Jazz,2015-03-23,2015-03-27,4
Gordon Hayward,Jazz,2015-04-15,2016-11-06,571
Gorgui Dieng,Timberwolves,2014-01-17,2014-01-18,1
Gorgui Dieng,Timberwolves,2014-01-24,2014-01-25,1
Grant Hill,Clippers,2012-10-31,2013-01-12,73
Grant Hill,Clippers,2013-04-25,2013-04-27,2
Grant Hill,Magic,2006-11-11,2006-11-13,2
Grant Hill,Magic,2006-12-30,2007-01-07,8
Grant Hill,Magic,2007-02-02,2007-02-20,18
Grant Hill,Magic,2007-03-02,2007-03-08,6
Grant Hill,Suns,2008-01-27,2008-01-29,2
Grant Hill,Suns,2008-04-16,2011-01-14,1003
Grant Jerrett,Jazz,2015-02-20,2015-02-25,5
Grant Jerrett,Jazz,2015-03-21,2015-03-23,2
Grant Jerrett,Jazz,2015-03-27,2015-04-10,14
Grant Jerrett,Thunder,2014-04-09,2014-11-15,220
Grant Jerrett,Thunder,2014-04-19,2014-11-28,223
Grant Jerrett,Thunder,2014-10-29,2015-01-26,89
Grant Jerrett,Thunder,2014-12-05,2015-02-02,59
Greg Buckner,Mavericks,2007-02-26,2007-03-01,3
Greg Buckner,Timberwolves,2007-12-11,2007-12-26,15
Greg Buckner,Timberwolves,2008-02-26,2008-03-04,7
Greg Monroe,Pistons,2015-03-17,2015-04-08,22
Greg Monroe,Suns,2017-11-10,2017-11-16,6
Greg Oden,Blazers,2007-10-29,2008-11-12,380
Greg Oden,Blazers,2008-10-31,2009-03-18,138
Greg Oden,Heat,2013-10-29,2014-01-15,78
Greg Oden,Heat,2014-03-04,2014-03-06,2
Greg Oden,Heat,2014-03-10,2014-03-24,14
Greg Oden,Heat,2014-03-19,2014-04-14,26
Greg Oden,Heat,2014-03-28,2014-05-24,57
Greg Smith (b. 1991-01-08),Mavericks,2015-03-10,2015-03-13,3
Greg Smith (b. 1991-01-08),Mavericks,2015-03-18,2015-03-22,4
Greg Smith (b. 1991-01-08),Mavericks,2015-03-27,2015-03-29,2
Greg Smith (b. 1991-01-08),Mavericks,2015-04-01,2015-04-10,9
Greg Smith (b. 1991-01-08),Mavericks,2015-04-18,2015-04-21,3
Greg Smith (b. 1991-01-08),Rockets,2012-02-08,2012-02-19,11
Greg Smith (b. 1991-01-08),Rockets,2012-03-06,2012-03-11,5
Greg Smith (b. 1991-01-08),Rockets,2012-03-26,2012-04-26,31
Greg Smith (b. 1991-01-08),Rockets,2012-11-02,2012-11-07,5
Greg Stiemsma,Pelicans,2013-11-16,2013-12-30,44
Greg Stiemsma,Raptors,2014-10-29,2014-11-01,3
Greivis Vasquez,Bucks,2015-11-29,2016-03-30,122
Greivis Vasquez,Grizzlies,2010-10-27,2010-10-30,3
Greivis Vasquez,Grizzlies,2010-11-02,2010-11-03,1
Greivis Vasquez,Grizzlies,2011-03-06,2011-03-09,3
Greivis Vasquez,Nets,2016-11-04,2016-11-09,5
Greivis Vasquez,Raptors,2014-02-01,2014-02-03,2
Guerschon Yabusele,Celtics,2017-10-17,2017-10-20,3
Guerschon Yabusele,Celtics,2018-01-18,2018-01-22,4
Guerschon Yabusele,Celtics,2018-01-23,2018-01-31,8
Guerschon Yabusele,Celtics,2018-02-24,2018-03-14,18
Guerschon Yabusele,Celtics,2018-04-08,2018-04-11,3
Guillermo Hernangomez,Knicks,2016-11-02,2016-11-04,2
Guillermo Hernangomez,Knicks,2017-03-01,2017-03-05,4
Gustavo Ayon,Bucks,2013-03-28,2013-04-01,4
Gustavo Ayon,Bucks,2013-04-03,2013-04-06,3
Gustavo Ayon,Hawks,2013-10-30,2013-11-09,10
Gustavo Ayon,Hawks,2013-12-13,2013-12-23,10
Gustavo Ayon,Hawks,2014-03-07,2014-04-19,43
Gustavo Ayon,Hornets,2011-12-26,2012-01-01,6
Gustavo Ayon,Magic,2013-01-14,2013-01-22,8
Hakim Warrick,Bobcats,2013-01-06,2013-01-11,5
Hakim Warrick,Grizzlies,2007-11-09,2007-11-13,4
Hakim Warrick,Grizzlies,2007-11-14,2007-11-16,2
Hakim Warrick,Suns,2012-02-13,2012-02-14,1
Hamady Ndiaye,Kings,2013-11-05,2013-11-13,8
Hamady Ndiaye,Kings,2013-12-01,2013-12-03,2
Hamed Haddadi,Grizzlies,2008-11-05,2008-12-30,55
Hamed Haddadi,Grizzlies,2009-02-17,2009-03-18,29
Hamed Haddadi,Grizzlies,2009-11-02,2009-11-06,4
Hamed Haddadi,Grizzlies,2010-01-09,2010-01-25,16
Hamed Haddadi,Grizzlies,2010-01-27,2010-01-29,2
Hamed Haddadi,Grizzlies,2010-02-05,2010-02-21,16
Hamed Haddadi,Grizzlies,2010-11-05,2010-12-13,38
Hamed Haddadi,Grizzlies,2011-01-28,2011-01-31,3
Hamed Haddadi,Grizzlies,2011-02-13,2011-02-26,13
Hamed Haddadi,Suns,2013-02-22,2013-03-06,12
Harrison Barnes,Mavericks,2018-02-05,2018-02-10,5
Harrison Barnes,Mavericks,2018-03-17,2018-03-20,3
Harrison Barnes,Mavericks,2018-04-04,2018-04-06,2
Harrison Barnes,Warriors,2015-11-28,2016-01-02,35
Hasheem Thabeet,Grizzlies,2010-02-26,2010-03-08,10
Hasheem Thabeet,Rockets,2011-03-20,2011-04-11,22
Hasheem Thabeet,Rockets,2011-12-26,2011-12-29,3
Hasheem Thabeet,Rockets,2011-12-30,2012-01-03,4
Hasheem Thabeet,Rockets,2012-01-17,2012-01-19,2
Hasheem Thabeet,Rockets,2012-01-21,2012-01-27,6
Hasheem Thabeet,Rockets,2012-01-30,2012-02-09,10
Hasheem Thabeet,Rockets,2012-02-20,2012-03-06,15
Hasheem Thabeet,Thunder,2012-11-09,2012-11-12,3
Hasheem Thabeet,Thunder,2013-03-19,2013-03-20,1
Hassan Adams,Raptors,2008-12-15,2008-12-31,16
Hassan Whiteside,Heat,2014-12-14,2014-12-16,2
Hassan Whiteside,Heat,2015-03-27,2015-03-31,4
Hassan Whiteside,Heat,2016-01-04,2016-01-06,2
Hassan Whiteside,Heat,2016-01-29,2016-02-03,5
Hassan Whiteside,Heat,2016-05-09,2017-11-01,541
Hassan Whiteside,Heat,2017-10-21,2017-12-26,66
Hassan Whiteside,Heat,2017-12-20,2018-03-29,99
Hassan Whiteside,Kings,2010-10-29,2010-11-06,8
Hassan Whiteside,Kings,2010-11-10,2012-01-01,417
Hassan Whiteside,Kings,2011-12-26,2012-01-25,30
Hassan Whiteside,Kings,2012-01-03,2012-02-15,43
Henry Ellenson,Pistons,2016-11-07,2016-11-14,7
Henry Ellenson,Pistons,2016-12-02,2016-12-04,2
Henry Sims,Cavaliers,2013-11-06,2013-11-09,3
Henry Sims,Cavaliers,2013-11-22,2013-11-30,8
Henry Sims,Cavaliers,2013-12-17,2013-12-20,3
Henry Sims,Cavaliers,2013-12-23,2013-12-28,5
Henry Sims,Cavaliers,2014-01-10,2014-01-15,5
Hidayet Turkoglu,Magic,2006-12-09,2006-12-27,18
Hidayet Turkoglu,Magic,2007-01-10,2007-01-12,2
Hidayet Turkoglu,Magic,2008-11-22,2008-11-24,2
Hidayet Turkoglu,Magic,2012-01-18,2012-01-23,5
Hidayet Turkoglu,Magic,2012-04-09,2012-04-26,17
Hidayet Turkoglu,Magic,2012-11-04,2012-12-29,55
Hidayet Turkoglu,Magic,2013-01-22,2013-01-28,6
Hidayet Turkoglu,Raptors,2009-11-17,2009-11-18,1
Hidayet Turkoglu,Raptors,2010-01-05,2010-01-06,1
Hidayet Turkoglu,Raptors,2010-03-07,2010-03-09,2
Hidayet Turkoglu,Raptors,2010-03-26,2010-03-28,2
Hilton Armstrong,Hawks,2011-04-13,2011-04-19,6
Hilton Armstrong,Hornets,2008-02-04,2008-02-06,2
Hilton Armstrong,Hornets,2008-03-25,2008-04-01,7
Hilton Armstrong,Hornets,2008-12-26,2008-12-28,2
Hilton Armstrong,Hornets,2009-01-21,2009-01-26,5
Hilton Armstrong,Hornets,2009-04-15,2009-11-21,220
Hilton Armstrong,Hornets,2009-11-17,2009-11-29,12
Hilton Armstrong,Kings,2010-01-12,2010-01-18,6
Hilton Armstrong,Kings,2010-01-29,2010-02-01,3
Hilton Armstrong,Wizards,2010-12-27,2010-12-29,2
Iakovos Tsakalidis,Grizzlies,2006-11-11,2006-11-18,7
Iakovos Tsakalidis,Grizzlies,2007-01-13,2007-01-20,7
Iakovos Tsakalidis,Grizzlies,2007-01-22,2007-01-26,4
Iakovos Tsakalidis,Rockets,2007-02-13,2007-02-15,2
Iakovos Tsakalidis,Rockets,2007-03-07,2007-03-09,2
Iakovos Tsakalidis,Rockets,2007-04-04,2007-04-06,2
Ian Clark,Jazz,2013-11-29,2013-12-04,5
Ian Clark,Jazz,2013-12-06,2013-12-07,1
Ian Clark,Jazz,2014-01-25,2014-01-31,6
Ian Clark,Jazz,2014-02-07,2014-03-08,29
Ian Clark,Jazz,2015-02-25,2015-03-21,24
Ian Clark,Warriors,2015-10-27,2015-10-30,3
Ian Clark,Warriors,2015-11-09,2015-11-11,2
Ian Clark,Warriors,2016-04-05,2016-04-07,2
Ian Clark,Warriors,2016-04-13,2016-06-16,64
Ian Clark,Warriors,2016-06-13,2016-11-28,168
Ian Mahinmi,Mavericks,2011-04-10,2011-04-11,1
Ian Mahinmi,Pacers,2014-03-11,2014-03-14,3
Ian Mahinmi,Pacers,2014-12-23,2015-01-09,17
Ian Mahinmi,Pacers,2015-02-08,2015-02-11,3
Ian Mahinmi,Pacers,2015-12-31,2016-01-02,2
Ian Mahinmi,Pacers,2016-03-17,2016-03-19,2
Ian Mahinmi,Spurs,2007-11-15,2008-01-29,75
Ian Mahinmi,Spurs,2008-04-19,2009-11-19,579
Ian Mahinmi,Spurs,2008-10-29,2010-01-10,438
Ian Mahinmi,Spurs,2009-04-18,2010-02-11,299
Ian Mahinmi,Spurs,2009-10-28,2010-02-19,114
Ian Mahinmi,Spurs,2009-11-21,2010-02-26,97
Ian Mahinmi,Wizards,2016-10-27,2016-11-26,30
Ian Mahinmi,Wizards,2016-11-28,2017-02-08,72
Ian Mahinmi,Wizards,2017-04-12,2017-05-04,22
Ike Anigbogu,Pacers,2017-11-15,2017-11-25,10
Ike Anigbogu,Pacers,2017-11-27,2017-12-06,9
Ike Anigbogu,Pacers,2017-12-17,2017-12-27,10
Ike Anigbogu,Pacers,2018-01-06,2018-01-14,8
Ike Anigbogu,Pacers,2018-02-09,2018-02-11,2
Ike Anigbogu,Pacers,2018-02-23,2018-03-17,22
Ike Diogu,Blazers,2008-12-07,2008-12-09,2
Ike Diogu,Pacers,2007-11-07,2007-12-15,38
Ike Diogu,Pacers,2008-01-12,2008-01-19,7
Ike Diogu,Pacers,2008-03-06,2008-03-08,2
Ike Diogu,Warriors,2006-11-11,2006-12-15,34
Iman Shumpert,Cavaliers,2015-01-13,2015-01-23,10
Iman Shumpert,Cavaliers,2015-04-10,2015-04-12,2
Iman Shumpert,Cavaliers,2015-10-27,2015-12-11,45
Iman Shumpert,Cavaliers,2015-12-17,2015-12-20,3
Iman Shumpert,Cavaliers,2016-04-13,2016-04-17,4
Iman Shumpert,Cavaliers,2017-03-25,2017-03-27,2
Iman Shumpert,Cavaliers,2017-11-01,2017-11-07,6
Iman Shumpert,Cavaliers,2017-11-20,2017-11-27,7
Iman Shumpert,Cavaliers,2017-11-28,2018-01-23,56
Iman Shumpert,Knicks,2011-12-28,2012-01-04,7
Iman Shumpert,Knicks,2012-02-20,2012-02-29,9
Iman Shumpert,Knicks,2012-04-30,2013-01-17,262
Iman Shumpert,Knicks,2012-11-02,2014-02-03,458
Iman Shumpert,Knicks,2014-02-01,2014-03-02,29
Ime Udoka,Blazers,2007-03-29,2007-04-04,6
Ime Udoka,Kings,2010-03-09,2010-03-10,1
Ira Newble,Cavaliers,2006-11-07,2006-11-24,17
Ira Newble,Cavaliers,2006-12-02,2006-12-15,13
Ira Newble,Cavaliers,2006-12-21,2006-12-29,8
Ira Newble,Cavaliers,2007-01-02,2007-01-03,1
Ira Newble,Cavaliers,2007-01-17,2007-02-21,35
Ira Newble,Cavaliers,2007-01-19,2007-03-03,43
Ira Newble,Cavaliers,2007-01-22,2007-04-06,74
Ira Newble,Cavaliers,2007-02-25,2008-01-06,315
Ira Newble,Cavaliers,2007-03-31,2008-01-12,287
Ira Newble,Cavaliers,2008-01-02,2008-01-23,21
Isaiah Canaan,76ers,2015-02-20,2015-02-22,2
Isaiah Canaan,Bulls,2017-01-20,2017-01-29,9
Isaiah Canaan,Bulls,2017-03-08,2017-03-12,4
Isaiah Canaan,Bulls,2017-03-13,2017-03-15,2
Isaiah Canaan,Bulls,2017-04-12,2017-04-23,11
Isaiah Canaan,Rockets,2014-01-22,2014-03-05,42
Isaiah Canaan,Rockets,2014-04-14,2014-04-16,2
Isaiah Canaan,Rockets,2014-04-20,2014-12-11,235
Isaiah Canaan,Rockets,2014-12-03,2015-01-31,59
Isaiah Canaan,Suns,2018-01-07,2018-01-14,7
Isaiah Canaan,Suns,2018-02-02,2018-02-08,6
Isaiah Hicks,Knicks,2017-10-21,2018-02-08,110
Isaiah Hicks,Knicks,2018-03-13,2018-03-15,2
Isaiah Taylor,Hawks,2017-10-18,2017-10-22,4
Isaiah Taylor,Hawks,2017-11-18,2017-11-30,12
Isaiah Taylor,Hawks,2018-01-20,2018-01-22,2
Isaiah Taylor,Rockets,2017-03-01,2017-04-02,32
Isaiah Taylor,Rockets,2017-04-16,2017-05-11,25
Isaiah Thomas,Cavaliers,2017-10-17,2018-01-02,77
Isaiah Thomas,Celtics,2015-03-11,2015-03-25,14
Isaiah Thomas,Celtics,2015-04-15,2016-04-16,367
Isaiah Thomas,Celtics,2016-12-07,2016-12-16,9
Isaiah Thomas,Celtics,2017-03-17,2017-03-20,3
Isaiah Thomas,Suns,2014-11-26,2014-12-12,16
Isaiah Whitehead,Nets,2016-11-09,2016-11-12,3
Isaiah Whitehead,Nets,2016-12-22,2016-12-26,4
Isaiah Whitehead,Nets,2017-01-13,2017-01-15,2
Isaiah Whitehead,Nets,2017-04-04,2017-04-06,2
Isaiah Whitehead,Nets,2017-10-18,2017-10-29,11
Isaiah Whitehead,Nets,2017-10-27,2017-11-07,11
Isaiah Whitehead,Nets,2017-10-31,2017-11-27,27
Isaiah Whitehead,Nets,2017-11-26,2017-12-15,19
Isaiah Whitehead,Nets,2017-12-04,2018-01-27,54
Isaiah Whitehead,Nets,2017-12-20,2018-02-06,48
Isaiah Whitehead,Nets,2018-02-02,2018-03-16,42
Ishmael Smith,Bucks,2013-02-23,2013-03-09,14
Ishmael Smith,Bucks,2013-03-27,2013-03-28,1
Ishmael Smith,Grizzlies,2011-02-26,2011-03-04,6
Ishmael Smith,Magic,2012-03-18,2012-03-19,1
Ishmael Smith,Rockets,2010-10-30,2010-11-06,7
Ishmael Smith,Rockets,2010-12-19,2011-01-05,17
Ishmael Smith,Rockets,2011-01-14,2011-01-24,10
Ishmael Smith,Rockets,2011-02-01,2011-02-07,6
Ivan Johnson,Hawks,2012-04-13,2012-04-15,2
Ivan Rabb,Grizzlies,2017-10-30,2017-11-01,2
Ivan Rabb,Grizzlies,2017-11-04,2017-11-26,22
Ivan Rabb,Grizzlies,2017-12-01,2017-12-02,1
Ivan Rabb,Grizzlies,2017-12-04,2017-12-11,7
Ivan Rabb,Grizzlies,2017-12-16,2017-12-20,4
Ivica Zubac,Lakers,2016-10-26,2016-11-02,7
Ivica Zubac,Lakers,2016-11-06,2016-11-13,7
Ivica Zubac,Lakers,2016-11-15,2016-12-05,20
Ivica Zubac,Lakers,2016-12-16,2016-12-17,1
Ivica Zubac,Lakers,2016-12-29,2017-01-01,3
Ivica Zubac,Lakers,2017-01-05,2017-01-08,3
Ivica Zubac,Lakers,2017-01-10,2017-01-12,2
Ivica Zubac,Lakers,2017-03-05,2017-03-07,2
Ivica Zubac,Lakers,2017-04-01,2017-10-22,204
Ivica Zubac,Lakers,2017-10-19,2017-11-19,31
Ivica Zubac,Lakers,2017-11-15,2017-12-03,18
Ivica Zubac,Lakers,2017-12-02,2017-12-07,5
Ivica Zubac,Lakers,2017-12-18,2017-12-25,7
Ivica Zubac,Lakers,2018-01-28,2018-02-06,9
J.J. Hickson,Blazers,2012-11-21,2012-11-23,2
J.J. Hickson,Cavaliers,2009-04-08,2010-12-05,606
J.J. Hickson,Kings,2012-03-02,2012-03-13,11
J.J. Hickson,Nuggets,2014-11-17,2014-11-19,2
J.J. Hickson,Wizards,2016-04-03,2016-04-06,3
J.J. Redick,76ers,2017-10-30,2017-11-01,2
J.J. Redick,76ers,2017-12-21,2017-12-25,4
J.J. Redick,76ers,2018-01-20,2018-01-31,11
J.J. Redick,Clippers,2013-12-11,2014-01-10,30
J.J. Redick,Clippers,2014-02-05,2014-04-03,57
J.J. Redick,Clippers,2016-04-13,2016-04-17,4
J.J. Redick,Clippers,2017-03-26,2017-03-29,3
J.J. Redick,Magic,2006-11-01,2006-11-24,23
J.J. Redick,Magic,2006-11-27,2006-12-06,9
J.J. Redick,Magic,2006-12-08,2006-12-11,3
J.J. Redick,Magic,2006-12-27,2006-12-30,3
J.J. Redick,Magic,2007-01-13,2007-01-20,7
J.J. Redick,Magic,2007-01-22,2007-01-26,4
J.J. Redick,Magic,2007-11-06,2007-11-16,10
J.J. Redick,Magic,2008-05-07,2010-11-20,927
J.J. Redick,Magic,2010-11-15,2010-12-03,18
J.R. Giddens,Celtics,2008-10-28,2009-02-01,96
J.R. Giddens,Celtics,2009-02-05,2009-02-19,14
J.R. Smith,Cavaliers,2016-11-13,2016-11-18,5
J.R. Smith,Cavaliers,2016-12-07,2016-12-10,3
J.R. Smith,Cavaliers,2017-01-06,2017-03-09,62
J.R. Smith,Nuggets,2007-01-05,2007-01-10,5
J.R. Smith,Nuggets,2007-03-07,2007-11-06,244
J.R. Smith,Nuggets,2007-10-31,2009-11-10,741
JaJuan Johnson,Celtics,2012-01-11,2012-01-13,2
JaKarr Sampson,76ers,2014-11-21,2014-11-24,3
JaKarr Sampson,Kings,2017-10-23,2017-10-29,6
JaKarr Sampson,Kings,2017-10-31,2018-01-06,67
JaKarr Sampson,Kings,2017-12-02,2018-01-28,57
JaKarr Sampson,Kings,2017-12-12,2018-03-07,85
JaKarr Sampson,Kings,2018-01-08,2018-03-27,78
JaMychal Green,Grizzlies,2017-10-21,2017-11-14,24
JaMychal Green,Grizzlies,2017-12-23,2017-12-30,7
JaMychal Green,Grizzlies,2018-01-22,2018-02-01,10
JaVale McGee,Mavericks,2015-10-28,2015-11-22,25
JaVale McGee,Mavericks,2016-02-21,2016-03-03,11
JaVale McGee,Mavericks,2016-03-06,2016-03-20,14
JaVale McGee,Nuggets,2012-03-15,2012-03-19,4
JaVale McGee,Nuggets,2013-01-28,2013-01-30,2
JaVale McGee,Nuggets,2013-11-11,2014-12-01,385
JaVale McGee,Nuggets,2014-11-25,2015-01-29,65
JaVale McGee,Nuggets,2014-12-13,2015-02-09,58
JaVale McGee,Warriors,2017-10-25,2017-10-27,2
JaVale McGee,Wizards,2009-12-28,2010-01-02,5
JaVale McGee,Wizards,2011-01-28,2011-01-31,3
Jabari Bird,Celtics,2017-10-17,2017-10-18,1
Jabari Bird,Celtics,2017-10-30,2017-11-06,7
Jabari Bird,Celtics,2017-11-08,2017-11-10,2
Jabari Bird,Celtics,2017-11-14,2017-11-25,11
Jabari Bird,Celtics,2017-11-30,2017-12-11,11
Jabari Bird,Celtics,2017-12-15,2017-12-25,10
Jabari Bird,Celtics,2017-12-31,2018-03-18,77
Jabari Parker,Bucks,2014-12-23,2015-11-04,316
Jabari Parker,Bucks,2015-10-28,2015-11-19,22
Jabari Parker,Bucks,2015-11-17,2017-04-08,508
Jabari Parker,Bucks,2017-02-10,2018-02-02,357
Jack Cooley,Kings,2017-10-18,2017-11-17,30
Jack Cooley,Kings,2017-11-20,2017-12-01,11
Jack Cooley,Kings,2017-12-10,2018-01-06,27
Jack Cooley,Kings,2018-01-08,2018-02-11,34
Jack Cooley,Kings,2018-02-22,2018-03-09,15
Jack Cooley,Kings,2018-03-11,2018-03-31,20
Jacob Pullen,76ers,2017-10-18,2017-11-25,38
Jacob Pullen,76ers,2017-11-27,2017-11-30,3
Jacob Pullen,76ers,2017-12-12,2017-12-18,6
Jacob Pullen,76ers,2017-12-28,2017-12-30,2
Jacob Wiley,Nets,2017-10-18,2017-10-29,11
Jacob Wiley,Nets,2017-11-14,2018-01-03,50
Jacque Vaughn,Spurs,2006-11-20,2006-11-24,4
Jacque Vaughn,Spurs,2006-12-04,2006-12-06,2
Jacque Vaughn,Spurs,2006-12-10,2006-12-13,3
Jacque Vaughn,Spurs,2007-10-30,2007-11-15,16
Jacque Vaughn,Spurs,2008-11-07,2008-11-11,4
Jacque Vaughn,Spurs,2008-11-28,2008-12-02,4
Jacque Vaughn,Spurs,2009-01-02,2009-01-08,6
Jacque Vaughn,Spurs,2009-01-16,2009-01-27,11
Jae Crowder,Celtics,2016-03-15,2016-03-31,16
Jae Crowder,Celtics,2016-11-03,2016-11-19,16
Jae Crowder,Mavericks,2014-03-11,2014-03-16,5
Jahlil Okafor,76ers,2016-01-26,2016-01-30,4
Jahlil Okafor,76ers,2016-02-03,2017-10-30,635
Jahlil Okafor,76ers,2017-10-28,2017-11-15,18
Jahlil Okafor,76ers,2017-11-13,2017-11-22,9
Jahlil Okafor,Nets,2018-04-05,2018-04-07,2
Jake Layman,Blazers,2018-04-17,2018-04-19,2
Jake Voskuhl,Bobcats,2006-11-28,2006-12-01,3
Jake Voskuhl,Bucks,2008-03-18,2008-03-26,8
Jake Voskuhl,Bucks,2008-04-01,2008-04-04,3
Jalen Jones,Mavericks,2018-01-13,2018-01-22,9
Jalen Jones,Mavericks,2018-01-24,2018-02-05,12
Jalen Jones,Mavericks,2018-02-23,2018-03-16,21
Jalen Jones,Mavericks,2018-03-24,2018-03-27,3
Jalen Jones,Mavericks,2018-04-01,2018-04-04,3
Jalen Jones,Pelicans,2017-10-30,2017-11-15,16
Jalen Jones,Pelicans,2017-11-22,2017-12-11,19
Jamaal Franklin,Grizzlies,2014-02-28,2014-04-06,37
Jamaal Franklin,Grizzlies,2014-04-13,2014-05-03,20
Jamaal Magloire,Heat,2008-10-28,2008-11-28,31
Jamaal Magloire,Heat,2009-02-28,2009-03-11,11
Jamaal Magloire,Heat,2009-11-22,2009-11-25,3
Jamaal Magloire,Heat,2010-03-02,2010-03-04,2
Jamaal Magloire,Heat,2010-10-27,2010-10-29,2
Jamaal Magloire,Heat,2010-11-02,2010-11-06,4
Jamaal Magloire,Heat,2010-11-13,2010-11-20,7
Jamaal Magloire,Heat,2010-12-20,2010-12-23,3
Jamaal Magloire,Heat,2010-12-25,2011-01-15,21
Jamaal Magloire,Heat,2011-01-30,2011-02-03,4
Jamaal Magloire,Heat,2011-02-06,2011-02-16,10
Jamaal Magloire,Heat,2011-02-27,2011-03-12,13
Jamaal Magloire,Heat,2011-04-03,2011-04-06,3
Jamaal Magloire,Heat,2011-04-08,2011-04-10,2
Jamaal Magloire,Heat,2011-05-09,2011-05-15,6
Jamaal Magloire,Mavericks,2008-02-28,2008-03-02,3
Jamaal Magloire,Mavericks,2008-03-06,2008-03-08,2
Jamaal Magloire,Mavericks,2008-03-16,2008-03-25,9
Jamaal Magloire,Mavericks,2008-03-27,2008-03-30,3
Jamaal Magloire,Mavericks,2008-04-02,2008-04-06,4
Jamaal Magloire,Mavericks,2008-04-10,2008-04-12,2
Jamaal Magloire,Nets,2008-02-02,2008-02-05,3
Jamaal Magloire,Nets,2008-02-08,2008-02-20,12
Jamaal Magloire,Raptors,2012-01-24,2012-01-25,1
Jamaal Tinsley,Grizzlies,2009-11-14,2009-11-18,4
Jamaal Tinsley,Grizzlies,2010-02-26,2010-03-20,22
Jamaal Tinsley,Jazz,2013-03-11,2013-03-16,5
Jamaal Tinsley,Pacers,2007-01-22,2007-03-02,39
Jamaal Tinsley,Pacers,2007-02-27,2007-04-14,46
Jamaal Tinsley,Pacers,2007-04-06,2007-12-21,259
Jamaal Tinsley,Pacers,2007-12-19,2008-01-08,20
Jamaal Tinsley,Pacers,2007-12-29,2008-01-19,21
Jamaal Tinsley,Pacers,2008-01-16,2008-02-01,16
Jamal Crawford,Clippers,2015-03-08,2015-04-07,30
Jamal Crawford,Hawks,2010-04-14,2010-04-17,3
Jamal Crawford,Hawks,2010-12-16,2010-12-26,10
Jamal Crawford,Knicks,2007-03-02,2007-04-16,45
Jamal Crawford,Knicks,2007-12-30,2008-01-02,3
Jamal Crawford,Warriors,2008-11-23,2008-11-25,2
Jamal Crawford,Warriors,2008-12-26,2008-12-28,2
Jamal Crawford,Warriors,2009-01-25,2009-01-28,3
Jamal Crawford,Warriors,2009-02-27,2009-03-01,2
Jamal Crawford,Warriors,2009-03-17,2009-03-20,3
Jamal Murray,Nuggets,2018-01-17,2018-01-19,2
Jamario Moon,Cavaliers,2009-12-06,2009-12-09,3
Jamario Moon,Cavaliers,2009-12-20,2009-12-23,3
Jamario Moon,Cavaliers,2010-01-06,2010-01-25,19
Jamario Moon,Cavaliers,2010-12-08,2010-12-17,9
Jamario Moon,Cavaliers,2011-01-05,2011-01-07,2
Jamario Moon,Clippers,2011-02-25,2011-02-28,3
Jamario Moon,Heat,2009-04-10,2009-04-19,9
Jamario Moon,Raptors,2007-10-31,2007-11-04,4
Jameer Nelson,Magic,2006-12-13,2006-12-22,9
Jameer Nelson,Magic,2007-11-06,2007-11-07,1
Jameer Nelson,Magic,2007-12-29,2007-12-31,2
Jameer Nelson,Magic,2008-01-19,2008-01-30,11
Jameer Nelson,Magic,2008-03-01,2008-03-04,3
Jameer Nelson,Magic,2008-03-28,2008-04-05,8
Jameer Nelson,Magic,2008-04-16,2008-11-29,227
Jameer Nelson,Magic,2008-11-26,2008-12-05,9
Jameer Nelson,Magic,2008-12-03,2009-06-04,183
Jameer Nelson,Magic,2009-02-04,2009-12-21,320
Jameer Nelson,Magic,2009-12-16,2010-11-10,329
Jameer Nelson,Magic,2010-11-06,2012-01-01,421
Jameer Nelson,Magic,2011-12-30,2012-02-06,38
Jameer Nelson,Magic,2012-01-29,2012-02-29,31
Jameer Nelson,Magic,2012-02-23,2012-04-05,42
Jameer Nelson,Magic,2012-04-03,2014-03-08,704
Jameer Nelson,Mavericks,2014-11-26,2014-11-28,2
Jameer Nelson,Nuggets,2016-01-10,2016-01-13,3
Jameer Nelson,Nuggets,2016-01-21,2016-01-28,7
Jameer Nelson,Nuggets,2016-02-01,2016-02-29,28
Jameer Nelson,Pelicans,2017-12-11,2017-12-13,2
Jameer Nelson,Pistons,2018-03-20,2018-03-29,9
Jamel Artis,Magic,2017-10-18,2017-12-13,56
Jamel Artis,Magic,2017-12-26,2018-03-22,86
James Anderson,Spurs,2010-11-13,2011-01-19,67
James Anderson,Spurs,2011-02-08,2011-02-23,15
James Anderson,Spurs,2011-03-04,2011-03-06,2
James Anderson,Spurs,2011-04-05,2011-04-09,4
James Augustine,Magic,2008-01-30,2008-02-11,12
James Augustine,Magic,2008-02-13,2008-03-01,17
James Augustine,Magic,2008-03-04,2008-04-01,28
James Augustine,Magic,2008-04-20,2008-05-07,17
James Harden,Rockets,2014-04-16,2017-04-05,1085
James Harden,Rockets,2017-04-02,2018-01-18,291
James Harden,Rockets,2018-01-03,2018-03-30,86
James Harden,Thunder,2010-03-12,2010-03-24,12
James Johnson,Bulls,2010-03-27,2010-03-28,1
James Johnson,Bulls,2010-04-03,2010-04-06,3
James Johnson,Heat,2018-04-04,2018-04-06,2
James Johnson,Raptors,2014-11-21,2014-11-24,3
James Johnson,Raptors,2015-01-30,2015-02-06,7
James Johnson,Raptors,2015-12-02,2015-12-03,1
James Johnson,Raptors,2016-02-02,2016-02-19,17
James Johnson,Raptors,2016-03-18,2016-03-20,2
James Johnson,Raptors,2016-04-07,2016-04-08,1
James Jones (Andrew),Blazers,2007-11-19,2007-11-30,11
James Jones (Andrew),Blazers,2008-02-04,2008-02-29,25
James Jones (Andrew),Heat,2013-06-01,2013-06-03,2
James Jones (Andrew),Heat,2014-01-02,2014-01-04,2
James Jones (Andrew),Heat,2014-01-26,2014-02-11,16
James Jones (Andrew),Heat,2014-02-12,2014-02-23,11
James Jones (Andrew),Heat,2014-03-01,2014-03-18,17
James Michael McAdoo,76ers,2017-10-18,2017-10-21,3
James Michael McAdoo,76ers,2017-10-23,2017-10-28,5
James Michael McAdoo,76ers,2017-10-30,2017-11-11,12
James Michael McAdoo,76ers,2017-11-15,2017-11-29,14
James Michael McAdoo,76ers,2017-12-02,2017-12-07,5
James Michael McAdoo,76ers,2017-12-28,2018-01-05,8
James Michael McAdoo,Warriors,2015-02-20,2015-03-13,21
James Michael McAdoo,Warriors,2015-03-14,2015-03-16,2
James Michael McAdoo,Warriors,2015-03-23,2015-03-24,1
James Michael McAdoo,Warriors,2015-04-04,2015-04-05,1
James Michael McAdoo,Warriors,2015-04-07,2015-04-09,2
James Posey,Celtics,2007-11-09,2007-11-13,4
James Posey,Celtics,2008-01-21,2008-01-27,6
James Posey,Heat,2006-11-21,2006-11-30,9
James Posey,Heat,2007-01-03,2007-01-12,9
James Posey,Hornets,2009-04-03,2009-04-10,7
James Posey,Pacers,2011-03-30,2011-04-01,2
James Posey,Pacers,2011-04-10,2011-04-13,3
James Singleton,Clippers,2007-02-06,2007-02-07,1
James Singleton,Mavericks,2008-12-15,2008-12-17,2
James Singleton,Mavericks,2009-12-11,2009-12-20,9
James Singleton,Mavericks,2009-12-22,2010-01-05,14
James Singleton,Mavericks,2010-01-08,2010-01-09,1
James Singleton,Mavericks,2010-02-01,2010-02-03,2
James Southerland,Bobcats,2013-10-30,2013-11-01,2
James Southerland,Bobcats,2013-11-11,2013-11-13,2
James Southerland,Bobcats,2013-11-22,2013-11-29,7
James Southerland,Bobcats,2013-12-01,2013-12-06,5
James Webb III,Nets,2018-01-17,2018-01-27,10
James Webb III,Nets,2018-02-26,2018-04-05,38
James White,Rockets,2009-04-07,2009-04-10,3
James White,Rockets,2009-04-13,2009-04-24,11
James White,Spurs,2006-11-03,2007-02-01,90
James White,Spurs,2006-12-28,2007-03-26,88
James White,Spurs,2007-01-19,2007-04-01,72
James White,Spurs,2007-02-07,2007-04-14,66
James Young,76ers,2018-02-02,2018-03-21,47
James Young,Celtics,2014-11-23,2014-11-30,7
James Young,Celtics,2014-12-12,2014-12-28,16
James Young,Celtics,2015-10-28,2015-11-10,13
James Young,Celtics,2015-11-13,2015-11-22,9
James Young,Celtics,2016-01-24,2016-01-25,1
James Young,Celtics,2016-02-07,2016-02-19,12
James Young,Celtics,2016-02-25,2016-03-04,8
James Young,Celtics,2016-03-31,2016-04-06,6
James Young,Celtics,2016-04-08,2016-04-09,1
James Young,Celtics,2016-04-13,2016-04-19,6
James Young,Celtics,2016-12-05,2016-12-09,4
James Young,Celtics,2016-12-20,2016-12-22,2
James Young,Celtics,2016-12-27,2016-12-29,2
James Young,Celtics,2017-01-03,2017-01-21,18
James Young,Celtics,2017-01-07,2017-03-12,64
James Young,Celtics,2017-03-08,2017-05-21,74
Jamil Wilson,Clippers,2017-10-19,2017-11-17,29
Jan Vesely,Wizards,2011-12-26,2012-01-02,7
Jannero Pargo,Hawks,2012-03-19,2012-04-04,16
Jannero Pargo,Hornets,2014-12-26,2015-02-03,39
Jared Cunningham,Hawks,2014-01-03,2014-01-25,22
Jared Cunningham,Mavericks,2012-11-16,2012-11-28,12
Jared Cunningham,Mavericks,2012-12-05,2012-12-06,1
Jared Dudley,Bobcats,2008-11-28,2008-11-29,1
Jared Dudley,Suns,2017-01-24,2017-01-26,2
Jared Dudley,Suns,2017-02-01,2017-02-04,3
Jared Jeffries,Blazers,2013-01-27,2013-01-29,2
Jared Jeffries,Rockets,2010-12-19,2010-12-31,12
Jared Jeffries,Rockets,2011-01-24,2011-02-01,8
Jared Sullinger,Celtics,2013-02-01,2015-04-03,791
Jared Sullinger,Raptors,2016-10-26,2017-01-18,84
Jarell Eddie,Celtics,2018-01-21,2018-01-23,2
Jarell Eddie,Hawks,2015-03-09,2015-03-13,4
Jarell Eddie,Wizards,2016-02-28,2016-02-29,1
Jarell Eddie,Wizards,2016-03-02,2016-03-04,2
Jarell Eddie,Wizards,2016-03-05,2016-03-08,3
Jarell Eddie,Wizards,2016-03-14,2016-03-17,3
Jarell Eddie,Wizards,2016-03-19,2016-03-27,8
Jarell Eddie,Wizards,2016-03-29,2016-04-01,3
Jarell Martin,Grizzlies,2015-10-28,2015-12-13,46
Jarell Martin,Grizzlies,2016-02-05,2016-02-10,5
Jarell Martin,Grizzlies,2017-01-27,2017-02-15,19
Jarnell Stokes,Grizzlies,2014-11-05,2014-11-17,12
Jarnell Stokes,Grizzlies,2014-12-09,2014-12-12,3
Jarnell Stokes,Grizzlies,2015-01-23,2015-03-12,48
Jarnell Stokes,Grizzlies,2015-03-14,2015-03-30,16
Jarnell Stokes,Grizzlies,2015-04-19,2015-11-05,200
Jarnell Stokes,Heat,2015-11-17,2015-11-30,13
Jarnell Stokes,Heat,2015-12-03,2015-12-18,15
Jarnell Stokes,Heat,2015-12-28,2016-01-04,7
Jarnell Stokes,Heat,2016-01-11,2016-01-20,9
Jarnell Stokes,Nuggets,2016-11-05,2016-11-08,3
Jarnell Stokes,Nuggets,2016-11-12,2016-11-15,3
Jarrett Allen,Nets,2017-11-06,2017-11-14,8
Jarrett Jack,Cavaliers,2014-01-07,2014-01-10,3
Jarrett Jack,Knicks,2017-10-19,2017-10-21,2
Jarrod Uthoff,Mavericks,2017-03-11,2017-03-13,2
Jarrod Uthoff,Mavericks,2017-03-17,2017-03-23,6
Jarrod Uthoff,Mavericks,2017-03-25,2017-03-27,2
Jarron Collins,Jazz,2008-11-01,2008-11-15,14
Jarron Collins,Jazz,2008-11-19,2008-12-26,37
Jarron Collins,Jazz,2008-12-29,2009-01-02,4
Jarron Collins,Jazz,2009-01-24,2009-01-30,6
Jarvis Hayes,Nets,2008-12-12,2008-12-19,7
Jarvis Hayes,Nets,2009-02-20,2009-02-25,5
Jarvis Hayes,Nets,2009-10-30,2010-01-05,67
Jarvis Hayes,Nets,2009-12-11,2010-02-27,78
Jarvis Hayes,Wizards,2007-03-21,2007-03-23,2
Jarvis Varnado,Heat,2013-01-17,2013-02-06,20
Jarvis Varnado,Heat,2013-02-10,2013-02-12,2
Jarvis Varnado,Heat,2013-02-24,2013-02-26,2
Jarvis Varnado,Heat,2013-03-01,2013-04-10,40
Jason Collins,Hawks,2010-01-18,2010-01-29,11
Jason Collins,Hawks,2010-02-21,2010-02-26,5
Jason Collins,Hawks,2010-04-09,2010-04-14,5
Jason Collins,Hawks,2011-04-08,2012-02-22,320
Jason Collins,Hawks,2012-02-10,2012-03-18,37
Jason Collins,Nets,2007-01-05,2007-01-09,4
Jason Collins,Timberwolves,2008-10-29,2008-11-05,7
Jason Collins,Timberwolves,2008-11-07,2008-11-15,8
Jason Collins,Wizards,2013-03-03,2013-03-06,3
Jason Collins,Wizards,2013-04-02,2013-04-03,1
Jason Hart,Jazz,2008-04-26,2008-04-29,3
Jason Hart,Kings,2006-11-25,2006-12-01,6
Jason Hart,Kings,2006-12-29,2006-12-30,1
Jason Hart,Kings,2007-01-02,2007-01-04,2
Jason Hart,Kings,2007-01-06,2007-01-31,25
Jason Hart,Kings,2007-02-03,2007-02-10,7
Jason Hart,Kings,2007-02-20,2007-02-25,5
Jason Hart,Kings,2007-02-26,2007-02-28,2
Jason Hart,Timberwolves,2009-10-30,2009-11-13,14
Jason Kapono,76ers,2010-01-25,2010-01-27,2
Jason Kapono,76ers,2010-12-09,2010-12-29,20
Jason Kapono,76ers,2011-02-06,2011-02-11,5
Jason Kapono,76ers,2011-02-23,2011-03-14,19
Jason Kapono,Heat,2007-03-07,2007-04-03,27
Jason Kidd,Nets,2007-02-13,2007-02-21,8
Jason Maxiell,Pistons,2010-04-06,2010-04-09,3
Jason Richardson,76ers,2013-02-09,2015-02-20,741
Jason Richardson,Bobcats,2008-11-14,2008-11-28,14
Jason Richardson,Magic,2012-01-16,2012-01-20,4
Jason Richardson,Magic,2012-01-30,2012-02-03,4
Jason Richardson,Magic,2012-02-20,2012-02-23,3
Jason Richardson,Magic,2012-03-11,2012-03-16,5
Jason Richardson,Suns,2009-12-17,2009-12-19,2
Jason Richardson,Warriors,2006-11-09,2006-11-11,2
Jason Richardson,Warriors,2007-01-17,2007-02-21,35
Jason Smith,76ers,2008-02-01,2008-02-05,4
Jason Smith,76ers,2008-02-27,2008-03-01,3
Jason Smith,76ers,2008-10-29,2010-02-23,482
Jason Smith,Hornets,2011-02-05,2011-02-07,2
Jason Smith,Hornets,2012-12-16,2012-12-28,12
Jason Smith,Magic,2015-11-11,2015-11-13,2
Jason Smith,Pelicans,2013-12-21,2013-12-27,6
Jason Smith,Pelicans,2013-12-30,2014-01-07,8
Jason Smith,Wizards,2017-10-20,2017-10-25,5
Jason Smith,Wizards,2018-02-14,2018-02-22,8
Jason Terry,Bucks,2016-11-05,2016-11-06,1
Jason Terry,Bucks,2017-12-06,2017-12-19,13
Jason Terry,Mavericks,2007-04-13,2007-04-14,1
Jason Terry,Mavericks,2009-02-10,2009-03-01,19
Jason Terry,Mavericks,2010-03-05,2010-03-17,12
Jason Terry,Mavericks,2012-02-15,2012-02-19,4
Jason Terry,Nets,2013-11-29,2013-12-23,24
Jason Thompson,Kings,2010-02-26,2010-03-07,9
Jason Thompson,Kings,2010-12-19,2010-12-27,8
Jason Thompson,Kings,2012-03-24,2012-03-28,4
Javaris Crittenton,Grizzlies,2008-04-08,2008-04-11,3
Javaris Crittenton,Grizzlies,2008-10-31,2008-11-05,5
Javaris Crittenton,Lakers,2007-10-30,2007-11-01,2
Javaris Crittenton,Lakers,2007-11-04,2007-11-06,2
Javaris Crittenton,Lakers,2007-11-13,2007-11-20,7
Jawad Williams,Cavaliers,2008-10-28,2008-12-10,43
Jawad Williams,Cavaliers,2008-12-21,2008-12-28,7
Jawad Williams,Cavaliers,2009-01-02,2009-11-14,316
Jawad Williams,Cavaliers,2009-04-18,2009-11-28,224
Jawad Williams,Cavaliers,2009-11-05,2009-12-08,33
Jawun Evans,Clippers,2017-10-19,2017-10-24,5
Jawun Evans,Clippers,2018-01-26,2018-03-09,42
Jaylen Brown,Celtics,2017-02-13,2017-02-24,11
Jaylen Brown,Celtics,2017-12-06,2017-12-08,2
Jaylen Brown,Celtics,2017-12-27,2017-12-31,4
Jaylen Brown,Celtics,2018-03-11,2018-03-25,14
Jayson Tatum,Celtics,2018-04-06,2018-04-08,2
Jeff Adrien,Rockets,2011-12-29,2012-01-04,6
Jeff Adrien,Warriors,2010-10-29,2010-10-31,2
Jeff Adrien,Warriors,2010-11-07,2010-11-10,3
Jeff Adrien,Warriors,2011-02-25,2011-02-27,2
Jeff Ayres,Spurs,2014-03-06,2014-03-08,2
Jeff Ayres,Spurs,2015-02-06,2015-02-08,2
Jeff Ayres,Spurs,2015-02-20,2015-02-23,3
Jeff Ayres,Spurs,2015-02-27,2015-02-28,1
Jeff Ayres,Spurs,2015-03-29,2015-04-01,3
Jeff Foster,Pacers,2007-03-14,2007-03-19,5
Jeff Foster,Pacers,2007-04-03,2007-04-10,7
Jeff Foster,Pacers,2007-04-17,2007-12-14,241
Jeff Foster,Pacers,2007-12-12,2008-12-03,357
Jeff Foster,Pacers,2008-04-16,2009-11-22,585
Jeff Foster,Pacers,2008-12-02,2009-12-18,381
Jeff Foster,Pacers,2009-11-03,2010-11-16,378
Jeff Foster,Pacers,2009-12-16,2010-11-23,342
Jeff Foster,Pacers,2009-12-21,2010-12-08,352
Jeff Foster,Pacers,2010-10-30,2011-01-02,64
Jeff Foster,Pacers,2010-11-22,2011-02-21,91
Jeff Foster,Pacers,2010-12-03,2011-03-11,98
Jeff Foster,Pacers,2010-12-11,2012-01-06,391
Jeff Green,Cavaliers,2018-02-27,2018-03-01,2
Jeff Green,Cavaliers,2018-03-03,2018-03-07,4
Jeff Green,Cavaliers,2018-03-25,2018-03-27,2
Jeff Green,Magic,2016-11-27,2016-11-29,2
Jeff Green,Magic,2017-03-22,2017-04-12,21
Jeff Green,Thunder,2010-11-07,2010-11-14,7
Jeff Green,Thunder,2010-11-15,2010-11-22,7
Jeff Pendergraph,Blazers,2009-10-27,2009-12-19,53
Jeff Pendergraph,Pacers,2011-12-26,2012-01-06,11
Jeff Teague,Hawks,2014-04-19,2014-12-23,248
Jeff Teague,Hawks,2014-12-17,2015-03-30,103
Jeff Teague,Hawks,2015-03-27,2015-11-21,239
Jeff Teague,Timberwolves,2017-12-28,2018-01-10,13
Jeff Withey,Jazz,2015-10-28,2015-10-31,3
Jeff Withey,Jazz,2015-11-04,2015-11-12,8
Jeff Withey,Jazz,2017-04-23,2017-04-28,5
Jeff Withey,Jazz,2017-05-02,2017-05-04,2
Jeff Withey,Pelicans,2013-11-29,2013-12-02,3
Jeffery Taylor,Hornets,2014-10-29,2014-11-19,21
Jeffery Taylor,Hornets,2014-12-29,2015-01-10,12
Jerami Grant,76ers,2014-10-29,2014-11-21,23
Jerami Grant,76ers,2014-11-24,2014-11-29,5
Jerami Grant,Thunder,2017-12-07,2017-12-09,2
Jeremy Evans,Jazz,2010-12-17,2010-12-18,1
Jeremy Evans,Jazz,2010-12-27,2010-12-29,2
Jeremy Evans,Jazz,2011-01-12,2011-01-17,5
Jeremy Evans,Jazz,2011-01-19,2011-01-22,3
Jeremy Evans,Jazz,2011-02-26,2011-03-03,5
Jeremy Evans,Jazz,2013-10-30,2013-11-20,21
Jeremy Evans,Jazz,2013-12-04,2013-12-06,2
Jeremy Evans,Jazz,2014-02-01,2014-02-07,6
Jeremy Evans,Mavericks,2016-01-22,2016-01-26,4
Jeremy Lamb,Hornets,2016-04-08,2016-04-10,2
Jeremy Lamb,Hornets,2016-11-02,2016-11-18,16
Jeremy Lamb,Hornets,2017-01-21,2017-01-25,4
Jeremy Lin,Knicks,2012-01-16,2012-01-24,8
Jeremy Lin,Nets,2016-11-04,2016-12-12,38
Jeremy Lin,Nets,2016-12-14,2016-12-16,2
Jeremy Lin,Nets,2016-12-28,2017-02-24,58
Jeremy Lin,Warriors,2010-10-27,2010-10-29,2
Jeremy Lin,Warriors,2010-11-05,2010-11-07,2
Jeremy Lin,Warriors,2010-12-29,2011-02-05,38
Jeremy Lin,Warriors,2011-02-21,2011-02-25,4
Jeremy Lin,Warriors,2011-03-04,2011-03-29,25
Jeremy Pargo,Cavaliers,2012-10-30,2012-11-07,8
Jeremy Pargo,Cavaliers,2012-12-18,2012-12-19,1
Jeremy Pargo,Grizzlies,2012-04-21,2012-04-23,2
Jeremy Richardson,Grizzlies,2007-12-30,2008-01-02,3
Jeremy Richardson,Magic,2008-10-29,2008-11-22,24
Jeremy Richardson,Magic,2008-11-24,2008-11-26,2
Jeremy Richardson,Magic,2008-12-12,2008-12-13,1
Jeremy Richardson,Magic,2008-12-18,2009-01-04,17
Jeremy Richardson,Magic,2009-01-11,2009-01-13,2
Jeremy Richardson,Magic,2009-01-27,2009-02-04,8
Jeremy Richardson,Spurs,2008-01-17,2008-01-21,4
Jeremy Richardson,Spurs,2008-01-23,2008-01-26,3
Jeremy Tyler,Hawks,2013-02-22,2013-02-25,3
Jeremy Tyler,Hawks,2013-02-27,2013-03-01,2
Jeremy Tyler,Warriors,2012-02-28,2012-11-03,249
Jeremy Tyler,Warriors,2012-10-31,2012-12-26,56
Jeremy Tyler,Warriors,2013-01-28,2013-01-29,1
Jeremy Tyler,Warriors,2013-02-02,2013-02-06,4
Jeremy Tyler,Warriors,2013-02-08,2013-02-09,1
Jerian Grant,Bulls,2016-10-27,2016-11-02,6
Jermaine O'Neal,Celtics,2010-10-29,2010-11-02,4
Jermaine O'Neal,Celtics,2010-11-17,2010-12-25,38
Jermaine O'Neal,Celtics,2011-01-25,2011-03-31,65
Jermaine O'Neal,Celtics,2011-04-08,2011-04-10,2
Jermaine O'Neal,Celtics,2012-01-02,2012-01-04,2
Jermaine O'Neal,Celtics,2012-02-12,2012-02-15,3
Jermaine O'Neal,Celtics,2012-02-22,2012-04-20,58
Jermaine O'Neal,Heat,2009-03-23,2009-03-25,2
Jermaine O'Neal,Heat,2009-11-14,2009-11-17,3
Jermaine O'Neal,Heat,2010-01-04,2010-01-06,2
Jermaine O'Neal,Heat,2010-02-01,2010-02-03,2
Jermaine O'Neal,Heat,2010-03-20,2010-03-22,2
Jermaine O'Neal,Heat,2010-03-28,2010-04-07,10
Jermaine O'Neal,Pacers,2006-12-08,2006-12-13,5
Jermaine O'Neal,Pacers,2006-12-26,2006-12-29,3
Jermaine O'Neal,Pacers,2007-02-07,2007-02-09,2
Jermaine O'Neal,Pacers,2007-03-09,2007-03-14,5
Jermaine O'Neal,Pacers,2007-03-28,2007-03-30,2
Jermaine O'Neal,Pacers,2007-04-01,2007-04-03,2
Jermaine O'Neal,Pacers,2007-04-17,2007-11-01,198
Jermaine O'Neal,Pacers,2007-10-31,2007-11-30,30
Jermaine O'Neal,Pacers,2007-11-21,2008-01-12,52
Jermaine O'Neal,Pacers,2008-01-09,2008-03-31,82
Jermaine O'Neal,Raptors,2008-12-31,2009-01-16,16
Jermaine O'Neal,Suns,2012-12-29,2012-12-31,2
Jermaine O'Neal,Suns,2013-01-23,2013-02-05,13
Jermaine O'Neal,Warriors,2013-11-18,2013-11-26,8
Jermaine O'Neal,Warriors,2013-12-13,2014-02-04,53
Jermaine O'Neal,Warriors,2014-02-10,2014-02-19,9
Jermaine Taylor,Rockets,2010-01-29,2010-02-24,26
Jermaine Taylor,Rockets,2010-02-20,2010-03-24,32
Jermaine Taylor,Rockets,2010-03-13,2010-10-27,228
Jermaine Taylor,Rockets,2010-10-26,2010-11-06,11
Jermaine Taylor,Rockets,2010-11-03,2010-11-12,9
Jermareo Davidson,Bobcats,2007-12-08,2007-12-14,6
Jerome Jordan,Knicks,2012-02-29,2012-03-23,23
Jerry Stackhouse,Bucks,2010-03-09,2010-03-12,3
Jerry Stackhouse,Heat,2010-10-26,2010-10-27,1
Jerry Stackhouse,Mavericks,2006-11-18,2006-11-20,2
Jerry Stackhouse,Mavericks,2006-12-09,2006-12-16,7
Jerry Stackhouse,Mavericks,2006-12-22,2007-01-04,13
Jerry Stackhouse,Mavericks,2007-04-11,2007-04-14,3
Jerry Stackhouse,Mavericks,2007-04-17,2007-04-18,1
Jerry Stackhouse,Mavericks,2008-01-06,2008-01-09,3
Jerry Stackhouse,Mavericks,2008-01-14,2008-01-19,5
Jerry Stackhouse,Mavericks,2008-01-25,2008-02-08,14
Jerry Stackhouse,Mavericks,2008-02-13,2008-02-22,9
Jerry Stackhouse,Mavericks,2008-03-30,2008-04-16,17
Jerry Stackhouse,Mavericks,2008-11-16,2009-02-20,96
Jerry Stackhouse,Nets,2012-11-03,2012-11-05,2
Jerry Stackhouse,Nets,2012-11-21,2012-11-23,2
Jerry Stackhouse,Nets,2012-12-12,2012-12-23,11
Jerry Stackhouse,Nets,2013-01-02,2013-01-04,2
Jerryd Bayless,76ers,2016-10-26,2016-11-21,26
Jerryd Bayless,76ers,2016-12-11,2017-11-18,342
Jerryd Bayless,76ers,2017-11-09,2018-01-31,83
Jerryd Bayless,76ers,2018-01-20,2018-02-02,13
Jerryd Bayless,Bucks,2015-12-05,2015-12-28,23
Jerryd Bayless,Bucks,2016-01-05,2016-01-15,10
Jerryd Bayless,Celtics,2014-01-22,2014-01-28,6
Jerryd Bayless,Grizzlies,2013-04-07,2013-04-12,5
Jerryd Bayless,Raptors,2011-02-08,2011-02-09,1
Jerryd Bayless,Raptors,2012-01-18,2012-01-22,4
Jerryd Bayless,Raptors,2012-02-10,2012-02-17,7
Jimmer Fredette,Kings,2014-02-01,2014-02-03,2
Jimmy Butler,Bulls,2013-11-21,2013-12-13,22
Jimmy Butler,Bulls,2014-10-29,2014-11-01,3
Jimmy Butler,Bulls,2015-01-27,2015-01-29,2
Jimmy Butler,Bulls,2015-02-12,2015-02-20,8
Jimmy Butler,Bulls,2015-03-03,2015-03-23,20
Jimmy Butler,Bulls,2015-04-09,2015-04-11,2
Jimmy Butler,Bulls,2017-01-10,2017-01-14,4
Jimmy Butler,Timberwolves,2017-10-25,2017-10-27,2
Jimmy Butler,Timberwolves,2018-02-24,2018-04-06,41
Joakim Noah,Bulls,2007-10-31,2007-11-06,6
Joakim Noah,Bulls,2008-01-11,2008-01-15,4
Joakim Noah,Bulls,2010-02-05,2010-02-20,15
Joakim Noah,Bulls,2010-03-01,2010-03-20,19
Joakim Noah,Bulls,2010-12-18,2011-02-23,67
Joakim Noah,Bulls,2011-03-30,2011-04-05,6
Joakim Noah,Bulls,2013-04-09,2013-04-15,6
Joakim Noah,Bulls,2014-11-04,2014-11-07,3
Joakim Noah,Bulls,2014-11-25,2014-11-28,3
Joakim Noah,Bulls,2014-12-10,2014-12-18,8
Joakim Noah,Bulls,2015-01-16,2015-01-23,7
Joakim Noah,Bulls,2015-03-23,2015-03-25,2
Joakim Noah,Bulls,2015-04-15,2015-04-18,3
Joakim Noah,Bulls,2015-12-25,2016-01-11,17
Joakim Noah,Knicks,2016-11-20,2016-11-25,5
Joakim Noah,Knicks,2016-11-30,2016-12-04,4
Joakim Noah,Knicks,2017-01-18,2017-01-21,3
Joakim Noah,Knicks,2017-02-06,2017-03-29,51
Joakim Noah,Knicks,2017-11-24,2017-11-27,3
Joakim Noah,Knicks,2017-11-29,2017-12-03,4
Joakim Noah,Knicks,2017-12-09,2017-12-16,7
Joakim Noah,Knicks,2017-12-21,2017-12-22,1
Joakim Noah,Knicks,2017-12-27,2017-12-28,1
Jodie Meeks,76ers,2010-10-27,2010-11-07,11
Jodie Meeks,Bucks,2009-10-30,2009-11-03,4
Jodie Meeks,Magic,2016-10-26,2016-12-02,37
Jodie Meeks,Magic,2017-01-22,2017-03-20,57
Jodie Meeks,Pistons,2014-10-29,2014-12-12,44
Jodie Meeks,Pistons,2015-10-30,2016-04-13,166
Jodie Meeks,Wizards,2018-03-21,2018-03-23,2
Joe Alexander,Bucks,2009-02-28,2009-03-06,6
Joe Alexander,Bulls,2010-02-20,2010-03-01,9
Joe Harris,Cavaliers,2015-03-18,2015-04-02,15
Joe Harris,Cavaliers,2015-04-05,2015-04-10,5
Joe Harris,Nets,2017-01-23,2017-02-01,9
Joe Johnson,Hawks,2006-12-10,2006-12-16,6
Joe Johnson,Hawks,2007-03-07,2009-02-07,703
Joe Johnson,Hawks,2009-02-06,2010-03-19,406
Joe Johnson,Hawks,2009-04-15,2010-04-09,359
Joe Johnson,Hawks,2010-03-16,2010-12-17,276
Joe Johnson,Hawks,2010-04-03,2011-03-30,361
Joe Johnson,Hawks,2010-12-01,2012-02-29,455
Joe Johnson,Hawks,2011-03-27,2012-03-09,348
Joe Johnson,Hawks,2012-02-22,2012-03-11,18
Joe Johnson,Jazz,2017-01-14,2017-01-16,2
Joe Johnson,Jazz,2017-11-01,2017-12-15,44
Joe Johnson,Nets,2013-02-22,2013-02-26,4
Joe Johnson,Nets,2013-03-12,2013-03-17,5
Joe Johnson,Nets,2013-03-29,2013-04-04,6
Joe Johnson,Nets,2013-04-15,2013-04-17,2
Joe Johnson,Nets,2014-12-10,2014-12-12,2
Joe Johnson,Rockets,2018-03-06,2018-03-09,3
Joe Smith (Leynard),Hawks,2009-12-11,2009-12-29,18
Joe Smith (Leynard),Lakers,2010-12-15,2010-12-17,2
Joe Smith (Leynard),Nets,2010-11-03,2010-11-10,7
Joe Smith (Leynard),Nets,2010-11-13,2010-11-17,4
Joe Smith (Leynard),Nets,2010-11-28,2010-12-09,11
Joe Smith (Leynard),Nuggets,2006-12-12,2006-12-15,3
Joe Smith (Leynard),Thunder,2008-12-29,2009-01-06,8
Joe Smith (Leynard),Thunder,2009-01-14,2009-02-04,21
Joe Smith (Leynard),Thunder,2009-02-21,2009-02-28,7
Joe Young,Pacers,2017-03-08,2017-03-15,7
Joe Young,Pacers,2017-03-19,2017-03-26,7
Joel Anthony,Heat,2007-11-01,2007-11-27,26
Joel Anthony,Heat,2007-12-02,2007-12-20,18
Joel Anthony,Heat,2008-01-16,2008-01-24,8
Joel Anthony,Heat,2008-02-23,2008-03-08,14
Joel Anthony,Pistons,2015-03-10,2015-03-11,1
Joel Anthony,Spurs,2017-02-24,2017-03-01,5
Joel Anthony,Spurs,2017-03-03,2017-03-04,1
Joel Anthony,Spurs,2017-03-06,2017-03-08,2
Joel Anthony,Spurs,2017-03-18,2017-03-19,1
Joel Anthony,Spurs,2017-03-23,2017-03-25,2
Joel Anthony,Spurs,2017-03-27,2017-04-02,6
Joel Anthony,Spurs,2017-04-10,2017-04-22,12
Joel Anthony,Spurs,2017-04-15,2017-05-11,26
Joel Anthony,Spurs,2017-04-25,2017-05-16,21
Joel Bolomboy,Bucks,2017-10-21,2017-11-10,20
Joel Bolomboy,Jazz,2017-01-02,2017-03-06,63
Joel Bolomboy,Jazz,2017-04-08,2017-04-10,2
Joel Bolomboy,Jazz,2017-04-12,2017-04-18,6
Joel Bolomboy,Jazz,2017-04-15,2017-05-02,17
Joel Embiid,76ers,2014-10-29,2017-10-23,1090
Joel Embiid,76ers,2015-10-28,2017-11-09,743
Joel Embiid,76ers,2016-03-06,2017-12-02,636
Joel Embiid,76ers,2017-03-01,2017-12-12,286
Joel Embiid,76ers,2017-10-21,2017-12-23,63
Joel Embiid,76ers,2017-11-07,2018-01-31,85
Joel Embiid,76ers,2017-11-30,2018-04-19,140
Joel Freeland,Blazers,2012-11-18,2012-11-21,3
Joel Freeland,Blazers,2012-12-16,2012-12-20,4
Joel Freeland,Blazers,2013-02-01,2013-02-02,1
Joel Freeland,Blazers,2013-11-05,2013-11-08,3
Joel Freeland,Blazers,2014-02-12,2014-04-13,60
Joel Przybilla,Blazers,2006-11-12,2006-11-28,16
Joel Przybilla,Blazers,2007-03-03,2010-12-03,1371
Joel Przybilla,Blazers,2008-04-08,2011-01-04,1001
Joel Przybilla,Blazers,2010-01-04,2012-03-01,787
Joel Przybilla,Bobcats,2011-02-25,2011-02-27,2
Joel Przybilla,Bucks,2012-12-26,2013-01-22,27
Joel Przybilla,Bucks,2013-01-26,2013-01-30,4
Joel Przybilla,Bucks,2013-02-01,2013-02-05,4
Joel Przybilla,Bucks,2013-02-20,2013-02-26,6
Joel Przybilla,Bucks,2013-02-27,2013-03-19,20
Joel Przybilla,Bucks,2013-03-24,2013-04-09,16
Joel Przybilla,Bucks,2013-04-15,2013-04-17,2
Joey Dorsey,Kings,2010-02-21,2010-02-23,2
Joey Dorsey,Kings,2010-03-07,2010-03-14,7
Joey Dorsey,Kings,2010-03-16,2010-03-21,5
Joey Dorsey,Raptors,2010-04-04,2010-11-01,211
Joey Dorsey,Raptors,2010-10-29,2010-11-10,12
Joey Dorsey,Raptors,2010-11-08,2011-03-04,116
Joey Dorsey,Raptors,2011-02-23,2011-03-26,31
Joey Dorsey,Raptors,2011-03-20,2011-04-03,14
Joey Dorsey,Rockets,2008-12-23,2009-11-04,316
Joey Dorsey,Rockets,2009-04-18,2010-01-15,272
Joey Graham,Cavaliers,2010-12-04,2010-12-05,1
Joey Graham,Cavaliers,2010-12-17,2011-01-14,28
Joey Graham,Cavaliers,2011-02-13,2011-02-16,3
Joey Graham,Nuggets,2009-11-04,2009-11-06,2
Joey Graham,Raptors,2007-04-17,2007-11-24,221
Joey Graham,Raptors,2007-11-04,2008-02-22,110
Joey Graham,Raptors,2008-02-11,2008-04-09,58
Joffrey Lauvergne,Nuggets,2015-11-18,2015-11-20,2
Joffrey Lauvergne,Nuggets,2015-11-22,2015-11-27,5
Joffrey Lauvergne,Nuggets,2016-01-28,2016-01-30,2
Joffrey Lauvergne,Spurs,2017-10-29,2017-11-14,16
Johan Petro,Hawks,2012-11-02,2012-11-14,12
Johan Petro,Hawks,2012-11-19,2012-11-24,5
Johan Petro,Hawks,2012-11-28,2012-11-30,2
Johan Petro,Hawks,2012-12-13,2012-12-15,2
Johan Petro,Hawks,2013-02-11,2013-02-13,2
Johan Petro,Nuggets,2009-01-07,2009-11-04,301
Johan Petro,Nuggets,2009-10-28,2009-11-11,14
Johan Petro,Nuggets,2009-11-10,2009-11-29,19
Johan Petro,Nuggets,2009-11-21,2009-12-05,14
Johan Petro,Sonics,2006-11-03,2006-11-05,2
Johan Petro,Thunder,2008-12-27,2008-12-29,2
John Collins (Martin),Hawks,2017-12-04,2017-12-14,10
John Henson,Bucks,2012-11-02,2012-11-07,5
John Henson,Bucks,2014-02-01,2014-02-05,4
John Henson,Bucks,2014-12-13,2014-12-26,13
John Henson,Bucks,2015-11-04,2015-11-06,2
John Henson,Bucks,2017-03-31,2017-04-10,10
John Henson,Bucks,2017-11-22,2017-11-25,3
John Henson,Bucks,2018-02-13,2018-02-23,10
John Henson,Bucks,2018-03-30,2018-04-01,2
John Holland,Cavaliers,2017-10-17,2017-11-22,36
John Holland,Cavaliers,2017-12-04,2018-02-09,67
John Holland,Celtics,2016-04-16,2016-04-19,3
John Jenkins,Hawks,2013-11-15,2013-11-16,1
John Jenkins,Hawks,2013-11-20,2013-11-22,2
John Jenkins,Hawks,2013-12-26,2014-04-19,114
John Jenkins,Hawks,2014-10-29,2014-11-12,14
John Jenkins,Hawks,2014-11-21,2014-11-26,5
John Jenkins,Hawks,2014-11-28,2014-12-10,12
John Jenkins,Hawks,2014-12-23,2015-01-21,29
John Jenkins,Hawks,2015-04-08,2015-04-10,2
John Jenkins,Mavericks,2015-11-03,2015-11-05,2
John Jenkins,Mavericks,2015-11-10,2015-11-11,1
John Jenkins,Mavericks,2015-11-13,2015-11-14,1
John Jenkins,Mavericks,2015-11-16,2015-11-18,2
John Jenkins,Mavericks,2015-11-20,2015-11-22,2
John Jenkins,Suns,2016-10-26,2016-10-31,5
John Jenkins,Suns,2016-11-02,2016-11-08,6
John Jenkins,Suns,2016-11-16,2016-11-18,2
John Lucas III,Bulls,2010-11-27,2010-12-21,24
John Lucas III,Jazz,2014-03-12,2014-03-16,4
John Lucas III,Timberwolves,2016-10-26,2016-11-01,6
John Salmons,Bucks,2011-01-31,2011-02-02,2
John Salmons,Kings,2006-11-16,2006-11-22,6
John Salmons,Kings,2008-12-02,2008-12-06,4
John Salmons,Kings,2012-02-21,2012-02-28,7
John Salmons,Kings,2012-03-28,2012-11-09,226
John Salmons,Kings,2013-01-30,2013-02-01,2
John Wall (Hildred),Wizards,2010-11-16,2010-11-21,5
John Wall (Hildred),Wizards,2010-12-14,2013-01-12,760
John Wall (Hildred),Wizards,2012-10-30,2015-04-12,894
John Wall (Hildred),Wizards,2015-04-08,2015-05-13,35
John Wall (Hildred),Wizards,2015-05-05,2016-11-07,552
John Wall (Hildred),Wizards,2016-04-06,2016-11-16,224
John Wall (Hildred),Wizards,2016-11-05,2017-04-12,158
John Wall (Hildred),Wizards,2016-11-12,2017-11-07,360
John Wall (Hildred),Wizards,2017-11-05,2017-12-13,38
John Wall (Hildred),Wizards,2017-11-25,2018-03-31,126
John Wall (Hildred),Wizards,2018-01-27,2018-04-10,73
John Wall (Hildred),Wizards,2018-04-06,2018-04-14,8
Johnathan Motley,Mavericks,2017-10-18,2017-12-08,51
Johnathan Motley,Mavericks,2017-12-20,2018-01-24,35
Johnathan Motley,Mavericks,2018-01-29,2018-02-03,5
Johnathan Motley,Mavericks,2018-02-23,2018-03-11,16
Johnathan Motley,Mavericks,2018-03-16,2018-03-17,1
Johnathan Motley,Mavericks,2018-03-22,2018-03-27,5
Johnny O'Bryant III,Bucks,2014-10-29,2014-12-13,45
Johnny O'Bryant III,Hornets,2017-03-24,2017-04-10,17
Jon Brockman,Bucks,2011-02-05,2011-02-08,3
Jon Brockman,Bucks,2011-04-01,2011-04-08,7
Jon Brockman,Bucks,2012-01-22,2012-01-27,5
Jon Brockman,Kings,2010-01-26,2010-01-29,3
Jon Brockman,Kings,2010-02-20,2010-03-28,36
Jon Leuer,Bucks,2012-03-20,2012-03-30,10
Jon Leuer,Bucks,2012-04-09,2012-04-19,10
Jon Leuer,Bucks,2012-04-21,2012-04-23,2
Jon Leuer,Cavaliers,2012-11-17,2012-11-21,4
Jon Leuer,Grizzlies,2013-01-23,2013-01-25,2
Jon Leuer,Grizzlies,2013-04-25,2013-04-27,2
Jon Leuer,Grizzlies,2013-05-27,2014-11-21,543
Jon Leuer,Pistons,2016-12-17,2016-12-19,2
Jon Leuer,Pistons,2017-01-18,2017-01-21,3
Jon Leuer,Pistons,2017-11-03,2017-11-15,12
Jonas Jerebko,Celtics,2016-03-16,2016-03-21,5
Jonas Jerebko,Celtics,2017-01-21,2017-01-24,3
Jonas Valanciunas,Raptors,2012-12-26,2013-02-01,37
Jonas Valanciunas,Raptors,2013-04-12,2013-04-16,4
Jonas Valanciunas,Raptors,2014-03-19,2014-03-21,2
Jonas Valanciunas,Raptors,2014-11-05,2014-11-07,2
Jonas Valanciunas,Raptors,2015-11-22,2015-12-28,36
Jonas Valanciunas,Raptors,2016-03-17,2016-03-18,1
Jonas Valanciunas,Raptors,2016-05-09,2017-11-01,541
Jonas Valanciunas,Raptors,2017-10-23,2018-04-09,168
Jonathan Bender,Knicks,2009-12-15,2009-12-17,2
Jonathan Bender,Knicks,2010-01-01,2010-01-05,4
Jonathan Isaac,Magic,2017-10-29,2017-10-30,1
Jonathon Simmons,Spurs,2015-10-28,2015-11-14,17
Jonathon Simmons,Spurs,2015-11-16,2015-11-18,2
Jonathon Simmons,Spurs,2015-11-21,2015-11-23,2
Jonathon Simmons,Spurs,2016-03-10,2016-03-17,7
Jonathon Simmons,Spurs,2017-01-27,2017-02-13,17
Jonny Flynn,Timberwolves,2010-10-27,2010-12-14,48
Jonny Flynn,Timberwolves,2011-01-01,2011-01-03,2
Jonny Flynn,Timberwolves,2011-02-16,2011-02-25,9
Jordan Adams,Grizzlies,2014-11-23,2014-12-09,16
Jordan Adams,Grizzlies,2014-12-12,2014-12-30,18
Jordan Adams,Grizzlies,2015-01-09,2015-01-11,2
Jordan Adams,Grizzlies,2015-01-23,2015-01-26,3
Jordan Adams,Grizzlies,2015-11-05,2015-12-26,51
Jordan Adams,Grizzlies,2016-01-08,2016-04-13,96
Jordan Bell,Warriors,2017-10-27,2017-10-30,3
Jordan Bell,Warriors,2017-11-13,2017-11-19,6
Jordan Bell,Warriors,2017-11-22,2017-11-24,2
Jordan Bell,Warriors,2018-01-20,2018-02-26,37
Jordan Bell,Warriors,2018-03-08,2018-03-14,6
Jordan Clarkson,Lakers,2015-12-11,2015-12-15,4
Jordan Crawford,Hawks,2010-12-06,2010-12-11,5
Jordan Farmar,Clippers,2014-12-06,2014-12-10,4
Jordan Farmar,Lakers,2006-11-21,2006-11-26,5
Jordan Farmar,Lakers,2008-12-20,2009-01-25,36
Jordan Farmar,Lakers,2014-03-21,2014-04-06,16
Jordan Farmar,Nets,2011-02-02,2011-02-09,7
Jordan Farmar,Nets,2011-02-28,2011-03-04,4
Jordan Hamilton,Clippers,2015-04-19,2015-05-04,15
Jordan Hamilton,Nuggets,2011-12-26,2012-01-01,6
Jordan Hamilton,Nuggets,2012-01-06,2012-01-17,11
Jordan Hamilton,Nuggets,2012-01-13,2012-01-21,8
Jordan Hamilton,Nuggets,2012-01-20,2012-02-02,13
Jordan Hamilton,Nuggets,2012-01-29,2012-02-04,6
Jordan Hamilton,Nuggets,2012-02-03,2012-03-21,47
Jordan Hill,Lakers,2012-03-16,2012-03-18,2
Jordan Hill,Lakers,2013-01-13,2013-04-24,101
Jordan Hill,Rockets,2011-02-05,2011-02-12,7
Jordan Hill,Rockets,2012-01-19,2012-01-21,2
Jordan Hill,Rockets,2012-02-19,2012-03-10,20
Jordan Hill,Rockets,2012-03-13,2012-03-14,1
Jordan McRae,Cavaliers,2016-05-02,2016-06-08,37
Jordan Mickey,Celtics,2015-10-30,2015-11-06,7
Jordan Mickey,Celtics,2015-11-10,2015-12-21,41
Jordan Mickey,Celtics,2015-12-27,2016-02-19,54
Jordan Mickey,Celtics,2016-04-09,2016-04-13,4
Jordan Mickey,Celtics,2016-11-19,2016-11-28,9
Jordan Mickey,Celtics,2016-12-02,2016-12-05,3
Jordan Mickey,Celtics,2016-12-09,2016-12-14,5
Jordan Mickey,Celtics,2016-12-18,2016-12-20,2
Jordan Mickey,Celtics,2016-12-22,2016-12-27,5
Jordan Mickey,Celtics,2016-12-29,2017-01-03,5
Jordan Mickey,Celtics,2017-03-12,2017-04-05,24
Jordan Mickey,Celtics,2017-04-10,2017-05-19,39
Jordan Mickey,Heat,2018-02-27,2018-03-01,2
Jordan Mickey,Heat,2018-03-05,2018-03-10,5
Jorge Garbajosa,Raptors,2007-01-03,2007-01-05,2
Jose Calderon,Cavaliers,2018-04-05,2018-04-09,4
Jose Calderon,Knicks,2014-10-29,2014-11-22,24
Jose Calderon,Knicks,2015-01-24,2015-01-28,4
Jose Calderon,Knicks,2015-03-03,2016-02-04,338
Jose Calderon,Lakers,2016-10-26,2016-10-30,4
Jose Calderon,Lakers,2016-12-05,2016-12-23,18
Jose Calderon,Pistons,2013-02-01,2013-02-04,3
Jose Calderon,Raptors,2006-12-19,2006-12-22,3
Jose Calderon,Raptors,2007-03-16,2007-03-21,5
Jose Calderon,Raptors,2009-12-08,2009-12-11,3
Jose Calderon,Raptors,2009-12-13,2010-01-06,24
Jose Calderon,Raptors,2010-02-03,2010-02-07,4
Jose Calderon,Raptors,2010-03-01,2010-03-05,4
Jose Calderon,Raptors,2010-12-11,2010-12-17,6
Jose Calderon,Raptors,2011-04-02,2011-04-06,4
Jose Calderon,Raptors,2012-03-11,2012-03-20,9
Jose Juan Barea,Mavericks,2006-12-04,2006-12-09,5
Jose Juan Barea,Mavericks,2006-12-13,2006-12-15,2
Jose Juan Barea,Mavericks,2006-12-16,2006-12-18,2
Jose Juan Barea,Mavericks,2006-12-20,2006-12-22,2
Jose Juan Barea,Mavericks,2007-01-02,2007-02-02,31
Jose Juan Barea,Mavericks,2007-04-09,2007-04-11,2
Jose Juan Barea,Mavericks,2007-04-29,2007-12-12,227
Jose Juan Barea,Mavericks,2007-12-14,2008-01-04,21
Jose Juan Barea,Mavericks,2008-01-09,2008-01-12,3
Jose Juan Barea,Mavericks,2008-03-12,2008-04-25,44
Jose Juan Barea,Mavericks,2015-03-22,2015-04-01,10
Jose Juan Barea,Mavericks,2015-11-28,2015-12-09,11
Jose Juan Barea,Mavericks,2016-11-23,2016-12-19,26
Jose Juan Barea,Mavericks,2016-12-23,2017-01-07,15
Jose Juan Barea,Mavericks,2017-01-25,2017-03-10,44
Jose Juan Barea,Mavericks,2017-04-12,2018-02-03,297
Jose Juan Barea,Mavericks,2018-01-29,2018-03-20,50
Jose Juan Barea,Timberwolves,2012-01-27,2012-02-01,5
Jose Juan Barea,Timberwolves,2012-03-01,2012-03-03,2
Jose Juan Barea,Timberwolves,2012-03-09,2012-03-12,3
Josh Boone,Nets,2008-11-14,2008-12-12,28
Josh Boone,Nets,2009-12-30,2010-01-02,3
Josh Boone,Nets,2010-01-05,2010-01-08,3
Josh Boone,Nets,2010-02-05,2010-02-16,11
Josh Childress,Hawks,2006-11-18,2006-12-27,39
Josh Childress,Hawks,2006-11-22,2007-12-21,394
Josh Childress,Hawks,2007-04-04,2008-02-19,321
Josh Childress,Nets,2012-11-03,2012-11-09,6
Josh Childress,Nets,2012-12-18,2012-12-23,5
Josh Harrellson,Heat,2012-11-03,2012-11-07,4
Josh Harrellson,Heat,2012-11-12,2012-11-15,3
Josh Harrellson,Heat,2012-11-21,2012-12-04,13
Josh Harrellson,Heat,2012-12-06,2012-12-10,4
Josh Harrellson,Heat,2012-12-12,2012-12-26,14
Josh Harrellson,Heat,2012-12-28,2012-12-29,1
Josh Harrellson,Knicks,2012-01-24,2012-01-27,3
Josh Harrellson,Knicks,2012-01-28,2012-02-29,32
Josh Harrellson,Pistons,2013-11-03,2013-11-05,2
Josh Harrellson,Pistons,2013-11-11,2013-11-17,6
Josh Harrellson,Pistons,2014-02-07,2014-02-21,14
Josh Harrellson,Pistons,2014-03-01,2014-04-04,34
Josh Hart,Lakers,2017-10-19,2017-10-20,1
Josh Hart,Lakers,2017-11-15,2017-11-19,4
Josh Hart,Lakers,2018-03-01,2018-03-30,29
Josh Howard,Jazz,2012-03-20,2012-04-24,35
Josh Howard,Mavericks,2006-11-08,2006-11-24,16
Josh Howard,Mavericks,2007-04-07,2007-04-09,2
Josh Howard,Mavericks,2008-04-12,2008-04-13,1
Josh Howard,Mavericks,2008-11-09,2008-11-13,4
Josh Howard,Mavericks,2008-11-19,2008-12-15,26
Josh Howard,Mavericks,2009-01-11,2009-01-19,8
Josh Howard,Mavericks,2009-03-07,2009-11-07,245
Josh Howard,Mavericks,2009-10-26,2009-12-08,43
Josh Howard,Mavericks,2009-11-13,2009-12-14,31
Josh Howard,Mavericks,2010-01-09,2010-01-13,4
Josh Howard,Mavericks,2010-01-20,2010-01-22,2
Josh Howard,Wizards,2010-02-26,2010-12-18,295
Josh Howard,Wizards,2010-10-28,2011-01-05,69
Josh Howard,Wizards,2011-01-01,2011-02-13,43
Josh Howard,Wizards,2011-01-07,2011-03-12,64
Josh Huestis,Thunder,2015-10-28,2015-11-16,19
Josh Huestis,Thunder,2015-11-18,2015-12-17,29
Josh Huestis,Thunder,2015-12-19,2016-01-29,41
Josh Huestis,Thunder,2016-02-01,2016-02-19,18
Josh Huestis,Thunder,2016-02-21,2016-03-22,30
Josh Huestis,Thunder,2016-03-28,2016-03-29,1
Josh Huestis,Thunder,2016-03-31,2016-04-06,6
Josh Huestis,Thunder,2016-04-09,2016-04-11,2
Josh Huestis,Thunder,2016-04-25,2016-05-10,15
Josh Huestis,Thunder,2016-05-12,2016-11-20,192
Josh Huestis,Thunder,2016-10-26,2016-12-19,54
Josh Huestis,Thunder,2016-11-22,2017-02-01,71
Josh Huestis,Thunder,2016-12-31,2017-02-24,55
Josh Huestis,Thunder,2017-02-05,2017-04-12,66
Josh Jackson,Suns,2018-01-12,2018-01-14,2
Josh Jackson,Suns,2018-03-10,2018-03-13,3
Josh Magette,Hawks,2017-11-01,2017-11-22,21
Josh Magette,Hawks,2017-12-04,2018-01-20,47
Josh Magette,Hawks,2018-01-22,2018-02-26,35
Josh McRoberts,Blazers,2007-10-30,2007-11-19,20
Josh McRoberts,Heat,2014-10-29,2014-11-01,3
Josh McRoberts,Heat,2014-11-16,2014-11-20,4
Josh McRoberts,Heat,2014-12-16,2016-01-29,409
Josh McRoberts,Heat,2015-01-16,2017-04-10,815
Josh McRoberts,Lakers,2012-01-03,2012-01-13,10
Josh McRoberts,Mavericks,2017-10-18,2017-12-31,74
Josh McRoberts,Pacers,2008-11-14,2008-11-15,1
Josh McRoberts,Pacers,2009-01-19,2009-02-20,32
Josh McRoberts,Pacers,2009-03-15,2009-03-18,3
Josh McRoberts,Pacers,2009-11-22,2009-11-25,3
Josh McRoberts,Pacers,2009-11-27,2009-12-09,12
Josh McRoberts,Pacers,2009-12-11,2009-12-16,5
Josh McRoberts,Pacers,2009-12-18,2009-12-21,3
Josh McRoberts,Pacers,2010-01-11,2010-01-19,8
Josh McRoberts,Pacers,2010-12-19,2010-12-20,1
Josh McRoberts,Pacers,2011-01-08,2011-01-14,6
Josh McRoberts,Pacers,2011-01-22,2011-01-28,6
Josh Powell,Clippers,2007-11-06,2007-11-09,3
Josh Powell,Clippers,2007-11-14,2007-11-17,3
Josh Powell,Clippers,2007-11-26,2007-11-30,4
Josh Powell,Hawks,2011-01-26,2011-02-02,7
Josh Powell,Hawks,2011-03-12,2011-03-15,3
Josh Powell,Hawks,2011-03-26,2011-03-27,1
Josh Powell,Hawks,2011-03-30,2011-04-05,6
Josh Richardson,Heat,2015-10-28,2015-11-03,6
Josh Selby,Grizzlies,2012-02-14,2012-04-15,61
Josh Selby,Grizzlies,2012-03-25,2012-05-02,38
Josh Selby,Grizzlies,2012-04-26,2012-12-22,240
Josh Smith,Hawks,2006-12-23,2007-01-12,20
Josh Smith,Hawks,2008-11-09,2008-12-03,24
Jrue Holiday,76ers,2009-10-28,2009-10-30,2
Jrue Holiday,Pelicans,2014-02-05,2015-04-10,429
Juan Dixon,Pistons,2008-04-11,2008-04-16,5
Juan Dixon,Pistons,2008-04-20,2008-05-10,20
Juan Dixon,Raptors,2007-02-23,2007-02-24,1
Juan Dixon,Raptors,2007-03-26,2007-03-28,2
Juan Dixon,Raptors,2007-11-28,2007-12-03,5
Juancho Hernangomez,Nuggets,2017-01-05,2017-11-11,310
Juancho Hernangomez,Nuggets,2017-10-23,2017-12-18,56
Juancho Hernangomez,Nuggets,2017-12-15,2018-01-13,29
Juancho Hernangomez,Nuggets,2017-12-26,2018-01-17,22
Juancho Hernangomez,Nuggets,2018-01-16,2018-01-22,6
Juancho Hernangomez,Nuggets,2018-01-19,2018-03-09,49
Juancho Hernangomez,Nuggets,2018-02-27,2018-03-26,27
Julian Wright,Hornets,2008-01-11,2008-01-21,10
Julian Wright,Hornets,2008-02-23,2008-02-27,4
Julian Wright,Hornets,2008-03-02,2008-03-03,1
Julian Wright,Hornets,2008-10-29,2008-10-30,1
Julian Wright,Hornets,2008-12-16,2008-12-17,1
Julian Wright,Hornets,2008-12-20,2008-12-23,3
Julian Wright,Hornets,2008-12-28,2009-01-16,19
Julian Wright,Raptors,2011-03-18,2011-03-20,2
Julius Hodge,Bucks,2007-01-28,2007-02-02,5
Julius Hodge,Nuggets,2006-11-24,2007-01-02,39
Julius Randle,Lakers,2014-11-16,2017-02-02,809
Julyan Stone,Hornets,2017-10-23,2017-11-29,37
Julyan Stone,Hornets,2017-12-04,2017-12-09,5
Julyan Stone,Hornets,2017-12-13,2017-12-15,2
Julyan Stone,Hornets,2017-12-22,2018-01-02,11
Julyan Stone,Nuggets,2011-12-26,2012-01-02,7
Julyan Stone,Nuggets,2012-01-09,2012-01-13,4
Julyan Stone,Nuggets,2012-02-02,2012-02-03,1
Julyan Stone,Nuggets,2012-03-13,2012-03-15,2
Julyan Stone,Nuggets,2012-03-19,2012-03-21,2
Julyan Stone,Nuggets,2012-04-15,2012-04-16,1
Julyan Stone,Nuggets,2012-10-31,2012-11-17,17
Julyan Stone,Nuggets,2012-12-03,2012-12-05,2
Julyan Stone,Nuggets,2012-12-07,2012-12-18,11
Julyan Stone,Nuggets,2012-12-20,2012-12-28,8
Julyan Stone,Nuggets,2013-01-13,2013-01-16,3
Julyan Stone,Raptors,2013-11-13,2013-11-15,2
Julyan Stone,Raptors,2013-11-17,2013-11-20,3
Julyan Stone,Raptors,2014-04-19,2014-04-27,8
Jumaine Jones,Suns,2006-11-18,2006-11-24,6
Justin Anderson,76ers,2017-11-22,2017-11-30,8
Justin Anderson,76ers,2017-12-02,2017-12-28,26
Justin Anderson,76ers,2017-12-30,2018-01-05,6
Justin Anderson,76ers,2018-02-14,2018-03-06,20
Justin Anderson,76ers,2018-03-26,2018-03-30,4
Justin Anderson,Mavericks,2015-11-01,2015-11-03,2
Justin Anderson,Mavericks,2015-12-09,2015-12-12,3
Justin Anderson,Mavericks,2015-12-14,2015-12-16,2
Justin Anderson,Mavericks,2015-12-18,2015-12-22,4
Justin Anderson,Mavericks,2015-12-26,2015-12-28,2
Justin Anderson,Mavericks,2016-01-01,2016-01-02,1
Justin Anderson,Mavericks,2016-01-05,2016-01-06,1
Justin Anderson,Mavericks,2016-01-15,2016-01-18,3
Justin Hamilton (Anthony),Heat,2014-03-14,2014-03-19,5
Justin Hamilton (Anthony),Heat,2014-03-21,2014-03-28,7
Justin Hamilton (Anthony),Heat,2014-04-12,2014-04-14,2
Justin Hamilton (Anthony),Heat,2014-04-20,2014-11-16,210
Justin Hamilton (Anthony),Heat,2014-11-08,2015-01-08,61
Justin Hamilton (Anthony),Heat,2014-12-29,2015-01-21,23
Justin Hamilton (Anthony),Nets,2016-12-12,2016-12-14,2
Justin Hamilton (Anthony),Nets,2016-12-16,2016-12-18,2
Justin Hamilton (Anthony),Nets,2017-03-03,2017-03-04,1
Justin Harper,Magic,2012-01-26,2012-01-27,1
Justin Harper,Magic,2012-02-06,2012-02-08,2
Justin Harper,Magic,2012-02-22,2012-03-06,13
Justin Harper,Magic,2012-03-08,2012-03-13,5
Justin Harper,Magic,2012-03-16,2012-03-21,5
Justin Harper,Magic,2012-03-23,2012-04-01,9
Justin Holiday,Bulls,2018-02-22,2018-02-26,4
Justin Holiday,Bulls,2018-02-27,2018-03-07,8
Justin Holiday,Hawks,2016-01-05,2016-01-07,2
Justin Holiday,Hawks,2016-01-20,2016-02-08,19
Justin Holiday,Warriors,2014-11-05,2014-11-08,3
Justin Holiday,Warriors,2014-11-09,2014-11-15,6
Justin Jackson (Aaron),Kings,2017-12-02,2017-12-10,8
Justin Patton,Timberwolves,2017-10-18,2018-02-24,129
Justin Reed,Timberwolves,2007-01-27,2007-01-31,4
Justin Williams,Kings,2007-01-06,2007-01-09,3
Justin Williams,Kings,2007-01-12,2007-01-13,1
Justin Williams,Kings,2007-11-09,2007-11-16,7
Justin Williams,Kings,2007-11-20,2007-11-21,1
Justin Williams,Kings,2008-01-18,2008-01-22,4
Jusuf Nurkic,Blazers,2017-04-01,2017-04-04,3
Jusuf Nurkic,Blazers,2017-04-06,2017-04-22,16
Jusuf Nurkic,Blazers,2017-12-09,2017-12-15,6
Jusuf Nurkic,Nuggets,2014-11-17,2014-11-19,2
Jusuf Nurkic,Nuggets,2014-12-05,2014-12-10,5
Jusuf Nurkic,Nuggets,2015-10-30,2015-11-18,19
Jusuf Nurkic,Nuggets,2015-11-20,2015-12-22,32
Jusuf Nurkic,Nuggets,2016-01-15,2016-01-19,4
Juwan Howard,Blazers,2010-04-03,2010-04-07,4
Juwan Howard,Bobcats,2008-12-13,2008-12-16,3
Juwan Howard,Bobcats,2009-02-06,2009-02-08,2
Juwan Howard,Heat,2010-10-29,2010-11-02,4
Juwan Howard,Heat,2010-11-06,2010-11-13,7
Juwan Howard,Mavericks,2007-11-01,2008-01-23,83
Juwan Howard,Mavericks,2008-01-19,2008-03-10,51
K.J. McDaniels,Nets,2017-02-24,2017-02-25,1
K.J. McDaniels,Rockets,2015-11-11,2015-11-16,5
K.J. McDaniels,Rockets,2015-12-05,2015-12-12,7
K.J. McDaniels,Rockets,2016-01-10,2016-01-15,5
Kadeem Allen,Celtics,2017-10-17,2017-12-10,54
Kadeem Allen,Celtics,2017-12-15,2017-12-21,6
Kadeem Allen,Celtics,2017-12-25,2017-12-27,2
Kadeem Allen,Celtics,2017-12-28,2018-01-18,21
Kadeem Allen,Celtics,2018-01-21,2018-01-31,10
Kadeem Allen,Celtics,2018-02-23,2018-03-11,16
Kahlil Felder,Bulls,2017-12-08,2017-12-11,3
Kahlil Felder,Cavaliers,2016-10-25,2016-10-29,4
Kahlil Felder,Cavaliers,2016-11-01,2016-11-05,4
Kahlil Felder,Cavaliers,2016-11-18,2016-11-25,7
Kahlil Felder,Cavaliers,2016-12-05,2016-12-07,2
Kahlil Felder,Cavaliers,2017-03-01,2017-03-04,3
Kahlil Felder,Cavaliers,2017-03-14,2017-03-18,4
Kahlil Felder,Cavaliers,2017-03-22,2017-03-27,5
Kahlil Felder,Cavaliers,2017-04-02,2017-04-10,8
Kahlil Felder,Pistons,2018-01-19,2018-02-05,17
Kahlil Felder,Pistons,2018-02-12,2018-04-11,58
Kaniel Dickens,Cavaliers,2008-02-27,2008-02-29,2
Kareem Rush,76ers,2008-12-10,2008-12-13,3
Kareem Rush,76ers,2009-01-28,2009-02-05,8
Kawhi Leonard,Spurs,2012-02-29,2012-03-02,2
Kawhi Leonard,Spurs,2012-11-21,2012-12-21,30
Kawhi Leonard,Spurs,2013-01-23,2013-01-25,2
Kawhi Leonard,Spurs,2013-02-21,2013-02-22,1
Kawhi Leonard,Spurs,2013-04-03,2013-04-04,1
Kawhi Leonard,Spurs,2014-01-24,2014-02-26,33
Kawhi Leonard,Spurs,2014-04-14,2014-04-16,2
Kawhi Leonard,Spurs,2014-10-28,2014-10-31,3
Kawhi Leonard,Spurs,2014-12-10,2014-12-14,4
Kawhi Leonard,Spurs,2014-12-22,2015-01-16,25
Kawhi Leonard,Spurs,2015-11-14,2015-11-16,2
Kawhi Leonard,Spurs,2015-12-07,2015-12-09,2
Kawhi Leonard,Spurs,2016-03-25,2016-03-30,5
Kawhi Leonard,Spurs,2017-03-08,2017-03-09,1
Kawhi Leonard,Spurs,2017-03-11,2017-03-13,2
Kawhi Leonard,Spurs,2017-05-11,2017-05-14,3
Kawhi Leonard,Spurs,2017-05-16,2017-05-22,6
Kawhi Leonard,Spurs,2017-10-17,2017-12-12,56
Kawhi Leonard,Spurs,2017-12-16,2017-12-18,2
Kawhi Leonard,Spurs,2017-12-20,2017-12-21,1
Kawhi Leonard,Spurs,2017-12-28,2017-12-30,2
Kawhi Leonard,Spurs,2018-01-03,2018-01-05,2
Kawhi Leonard,Spurs,2018-01-07,2018-01-13,6
Keith Bogans,Nets,2012-02-11,2012-02-14,3
Keith Bogans,Nets,2012-11-18,2012-11-20,2
Keith Bogans,Nets,2013-04-09,2013-04-12,3
Keith McLeod,Pacers,2007-01-20,2007-02-05,16
Keith McLeod,Pacers,2007-02-11,2007-02-23,12
Keith McLeod,Pacers,2007-03-02,2007-03-09,7
Keith McLeod,Warriors,2006-11-03,2006-11-14,11
Kelenna Azubuike,Mavericks,2012-03-23,2012-04-09,17
Kelenna Azubuike,Mavericks,2012-04-10,2012-04-13,3
Kelenna Azubuike,Mavericks,2012-04-18,2012-04-20,2
Kelenna Azubuike,Warriors,2008-12-01,2008-12-05,4
Kelenna Azubuike,Warriors,2009-01-05,2009-01-07,2
Kelenna Azubuike,Warriors,2009-02-18,2009-02-21,3
Kelly Olynyk,Celtics,2015-01-23,2015-03-04,40
Kelly Olynyk,Celtics,2016-02-19,2016-03-16,26
Kelly Olynyk,Celtics,2016-04-19,2016-04-24,5
Kelly Olynyk,Celtics,2016-10-26,2016-11-09,14
Kelvin Cato,Knicks,2006-11-17,2006-11-20,3
Kelvin Cato,Knicks,2006-11-24,2006-11-28,4
Kelvin Cato,Knicks,2006-12-23,2006-12-31,8
Kelvin Cato,Knicks,2007-01-15,2007-01-24,9
Kelvin Cato,Knicks,2007-01-28,2007-01-30,2
Kelvin Cato,Knicks,2007-02-06,2007-02-25,19
Kemba Walker,Hornets,2015-01-19,2015-01-21,2
Kemba Walker,Hornets,2015-01-24,2015-03-11,46
Kemba Walker,Hornets,2017-11-29,2017-12-04,5
Kendall Marshall,76ers,2015-12-05,2015-12-11,6
Kendrick Perkins,Cavaliers,2018-04-15,2018-04-22,7
Kendrick Perkins,Celtics,2006-12-06,2006-12-27,21
Kendrick Perkins,Celtics,2006-12-20,2008-02-19,426
Kendrick Perkins,Celtics,2008-02-10,2008-06-17,128
Kendrick Perkins,Celtics,2008-06-15,2008-12-28,196
Kendrick Perkins,Celtics,2008-12-26,2009-01-21,26
Kendrick Perkins,Celtics,2009-01-12,2010-03-03,415
Kendrick Perkins,Celtics,2010-03-02,2010-03-31,29
Kendrick Perkins,Celtics,2010-03-26,2011-01-25,305
Kendrick Perkins,Pelicans,2015-11-06,2015-12-11,35
Kendrick Perkins,Thunder,2011-02-25,2011-03-14,17
Kendrick Perkins,Thunder,2013-02-20,2013-02-22,2
Kendrick Perkins,Thunder,2013-04-15,2013-04-17,2
Kendrick Perkins,Thunder,2014-02-23,2014-04-03,39
Kenneth Faried,Nuggets,2013-04-17,2013-04-23,6
Kenneth Faried,Nuggets,2015-01-31,2015-02-03,3
Kenneth Faried,Nuggets,2015-11-27,2015-11-28,1
Kenneth Faried,Nuggets,2017-01-02,2017-01-05,3
Kenny Hasbrouck,Heat,2010-03-16,2010-04-14,29
Kenny Thomas,Kings,2006-12-10,2006-12-12,2
Kenny Thomas,Kings,2006-12-30,2007-01-02,3
Kenny Thomas,Kings,2007-01-19,2007-01-20,1
Kenny Thomas,Kings,2007-02-11,2007-02-13,2
Kenny Thomas,Kings,2007-03-16,2007-03-30,14
Kenny Thomas,Kings,2007-04-04,2007-11-20,230
Kenny Thomas,Kings,2007-11-14,2008-02-06,84
Kenny Thomas,Kings,2008-01-22,2008-02-09,18
Kenny Thomas,Kings,2008-02-08,2008-02-29,21
Kenny Thomas,Kings,2008-02-19,2008-03-05,15
Kenny Thomas,Kings,2008-03-04,2008-03-09,5
Kenny Thomas,Kings,2009-10-28,2009-11-02,5
Kent Bazemore,Hawks,2015-11-17,2015-11-27,10
Kent Bazemore,Hawks,2016-12-07,2016-12-13,6
Kent Bazemore,Hawks,2017-03-20,2017-03-29,9
Kent Bazemore,Warriors,2012-10-31,2012-11-03,3
Kent Bazemore,Warriors,2012-11-05,2012-11-09,4
Kentavious Caldwell-Pope,Lakers,2018-01-19,2018-01-23,4
Kentavious Caldwell-Pope,Pistons,2016-12-11,2016-12-14,3
Kentavious Caldwell-Pope,Pistons,2017-01-13,2017-01-23,10
Kenyon Martin Sr.,Clippers,2012-02-04,2012-02-08,4
Kenyon Martin Sr.,Knicks,2013-12-21,2013-12-25,4
Kenyon Martin Sr.,Knicks,2014-01-22,2014-01-28,6
Kenyon Martin Sr.,Nuggets,2006-11-10,2007-12-26,411
Kenyon Martin Sr.,Nuggets,2007-12-21,2008-01-04,14
Kenyon Martin Sr.,Nuggets,2007-12-28,2009-03-06,434
Kenyon Martin Sr.,Nuggets,2009-03-05,2009-04-13,39
Kenyon Martin Sr.,Nuggets,2009-04-04,2009-12-12,252
Kenyon Martin Sr.,Nuggets,2009-12-10,2010-04-10,121
Kenyon Martin Sr.,Nuggets,2010-03-07,2010-12-22,290
Kenyon Martin Sr.,Nuggets,2010-10-27,2011-01-11,76
Kenyon Martin Sr.,Nuggets,2011-01-06,2011-01-16,10
Kenyon Martin Sr.,Nuggets,2011-01-15,2011-01-31,16
Kenyon Martin Sr.,Nuggets,2011-01-30,2011-02-28,29
Kevin Durant,Sonics,2008-02-19,2008-02-21,2
Kevin Durant,Thunder,2008-11-12,2008-11-14,2
Kevin Durant,Thunder,2009-02-28,2009-03-14,14
Kevin Durant,Thunder,2010-11-19,2010-11-22,3
Kevin Durant,Thunder,2010-12-01,2010-12-05,4
Kevin Durant,Thunder,2013-04-17,2014-12-02,594
Kevin Durant,Thunder,2014-10-29,2014-12-31,63
Kevin Durant,Thunder,2015-01-26,2015-01-31,5
Kevin Durant,Thunder,2015-02-02,2015-02-06,4
Kevin Durant,Thunder,2015-02-21,2015-11-23,275
Kevin Durant,Thunder,2015-11-13,2016-01-06,54
Kevin Durant,Warriors,2017-02-25,2017-02-27,2
Kevin Durant,Warriors,2017-03-02,2017-04-08,37
Kevin Durant,Warriors,2017-11-08,2017-11-11,3
Kevin Durant,Warriors,2017-11-19,2017-11-22,3
Kevin Durant,Warriors,2017-11-24,2017-11-29,5
Kevin Durant,Warriors,2018-01-04,2018-01-10,6
Kevin Durant,Warriors,2018-03-16,2018-03-29,13
Kevin Garnett,Celtics,2009-02-01,2009-02-05,4
Kevin Garnett,Celtics,2009-03-04,2009-03-20,16
Kevin Garnett,Celtics,2009-04-14,2010-01-22,283
Kevin Garnett,Celtics,2010-01-02,2011-01-14,377
Kevin Garnett,Celtics,2010-12-31,2013-04-07,828
Kevin Garnett,Nets,2013-11-16,2013-11-18,2
Kevin Garnett,Nets,2014-01-04,2014-01-06,2
Kevin Garnett,Nets,2014-03-15,2014-04-05,21
Kevin Garnett,Nets,2014-04-08,2014-04-09,1
Kevin Garnett,Nets,2014-11-22,2014-11-26,4
Kevin Garnett,Nets,2014-12-03,2014-12-05,2
Kevin Garnett,Nets,2014-12-30,2015-01-02,3
Kevin Garnett,Timberwolves,2007-04-11,2015-02-25,2877
Kevin Garnett,Timberwolves,2015-02-20,2015-11-12,265
Kevin Garnett,Timberwolves,2015-03-30,2015-11-20,235
Kevin Garnett,Timberwolves,2015-11-10,2016-01-02,53
Kevin Garnett,Timberwolves,2015-11-18,2016-01-15,58
Kevin Garnett,Timberwolves,2015-12-31,2016-01-23,23
Kevin Jones,Cavaliers,2012-11-30,2012-12-05,5
Kevin Love,Cavaliers,2015-03-15,2015-03-18,3
Kevin Love,Cavaliers,2015-04-02,2015-04-05,3
Kevin Love,Cavaliers,2015-04-12,2015-04-13,1
Kevin Love,Cavaliers,2015-05-04,2016-06-10,403
Kevin Love,Cavaliers,2016-06-08,2017-03-16,281
Kevin Love,Cavaliers,2017-02-14,2018-03-19,398
Kevin Love,Cavaliers,2018-01-31,2018-03-30,58
Kevin Love,Cavaliers,2018-04-11,2018-04-15,4
Kevin Love,Timberwolves,2009-10-28,2009-12-04,37
Kevin Love,Timberwolves,2010-01-18,2010-01-22,4
Kevin Love,Timberwolves,2010-03-12,2010-03-16,4
Kevin Love,Timberwolves,2011-03-24,2011-03-30,6
Kevin Love,Timberwolves,2011-04-06,2012-03-01,330
Kevin Love,Timberwolves,2012-02-29,2012-11-21,266
Kevin Martin,Kings,2006-12-18,2006-12-21,3
Kevin Martin,Kings,2008-03-05,2008-03-07,2
Kevin Martin,Kings,2008-11-11,2008-12-02,21
Kevin Martin,Kings,2008-12-09,2008-12-30,21
Kevin Martin,Kings,2009-04-03,2010-01-15,287
Kevin Martin,Rockets,2011-01-10,2011-01-14,4
Kevin Martin,Rockets,2012-01-27,2012-01-30,3
Kevin Martin,Spurs,2016-04-24,2016-04-30,6
Kevin Martin,Timberwolves,2014-02-08,2014-03-01,21
Kevin Martin,Timberwolves,2014-10-29,2014-10-30,1
Kevin Martin,Timberwolves,2014-11-26,2015-01-28,63
Kevin Martin,Timberwolves,2016-01-15,2016-01-17,2
Kevin Murphy,Jazz,2012-11-23,2013-01-09,47
Kevin Murphy,Jazz,2013-03-08,2013-03-09,1
Kevin Murphy,Jazz,2013-03-16,2013-03-29,13
Kevin Murphy,Jazz,2013-04-03,2013-04-15,12
Kevin Ollie,76ers,2007-04-14,2008-03-03,324
Kevin Ollie,Thunder,2009-12-02,2009-12-28,26
Kevin Ollie,Thunder,2010-03-12,2010-03-19,7
Kevin Ollie,Timberwolves,2008-11-19,2008-12-01,12
Kevin Ollie,Timberwolves,2009-01-06,2009-02-20,45
Kevin Ollie,Timberwolves,2009-02-17,2009-03-17,28
Kevin Seraphin,Pacers,2016-11-23,2016-11-25,2
Kevin Seraphin,Pacers,2016-11-30,2016-12-04,4
Kevin Seraphin,Pacers,2017-01-26,2017-02-01,6
Kevin Seraphin,Wizards,2010-10-28,2010-10-30,2
Kevin Seraphin,Wizards,2010-11-10,2010-12-07,27
Kevin Seraphin,Wizards,2010-12-05,2010-12-14,9
Kevin Seraphin,Wizards,2010-12-11,2011-01-01,21
Kevin Seraphin,Wizards,2010-12-31,2012-11-03,673
Kevin Seraphin,Wizards,2012-10-30,2013-12-09,405
Kevin Seraphin,Wizards,2013-12-06,2014-03-14,98
Kevon Looney,Warriors,2015-10-27,2016-01-04,69
Kevon Looney,Warriors,2015-11-14,2016-01-27,74
Kevon Looney,Warriors,2016-03-03,2016-03-07,4
Kevon Looney,Warriors,2016-03-16,2016-03-23,7
Kevon Looney,Warriors,2016-04-16,2016-12-11,239
Kevon Looney,Warriors,2016-12-10,2017-02-25,77
Kevon Looney,Warriors,2017-02-23,2017-10-25,244
Kevon Looney,Warriors,2017-04-08,2017-11-04,210
Kevon Looney,Warriors,2017-04-16,2018-01-03,262
Kevon Looney,Warriors,2017-10-20,2018-02-02,105
Kevon Looney,Warriors,2017-10-30,2018-03-02,123
Kevon Looney,Warriors,2017-12-30,2018-04-05,96
Kevon Looney,Warriors,2018-01-30,2018-04-07,67
Keyon Dooling,Celtics,2012-01-13,2012-01-26,13
Keyon Dooling,Celtics,2012-01-29,2012-02-12,14
Keyon Dooling,Magic,2006-12-06,2006-12-08,2
Keyon Dooling,Magic,2006-12-30,2007-01-10,11
Keyon Dooling,Magic,2007-01-20,2007-01-22,2
Keyon Dooling,Magic,2007-01-26,2007-02-14,19
Keyon Dooling,Magic,2007-03-12,2007-03-14,2
Keyon Dooling,Magic,2007-11-26,2007-11-30,4
Keyon Dooling,Magic,2008-02-11,2008-02-13,2
Keyon Dooling,Magic,2008-03-01,2008-03-08,7
Keyon Dooling,Nets,2008-11-30,2008-12-02,2
Keyon Dooling,Nets,2008-12-31,2009-01-02,2
Keyon Dooling,Nets,2009-03-01,2009-03-03,2
Keyon Dooling,Nets,2009-04-13,2009-04-15,2
Keyon Dooling,Nets,2009-10-28,2009-12-04,37
Keyon Dooling,Nets,2009-12-18,2009-12-19,1
Keyon Dooling,Nets,2010-01-13,2010-01-15,2
Keyon Dooling,Nets,2010-02-02,2010-02-05,3
Keyon Dooling,Nets,2010-03-22,2010-03-24,2
Khem Birch,Magic,2017-10-18,2017-10-21,3
Khem Birch,Magic,2017-10-24,2017-10-29,5
Khem Birch,Magic,2017-11-03,2017-11-20,17
Khem Birch,Magic,2017-11-22,2017-12-01,9
Khem Birch,Magic,2017-12-03,2017-12-13,10
Khem Birch,Magic,2017-12-15,2017-12-26,11
Khris Middleton,Bucks,2016-10-26,2017-02-08,105
Khris Middleton,Bucks,2017-02-11,2017-02-13,2
Khris Middleton,Bucks,2017-02-27,2017-03-01,2
Khris Middleton,Bucks,2017-04-12,2017-04-15,3
Khris Middleton,Pistons,2012-11-04,2012-11-06,2
Khris Middleton,Pistons,2012-11-07,2012-11-10,3
Khris Middleton,Pistons,2012-11-21,2012-12-28,37
Khris Middleton,Pistons,2013-01-04,2013-01-06,2
Khris Middleton,Pistons,2013-01-17,2013-01-27,10
Khris Middleton,Pistons,2013-01-29,2013-02-01,3
Kim English,Pistons,2012-11-16,2012-11-21,5
Kim English,Pistons,2012-11-30,2012-12-01,1
Kirk Hinrich,Bulls,2006-12-30,2007-01-05,6
Kirk Hinrich,Bulls,2008-01-15,2008-01-19,4
Kirk Hinrich,Bulls,2008-11-11,2009-01-12,62
Kirk Hinrich,Bulls,2009-11-26,2009-12-09,13
Kirk Hinrich,Bulls,2012-11-12,2012-11-14,2
Kirk Hinrich,Bulls,2014-01-22,2014-01-29,7
Kirk Hinrich,Bulls,2014-11-21,2014-11-25,4
Kirk Hinrich,Bulls,2014-12-23,2015-01-01,9
Kirk Hinrich,Bulls,2015-02-08,2015-02-20,12
Kirk Hinrich,Bulls,2015-02-21,2015-02-25,4
Kirk Hinrich,Bulls,2015-04-03,2015-04-08,5
Kirk Hinrich,Bulls,2015-04-18,2015-04-23,5
Kirk Hinrich,Bulls,2015-11-01,2015-11-13,12
Kirk Hinrich,Hawks,2011-05-02,2012-01-25,268
Kirk Hinrich,Hawks,2011-12-27,2016-02-22,1518
Kirk Hinrich,Wizards,2010-12-31,2011-01-05,5
Kirk Hinrich,Wizards,2011-01-22,2011-01-28,6
Kirk Snyder,Rockets,2006-11-22,2007-01-05,44
Kirk Snyder,Rockets,2007-01-24,2007-02-06,13
Kirk Snyder,Rockets,2007-02-15,2007-03-11,24
Kirk Snyder,Timberwolves,2008-02-29,2008-03-02,2
Klay Thompson,Warriors,2015-03-18,2015-03-23,5
Klay Thompson,Warriors,2017-01-10,2017-01-12,2
Klay Thompson,Warriors,2018-01-10,2018-01-12,2
Klay Thompson,Warriors,2018-03-14,2018-04-01,18
Kobe Bryant,Lakers,2007-10-29,2010-02-23,848
Kobe Bryant,Lakers,2010-02-06,2013-12-08,1401
Kobe Bryant,Lakers,2013-04-14,2015-11-13,943
Kobe Bryant,Lakers,2013-10-29,2015-11-20,752
Kobe Bryant,Lakers,2013-12-20,2016-01-07,748
Kobe Bryant,Lakers,2015-04-03,2016-01-28,300
Kobe Bryant,Lakers,2015-11-10,2016-01-31,82
Kobe Bryant,Lakers,2015-11-16,2016-02-02,78
Kobe Bryant,Lakers,2016-01-01,2016-03-02,61
Kobe Bryant,Lakers,2016-01-26,2016-03-06,40
Kobe Bryant,Lakers,2016-01-29,2016-03-22,53
Kobi Simmons,Grizzlies,2017-10-18,2017-10-21,3
Kobi Simmons,Grizzlies,2017-10-28,2017-11-01,4
Kobi Simmons,Grizzlies,2017-11-04,2017-11-29,25
Kobi Simmons,Grizzlies,2017-12-01,2017-12-02,1
Kobi Simmons,Grizzlies,2017-12-04,2017-12-16,12
Kobi Simmons,Grizzlies,2018-01-17,2018-01-24,7
Kobi Simmons,Grizzlies,2018-01-26,2018-02-24,29
Kobi Simmons,Grizzlies,2018-02-28,2018-03-02,2
Kobi Simmons,Grizzlies,2018-03-17,2018-03-22,5
Kosta Koufos,Grizzlies,2014-11-19,2014-11-21,2
Kosta Koufos,Jazz,2009-02-23,2009-02-25,2
Kosta Koufos,Jazz,2009-02-28,2009-03-08,8
Kosta Koufos,Jazz,2009-03-28,2009-12-21,268
Kosta Koufos,Jazz,2009-04-19,2010-01-11,267
Kosta Koufos,Jazz,2009-12-14,2010-01-16,33
Kosta Koufos,Jazz,2010-01-09,2010-01-29,20
Kosta Koufos,Jazz,2010-01-14,2010-02-19,36
Kosta Koufos,Jazz,2010-01-25,2010-03-22,56
Kosta Koufos,Kings,2018-02-22,2018-02-24,2
Kosta Koufos,Nuggets,2011-04-01,2011-04-03,2
Kosta Koufos,Nuggets,2012-03-04,2012-03-07,3
Kosta Koufos,Nuggets,2012-03-09,2012-03-15,6
Kosta Koufos,Nuggets,2012-03-21,2012-03-28,7
Kosta Koufos,Nuggets,2012-12-05,2012-12-07,2
Kosta Koufos,Timberwolves,2010-12-14,2010-12-17,3
Kosta Koufos,Timberwolves,2011-01-09,2011-01-13,4
Kosta Koufos,Timberwolves,2011-01-24,2011-02-02,9
Kosta Perovic,Warriors,2007-10-30,2008-01-19,81
Kosta Perovic,Warriors,2008-01-24,2008-03-19,55
Kosta Perovic,Warriors,2008-04-08,2008-04-14,6
Kostas Papanikolaou,Rockets,2014-12-10,2014-12-18,8
Kostas Papanikolaou,Rockets,2015-02-25,2015-03-06,9
Kostas Papanikolaou,Rockets,2015-03-11,2015-04-08,28
Kris Dunn,Bulls,2017-10-19,2017-10-28,9
Kris Dunn,Bulls,2018-01-20,2018-02-14,25
Kris Humphries,Hawks,2017-04-06,2017-04-07,1
Kris Humphries,Nets,2011-04-01,2012-01-06,280
Kris Humphries,Nets,2012-01-02,2012-02-28,57
Kris Humphries,Nets,2012-02-22,2012-12-31,313
Kris Humphries,Nets,2012-12-25,2013-01-08,14
Kris Humphries,Nets,2013-01-04,2013-04-09,95
Kris Humphries,Raptors,2006-11-20,2006-11-28,8
Kris Humphries,Wizards,2015-02-28,2015-04-01,32
Kris Humphries,Wizards,2016-01-06,2016-02-09,34
Kris Joseph,Celtics,2012-11-14,2012-11-30,16
Kristaps Porzingis,Knicks,2016-12-31,2017-01-06,6
Kristaps Porzingis,Knicks,2017-01-12,2017-01-18,6
Kristaps Porzingis,Knicks,2017-02-25,2017-03-01,4
Kristaps Porzingis,Knicks,2017-03-16,2017-03-20,4
Kristaps Porzingis,Knicks,2017-04-04,2017-04-06,2
Kristaps Porzingis,Knicks,2017-04-09,2017-11-11,216
Kristaps Porzingis,Knicks,2017-11-08,2017-12-06,28
Kristaps Porzingis,Knicks,2017-12-03,2017-12-21,18
Kurt Thomas,Blazers,2012-03-01,2012-03-05,4
Kurt Thomas,Bucks,2010-02-22,2010-02-24,2
Kurt Thomas,Bulls,2010-12-03,2010-12-04,1
Kurt Thomas,Bulls,2010-12-06,2010-12-08,2
Kurt Thomas,Bulls,2010-12-11,2010-12-18,7
Kurt Thomas,Sonics,2007-10-31,2007-11-11,11
Kurt Thomas,Spurs,2008-02-21,2008-02-25,4
Kurt Thomas,Suns,2007-01-17,2007-02-20,34
Kwame Brown,Bobcats,2010-10-27,2010-11-15,19
Kwame Brown,Pistons,2010-02-26,2010-03-02,4
Kyle Anderson,Spurs,2014-11-05,2014-11-06,1
Kyle Anderson,Spurs,2015-01-06,2015-01-09,3
Kyle Anderson,Spurs,2017-03-09,2017-03-11,2
Kyle Anderson,Spurs,2017-12-04,2017-12-20,16
Kyle Korver,76ers,2007-04-08,2007-04-14,6
Kyle Korver,76ers,2007-11-16,2007-11-27,11
Kyle Korver,Cavaliers,2017-03-16,2017-03-22,6
Kyle Korver,Cavaliers,2017-03-27,2017-04-04,8
Kyle Korver,Hawks,2012-11-30,2012-12-12,12
Kyle Korver,Hawks,2013-11-29,2013-12-04,5
Kyle Korver,Hawks,2015-01-14,2015-01-16,2
Kyle Korver,Hawks,2015-03-07,2015-03-09,2
Kyle Korver,Hawks,2015-03-16,2015-03-22,6
Kyle Korver,Hawks,2015-05-24,2015-11-01,161
Kyle Korver,Hawks,2015-10-30,2015-11-06,7
Kyle Korver,Jazz,2009-12-07,2009-12-14,7
Kyle Korver,Jazz,2009-12-21,2009-12-26,5
Kyle Kuzma,Lakers,2017-11-29,2017-12-02,3
Kyle Lowry,Grizzlies,2006-11-24,2009-02-17,816
Kyle Lowry,Raptors,2012-11-07,2012-11-20,13
Kyle Lowry,Raptors,2012-12-14,2012-12-28,14
Kyle Lowry,Raptors,2014-04-02,2014-04-09,7
Kyle Lowry,Raptors,2015-02-28,2015-03-06,6
Kyle Lowry,Raptors,2015-03-22,2015-03-24,2
Kyle Lowry,Raptors,2015-03-25,2015-04-10,16
Kyle Lowry,Raptors,2016-04-02,2016-04-05,3
Kyle Lowry,Raptors,2017-02-24,2017-04-05,40
Kyle Lowry,Raptors,2018-01-09,2018-01-15,6
Kyle Lowry,Raptors,2018-03-16,2018-03-18,2
Kyle Lowry,Rockets,2010-02-09,2010-03-09,28
Kyle Lowry,Rockets,2010-10-26,2010-10-30,4
Kyle O'Quinn,Knicks,2015-12-21,2015-12-26,5
Kyle O'Quinn,Knicks,2016-12-11,2016-12-13,2
Kyle O'Quinn,Knicks,2016-12-31,2017-01-02,2
Kyle O'Quinn,Knicks,2018-01-23,2018-01-26,3
Kyle O'Quinn,Knicks,2018-03-26,2018-03-31,5
Kyle O'Quinn,Magic,2013-11-24,2013-11-26,2
Kyle O'Quinn,Magic,2014-10-30,2014-11-26,27
Kyle Singler,Thunder,2016-03-22,2016-03-26,4
Kyle Weaver,Thunder,2009-01-28,2009-01-30,2
Kyle Wiltjer,Rockets,2016-11-17,2016-11-27,10
Kyle Wiltjer,Rockets,2016-11-29,2016-12-01,2
Kyle Wiltjer,Rockets,2017-01-08,2017-03-10,61
Kyle Wiltjer,Rockets,2017-04-10,2017-04-12,2
Kyle Wiltjer,Rockets,2017-04-16,2017-05-01,15
Kyrie Irving,Cavaliers,2012-02-10,2012-02-15,5
Kyrie Irving,Cavaliers,2012-11-21,2012-12-11,20
Kyrie Irving,Cavaliers,2013-03-12,2013-03-31,19
Kyrie Irving,Cavaliers,2014-01-02,2014-01-07,5
Kyrie Irving,Cavaliers,2014-03-18,2014-04-02,15
Kyrie Irving,Cavaliers,2014-12-26,2014-12-30,4
Kyrie Irving,Cavaliers,2015-10-27,2015-12-19,53
Kyrie Irving,Cavaliers,2015-12-26,2015-12-28,2
Kyrie Irving,Cavaliers,2015-12-29,2016-01-02,4
Kyrie Irving,Cavaliers,2016-03-26,2016-03-29,3
Kyrie Irving,Cavaliers,2016-04-03,2016-04-05,2
Kyrie Irving,Cavaliers,2016-12-13,2016-12-17,4
Kyrie Irving,Celtics,2017-11-12,2017-11-14,2
Kyrie Irving,Celtics,2017-12-11,2017-12-13,2
Kyrie Irving,Celtics,2018-01-18,2018-01-21,3
Kyrie Irving,Celtics,2018-01-31,2018-02-06,6
Kyrie Irving,Celtics,2018-03-05,2018-03-08,3
Kyrylo Fesenko,Jazz,2007-10-30,2007-11-30,31
Kyrylo Fesenko,Jazz,2008-10-29,2008-11-01,3
Kyrylo Fesenko,Jazz,2008-12-05,2008-12-13,8
Kyrylo Fesenko,Jazz,2008-12-15,2008-12-23,8
Kyrylo Fesenko,Jazz,2009-01-02,2009-01-24,22
Kyrylo Fesenko,Jazz,2009-02-08,2009-02-11,3
Kyrylo Fesenko,Jazz,2009-02-19,2009-03-28,37
Kyrylo Fesenko,Pacers,2012-03-23,2012-04-13,21
LaMarcus Aldridge,Blazers,2014-11-15,2014-11-17,2
LaMarcus Aldridge,Blazers,2014-12-22,2014-12-23,1
LaMarcus Aldridge,Blazers,2014-12-26,2014-12-30,4
LaMarcus Aldridge,Spurs,2015-11-21,2015-11-25,4
LaMarcus Aldridge,Spurs,2016-01-06,2016-01-08,2
LaMarcus Aldridge,Spurs,2016-01-22,2016-01-25,3
LaMarcus Aldridge,Spurs,2016-03-05,2016-03-07,2
LaMarcus Aldridge,Spurs,2016-10-30,2016-11-01,2
LaMarcus Aldridge,Spurs,2016-12-14,2016-12-18,4
LaMarcus Aldridge,Spurs,2017-02-02,2017-02-04,2
LaMarcus Aldridge,Spurs,2017-03-08,2017-03-09,1
LaMarcus Aldridge,Spurs,2017-03-11,2017-03-15,4
LaMarcus Aldridge,Spurs,2018-02-12,2018-02-23,11
LaMarcus Aldridge,Spurs,2018-03-03,2018-03-05,2
LaMarcus Aldridge,Spurs,2018-03-12,2018-03-13,1
Lamar Odom,Lakers,2006-12-13,2007-01-26,44
Lamar Odom,Lakers,2007-10-29,2007-11-09,11
Lamar Odom,Lakers,2009-01-07,2009-01-13,6
Lamar Patterson,Hawks,2015-11-13,2015-11-15,2
Lamar Patterson,Hawks,2016-01-07,2016-01-09,2
Lamar Patterson,Hawks,2016-01-13,2016-01-20,7
Lamar Patterson,Hawks,2017-02-25,2017-02-27,2
Lance Allred,Cavaliers,2008-03-29,2008-03-30,1
Lance Allred,Cavaliers,2008-04-03,2008-04-16,13
Lance Stephenson,Grizzlies,2016-02-19,2016-02-21,2
Lance Stephenson,Hornets,2014-12-20,2014-12-29,9
Lance Stephenson,Hornets,2015-01-10,2015-01-14,4
Lance Stephenson,Pacers,2010-10-27,2011-01-07,72
Lance Stephenson,Pacers,2011-01-08,2011-01-14,6
Lance Stephenson,Pacers,2011-01-17,2011-02-23,37
Lance Stephenson,Pacers,2011-04-01,2012-04-17,382
Lance Stephenson,Pacers,2012-04-16,2012-04-23,7
Lance Stephenson,Pacers,2012-04-21,2014-01-10,629
Lance Thomas,Knicks,2015-02-11,2015-02-20,9
Lance Thomas,Knicks,2016-02-07,2016-02-09,2
Lance Thomas,Knicks,2016-03-20,2016-11-06,231
Lance Thomas,Knicks,2016-11-04,2016-12-02,28
Lance Thomas,Knicks,2016-11-14,2017-02-12,90
Lance Thomas,Knicks,2017-01-16,2018-03-13,421
Lance Thomas,Knicks,2017-03-27,2018-04-07,376
Lance Thomas,Thunder,2014-12-14,2014-12-16,2
Landry Fields,Raptors,2012-11-10,2012-12-26,46
Landry Fields,Raptors,2013-02-06,2013-02-10,4
Landry Fields,Raptors,2013-04-01,2013-04-03,2
Landry Fields,Raptors,2014-04-11,2014-04-30,19
Landry Fields,Raptors,2014-04-27,2014-11-15,202
Landry Fields,Raptors,2014-11-11,2014-11-19,8
Landry Fields,Raptors,2014-12-21,2014-12-27,6
Larry Hughes,Bobcats,2010-03-16,2010-03-20,4
Larry Hughes,Bulls,2008-10-28,2008-11-13,16
Larry Hughes,Cavaliers,2006-11-17,2006-12-09,22
Larry Hughes,Cavaliers,2007-01-13,2007-01-16,3
Larry Hughes,Cavaliers,2007-06-12,2007-11-11,152
Larry Hughes,Cavaliers,2007-11-06,2007-12-08,32
Larry Hughes,Knicks,2009-12-17,2009-12-22,5
Larry Nance Jr.,Cavaliers,2018-03-15,2018-03-23,8
Larry Nance Jr.,Lakers,2015-10-28,2015-11-03,6
Larry Nance Jr.,Lakers,2016-01-17,2016-01-26,9
Larry Nance Jr.,Lakers,2016-01-31,2016-02-19,19
Larry Nance Jr.,Lakers,2016-02-02,2016-04-06,64
Larry Nance Jr.,Lakers,2016-04-05,2016-11-10,219
Larry Nance Jr.,Lakers,2016-11-08,2017-01-22,75
Larry Nance Jr.,Lakers,2016-12-23,2017-11-27,339
Larry Sanders (b. 1988-11-21),Bucks,2011-02-08,2011-02-11,3
Larry Sanders (b. 1988-11-21),Bucks,2013-01-30,2013-02-01,2
Larry Sanders (b. 1988-11-21),Bucks,2013-02-06,2013-02-19,13
Larry Sanders (b. 1988-11-21),Bucks,2013-03-10,2013-03-12,2
Larry Sanders (b. 1988-11-21),Bucks,2013-04-12,2013-12-27,259
Larry Sanders (b. 1988-11-21),Bucks,2013-11-15,2014-04-09,145
Larry Sanders (b. 1988-11-21),Cavaliers,2017-03-18,2017-03-25,7
Larry Sanders (b. 1988-11-21),Cavaliers,2017-03-27,2017-04-02,6
Larry Sanders (b. 1988-11-21),Cavaliers,2017-04-04,2017-04-05,1
Lauri Markkanen,Bulls,2017-12-15,2017-12-18,3
Lauri Markkanen,Bulls,2018-03-13,2018-03-17,4
Lauri Markkanen,Bulls,2018-03-21,2018-03-23,2
Lauri Markkanen,Bulls,2018-03-24,2018-03-27,3
Lavoy Allen,76ers,2011-12-26,2012-01-07,12
Lavoy Allen,Pacers,2015-01-31,2015-02-08,8
Lavoy Allen,Pacers,2015-02-11,2015-02-20,9
Lavoy Allen,Pacers,2017-02-15,2017-02-24,9
Lavoy Allen,Pacers,2017-03-05,2017-03-08,3
Lavoy Allen,Pacers,2017-03-15,2017-03-19,4
Lawrence Roberts,Grizzlies,2006-12-09,2007-01-12,34
Lazar Hayward,Thunder,2011-12-25,2011-12-28,3
Lazar Hayward,Thunder,2012-03-02,2012-04-14,43
Lazar Hayward,Timberwolves,2010-11-07,2010-11-09,2
Lazar Hayward,Timberwolves,2010-12-17,2010-12-18,1
Lazar Hayward,Timberwolves,2010-12-27,2011-01-13,17
Lazar Hayward,Timberwolves,2011-01-17,2011-01-19,2
Lazar Hayward,Timberwolves,2011-01-26,2011-02-04,9
Lazar Hayward,Timberwolves,2011-02-14,2011-02-16,2
Lazar Hayward,Timberwolves,2011-03-09,2011-03-11,2
LeBron James,Cavaliers,2007-01-26,2007-01-28,2
LeBron James,Cavaliers,2007-01-30,2007-02-01,2
LeBron James,Cavaliers,2007-03-13,2007-03-14,1
LeBron James,Cavaliers,2007-04-01,2007-04-03,2
LeBron James,Cavaliers,2008-01-31,2008-02-02,2
LeBron James,Cavaliers,2008-04-16,2010-03-12,695
LeBron James,Cavaliers,2010-03-08,2015-01-13,1772
LeBron James,Cavaliers,2010-04-08,2015-04-19,1837
LeBron James,Cavaliers,2014-12-30,2016-03-31,457
LeBron James,Cavaliers,2015-04-15,2016-04-09,360
LeBron James,Cavaliers,2016-03-29,2018-04-15,747
LeBron James,Heat,2011-01-15,2011-01-18,3
LeBron James,Heat,2013-12-28,2013-12-30,2
LeBron James,Heat,2014-02-23,2014-02-27,4
LeBron James,Heat,2014-03-19,2014-03-21,2
Leandro Barbosa,Pacers,2012-03-16,2012-03-20,4
Leandro Barbosa,Raptors,2010-11-10,2010-11-21,11
Leandro Barbosa,Raptors,2011-01-24,2011-02-08,15
Leandro Barbosa,Raptors,2011-04-05,2012-01-31,301
Leandro Barbosa,Suns,2006-11-24,2006-11-29,5
Leandro Barbosa,Suns,2009-11-03,2009-11-08,5
Leandro Barbosa,Suns,2009-12-01,2009-12-25,24
Leandro Barbosa,Suns,2010-01-25,2010-03-16,50
Leandro Barbosa,Warriors,2015-04-09,2016-01-11,277
Leandro Barbosa,Warriors,2016-01-02,2016-01-13,11
Leandro Barbosa,Warriors,2016-04-10,2016-04-13,3
Leon Powe,Cavaliers,2009-10-27,2010-02-23,119
Leon Powe,Cavaliers,2010-04-17,2010-05-07,20
Leon Powe,Cavaliers,2010-12-17,2010-12-22,5
Leon Powe,Cavaliers,2011-01-07,2011-02-13,37
Leon Powe,Celtics,2006-11-10,2006-11-11,1
Leon Powe,Celtics,2008-04-12,2008-04-14,2
Leon Powe,Celtics,2009-04-03,2009-04-14,11
Lester Hudson,Celtics,2009-12-27,2009-12-30,3
Lester Hudson,Grizzlies,2010-01-25,2010-01-27,2
Lester Hudson,Grizzlies,2010-01-29,2010-02-01,3
Lester Hudson,Grizzlies,2010-02-19,2010-02-26,7
Lester Hudson,Grizzlies,2010-03-16,2010-04-14,29
Lester Hudson,Wizards,2010-11-10,2010-11-16,6
Lester Hudson,Wizards,2010-12-29,2010-12-31,2
Linas Kleiza,Raptors,2010-11-12,2010-11-16,4
Linas Kleiza,Raptors,2011-01-26,2011-03-30,63
Linas Kleiza,Raptors,2011-04-11,2012-01-11,275
Linas Kleiza,Raptors,2011-12-26,2012-02-03,39
Linas Kleiza,Raptors,2012-02-01,2012-02-28,27
Linas Kleiza,Raptors,2012-02-17,2013-03-04,381
Linas Kleiza,Raptors,2013-02-10,2013-03-08,26
Linas Kleiza,Raptors,2013-03-06,2013-04-09,34
Lindsey Hunter,Pistons,2006-12-05,2007-01-15,41
Lindsey Hunter,Pistons,2007-12-28,2008-01-10,13
Lindsey Hunter,Pistons,2008-01-12,2008-03-24,72
Lindsey Hunter,Pistons,2008-03-29,2008-04-01,3
Lindsey Hunter,Pistons,2008-04-04,2008-04-11,7
Lindsey Hunter,Pistons,2008-04-16,2008-05-10,24
Linton Johnson III,Bobcats,2008-11-01,2008-11-05,4
London Perrantes,Cavaliers,2017-10-20,2017-11-24,35
London Perrantes,Cavaliers,2017-11-27,2017-12-12,15
London Perrantes,Cavaliers,2017-12-17,2018-02-09,54
Lonzo Ball,Lakers,2017-12-25,2018-01-05,11
Lonzo Ball,Lakers,2018-01-17,2018-02-23,37
Lonzo Ball,Lakers,2018-02-24,2018-02-26,2
Loren Woods,Rockets,2008-03-21,2008-03-22,1
Loren Woods,Rockets,2008-04-01,2008-04-03,2
Lorenzen Wright,Cavaliers,2008-11-25,2008-12-12,17
Lorenzen Wright,Cavaliers,2008-12-19,2008-12-23,4
Lorenzen Wright,Hawks,2006-12-29,2007-01-05,7
Lorenzen Wright,Hawks,2007-03-23,2007-03-25,2
Lorenzen Wright,Hawks,2007-10-29,2007-12-08,40
Lorenzen Wright,Hawks,2007-11-01,2008-02-13,104
Lorenzen Wright,Kings,2008-02-29,2008-03-04,4
Lorenzo Brown,Pistons,2016-03-29,2016-04-08,10
Lorenzo Brown,Raptors,2017-10-19,2017-11-17,29
Lorenzo Brown,Raptors,2017-12-20,2017-12-29,9
Lorenzo Brown,Raptors,2018-01-01,2018-01-09,8
Lorenzo Brown,Raptors,2018-01-19,2018-01-30,11
Louis Amundson,76ers,2007-04-06,2007-04-08,2
Louis Amundson,76ers,2007-10-31,2007-11-11,11
Louis Amundson,76ers,2007-12-07,2007-12-10,3
Louis Amundson,76ers,2008-01-04,2008-01-06,2
Louis Amundson,Jazz,2007-02-10,2007-02-20,10
Louis Amundson,Jazz,2007-02-23,2007-02-24,1
Louis Amundson,Knicks,2014-10-30,2014-11-10,11
Louis Amundson,Suns,2009-12-05,2009-12-08,3
Louis Amundson,Warriors,2010-10-27,2010-12-07,41
Louis Amundson,Warriors,2011-01-21,2011-01-22,1
Louis Amundson,Warriors,2011-02-05,2011-02-25,20
Louis Williams,Hawks,2013-01-19,2013-11-15,300
Louis Williams,Hawks,2013-10-30,2013-11-19,20
Louis Williams,Hawks,2013-11-16,2013-11-23,7
Louis Williams,Hawks,2013-11-22,2013-11-29,7
Louis Williams,Lakers,2016-01-28,2016-01-29,1
Louis Williams,Lakers,2016-03-02,2016-03-13,11
Louis Williams,Raptors,2015-02-21,2015-02-23,2
Luc Richard Mbah a Moute,Bucks,2009-11-18,2009-11-20,2
Luc Richard Mbah a Moute,Bucks,2009-11-23,2009-12-04,11
Luc Richard Mbah a Moute,Bucks,2011-12-26,2012-01-02,7
Luc Richard Mbah a Moute,Bucks,2012-01-10,2012-01-12,2
Luc Richard Mbah a Moute,Bucks,2012-01-16,2012-01-20,4
Luc Richard Mbah a Moute,Bucks,2012-04-07,2012-04-09,2
Luc Richard Mbah a Moute,Bucks,2012-04-23,2012-12-01,222
Luc Richard Mbah a Moute,Bucks,2012-11-02,2013-03-27,145
Luc Richard Mbah a Moute,Bucks,2013-03-12,2013-04-03,22
Luc Richard Mbah a Moute,Rockets,2017-11-16,2017-11-18,2
Luc Richard Mbah a Moute,Rockets,2017-12-15,2018-01-15,31
Luc Richard Mbah a Moute,Rockets,2018-03-27,2018-03-30,3
Luc Richard Mbah a Moute,Timberwolves,2014-01-08,2014-01-10,2
Lucas Nogueira,Raptors,2014-11-01,2014-11-02,1
Lucas Nogueira,Raptors,2014-11-07,2014-11-13,6
Lucas Nogueira,Raptors,2015-01-10,2015-02-21,42
Lucas Nogueira,Raptors,2015-03-06,2015-04-08,33
Lucas Nogueira,Raptors,2015-04-10,2015-11-08,212
Lucas Nogueira,Raptors,2015-10-28,2015-11-22,25
Lucas Nogueira,Raptors,2015-11-13,2015-11-28,15
Lucas Nogueira,Raptors,2015-12-07,2015-12-09,2
Lucas Nogueira,Raptors,2016-04-16,2016-05-09,23
Lucas Nogueira,Raptors,2016-05-23,2017-01-22,244
Lucas Nogueira,Raptors,2017-01-18,2017-01-24,6
Lucas Nogueira,Raptors,2017-05-01,2017-05-07,6
Lucas Nogueira,Raptors,2017-05-05,2017-12-26,235
Lucas Nogueira,Raptors,2017-12-01,2018-04-11,131
Luigi Datome,Pistons,2014-11-17,2014-11-26,9
Luigi Datome,Pistons,2014-12-12,2015-01-02,21
Luis Montero,Blazers,2015-11-08,2015-12-18,40
Luis Montero,Blazers,2015-12-20,2015-12-21,1
Luis Montero,Blazers,2016-01-04,2016-01-06,2
Luis Montero,Blazers,2016-01-08,2016-02-06,29
Luis Montero,Blazers,2016-02-08,2016-03-28,49
Luis Montero,Pistons,2017-10-18,2017-11-08,21
Luis Montero,Pistons,2017-11-15,2017-12-30,45
Luis Scola,Raptors,2016-04-10,2016-04-12,2
Luis Scola,Rockets,2011-03-08,2011-03-20,12
Luke Babbitt,Blazers,2010-12-03,2010-12-18,15
Luke Babbitt,Blazers,2011-03-07,2011-04-03,27
Luke Babbitt,Blazers,2011-04-12,2011-04-13,1
Luke Babbitt,Blazers,2011-04-16,2012-01-11,270
Luke Babbitt,Hawks,2017-11-22,2017-11-30,8
Luke Babbitt,Hawks,2018-01-08,2018-01-12,4
Luke Babbitt,Heat,2018-03-29,2018-04-04,6
Luke Babbitt,Heat,2018-04-09,2018-04-11,2
Luke Babbitt,Pelicans,2014-11-08,2014-11-12,4
Luke Harangody,Cavaliers,2011-02-25,2011-02-27,2
Luke Harangody,Cavaliers,2012-01-27,2012-02-03,7
Luke Harangody,Cavaliers,2012-03-07,2012-04-14,38
Luke Harangody,Cavaliers,2012-03-18,2012-04-18,31
Luke Harangody,Cavaliers,2012-04-15,2012-11-07,206
Luke Harangody,Cavaliers,2012-10-30,2012-11-29,30
Luke Harangody,Celtics,2010-10-26,2010-10-29,3
Luke Kennard,Pistons,2017-10-28,2017-11-03,6
Luke Kornet,Knicks,2017-10-19,2018-02-08,112
Luke Kornet,Knicks,2018-03-21,2018-03-23,2
Luke Ridnour,Bucks,2008-11-01,2008-11-05,4
Luke Ridnour,Bucks,2008-11-24,2008-11-26,2
Luke Ridnour,Bucks,2009-02-09,2009-02-20,11
Luke Ridnour,Bucks,2013-11-06,2013-11-15,9
Luke Ridnour,Sonics,2007-03-06,2007-03-16,10
Luke Ridnour,Sonics,2007-11-14,2007-12-09,25
Luke Ridnour,Timberwolves,2010-11-09,2010-11-17,8
Luke Schenscher,Blazers,2007-03-25,2007-03-26,1
Luke Walton,Lakers,2007-01-28,2007-02-23,26
Luke Walton,Lakers,2007-03-02,2007-03-15,13
Luke Walton,Lakers,2007-12-25,2007-12-30,5
Luke Walton,Lakers,2008-12-07,2008-12-09,2
Luke Walton,Lakers,2009-01-04,2009-01-21,17
Luke Walton,Lakers,2009-04-27,2009-05-06,9
Luke Walton,Lakers,2009-11-19,2010-01-12,54
Luke Walton,Lakers,2010-03-09,2010-04-04,26
Luke Walton,Lakers,2010-10-26,2010-11-05,10
Luol Deng,Bulls,2007-11-18,2007-11-25,7
Luol Deng,Bulls,2008-01-05,2008-01-13,8
Luol Deng,Bulls,2008-01-19,2008-01-21,2
Luol Deng,Bulls,2008-01-23,2008-02-20,28
Luol Deng,Bulls,2009-03-11,2010-04-02,387
Luol Deng,Bulls,2010-03-11,2012-02-04,695
Luol Deng,Heat,2015-01-21,2015-01-23,2
Luol Deng,Heat,2015-01-27,2015-02-03,7
Luol Deng,Heat,2015-11-27,2015-12-09,12
Luol Deng,Lakers,2017-01-14,2017-01-22,8
Luol Deng,Lakers,2017-03-03,2017-03-05,2
Luol Deng,Lakers,2017-03-07,2017-04-02,26
Luol Deng,Lakers,2017-04-07,2017-04-11,4
Luol Deng,Lakers,2017-10-20,2017-11-03,14
Luol Deng,Lakers,2017-11-05,2018-03-03,118
Luther Head,Heat,2009-03-06,2009-03-14,8
Luther Head,Kings,2010-12-27,2011-01-09,13
Luther Head,Kings,2011-01-14,2011-01-17,3
Luther Head,Pacers,2010-01-16,2010-01-22,6
Luther Head,Rockets,2007-03-30,2007-04-04,5
Luther Head,Rockets,2007-12-07,2007-12-09,2
Luther Head,Rockets,2008-02-02,2008-02-19,17
Luther Head,Rockets,2009-01-25,2009-02-26,32
Maalik Wayns,Clippers,2013-03-27,2013-03-29,2
Maalik Wayns,Clippers,2013-04-16,2013-04-25,9
Maalik Wayns,Clippers,2013-04-22,2014-01-01,254
Maceo Baston,Pacers,2006-11-08,2006-11-17,9
Maceo Baston,Pacers,2006-11-21,2006-11-28,7
Maceo Baston,Pacers,2007-02-09,2007-02-11,2
Maceo Baston,Pacers,2007-03-03,2007-03-09,6
Maceo Baston,Pacers,2007-03-11,2007-03-16,5
Maceo Baston,Pacers,2007-04-14,2007-04-17,3
Maceo Baston,Pacers,2008-11-18,2008-11-28,10
Maceo Baston,Pacers,2008-12-03,2008-12-05,2
Maceo Baston,Pacers,2008-12-30,2009-01-07,8
Maceo Baston,Pacers,2009-01-11,2009-01-19,8
Maceo Baston,Pacers,2009-01-20,2009-01-23,3
Maceo Baston,Raptors,2007-10-31,2007-11-16,16
Maceo Baston,Raptors,2007-12-11,2007-12-28,17
Maceo Baston,Raptors,2008-01-11,2008-01-30,19
Maceo Baston,Raptors,2008-02-04,2008-02-13,9
Maceo Baston,Raptors,2008-02-24,2008-03-02,7
Maceo Baston,Raptors,2008-03-26,2008-04-26,31
Malachi Richardson,Kings,2016-11-08,2016-12-14,36
Malachi Richardson,Kings,2017-03-01,2017-03-18,17
Malachi Richardson,Kings,2017-03-22,2017-12-14,267
Malachi Richardson,Kings,2017-12-01,2018-01-17,47
Malcolm Brogdon,Bucks,2017-04-08,2017-04-10,2
Malcolm Brogdon,Bucks,2018-01-26,2018-01-29,3
Malcolm Brogdon,Bucks,2018-02-02,2018-04-09,66
Malcolm Delaney,Hawks,2017-04-02,2017-04-06,4
Malcolm Lee,Timberwolves,2012-01-27,2012-02-06,10
Malcolm Lee,Timberwolves,2012-02-10,2012-03-10,29
Malcolm Miller,Raptors,2017-10-19,2017-12-20,62
Malcolm Miller,Raptors,2017-12-26,2018-01-11,16
Malcolm Miller,Raptors,2018-01-19,2018-02-26,38
Malcolm Thomas (b. 1988-11-08),Bulls,2013-04-25,2013-04-29,4
Malcolm Thomas (b. 1988-11-08),Bulls,2013-05-02,2013-05-04,2
Malcolm Thomas (b. 1988-11-08),Jazz,2014-02-07,2014-02-19,12
Malcolm Thomas (b. 1988-11-08),Jazz,2014-02-24,2014-03-05,9
Malcolm Thomas (b. 1988-11-08),Jazz,2014-03-08,2014-03-12,4
Malcolm Thomas (b. 1988-11-08),Jazz,2014-03-16,2014-03-22,6
Malcolm Thomas (b. 1988-11-08),Jazz,2014-03-30,2014-04-04,5
Malcolm Thomas (b. 1988-11-08),Jazz,2014-04-06,2014-04-11,5
Malcolm Thomas (b. 1988-11-08),Spurs,2012-01-30,2013-12-19,689
Malik Allen,Bucks,2008-12-09,2008-12-23,14
Malik Allen,Bucks,2008-12-30,2009-01-09,10
Malik Allen,Bucks,2009-01-10,2009-01-12,2
Malik Allen,Bulls,2006-12-01,2006-12-04,3
Malik Allen,Bulls,2007-01-11,2007-01-15,4
Malik Allen,Bulls,2007-01-17,2007-01-20,3
Malik Allen,Bulls,2007-03-11,2007-03-16,5
Malik Allen,Magic,2010-10-28,2010-11-06,9
Malik Allen,Magic,2010-11-10,2010-11-15,5
Malik Allen,Magic,2010-11-20,2010-11-24,4
Malik Allen,Magic,2010-11-30,2010-12-01,1
Malik Allen,Magic,2010-12-23,2011-02-04,43
Malik Allen,Mavericks,2008-04-06,2008-04-10,4
Malik Allen,Nuggets,2009-12-07,2009-12-10,3
Malik Beasley,Nuggets,2016-12-07,2016-12-08,1
Malik Beasley,Nuggets,2016-12-10,2017-01-02,23
Malik Beasley,Nuggets,2017-02-23,2017-03-06,11
Malik Beasley,Nuggets,2017-03-10,2017-03-13,3
Malik Beasley,Nuggets,2017-03-22,2017-03-31,9
Malik Hairston,Spurs,2008-12-22,2009-01-31,40
Malik Hairston,Spurs,2009-03-12,2009-11-09,242
Malik Hairston,Spurs,2009-10-28,2009-11-18,21
Malik Hairston,Spurs,2009-11-14,2009-12-07,23
Malik Hairston,Spurs,2009-12-03,2010-02-21,80
Malik Rose,Knicks,2007-12-08,2007-12-14,6
Malik Rose,Thunder,2009-02-20,2009-02-21,1
Malik Rose,Thunder,2009-04-08,2009-04-10,2
Mangok Mathiang,Hornets,2017-10-18,2017-10-23,5
Mangok Mathiang,Hornets,2017-10-29,2017-12-08,40
Mangok Mathiang,Hornets,2017-12-15,2017-12-18,3
Mangok Mathiang,Hornets,2017-12-22,2018-03-22,90
Manny Harris,Cavaliers,2010-11-09,2010-11-13,4
Manny Harris,Cavaliers,2010-11-19,2010-12-04,15
Manny Harris,Cavaliers,2010-12-05,2010-12-08,3
Manny Harris,Cavaliers,2011-02-16,2011-02-23,7
Manny Harris,Mavericks,2017-03-11,2017-03-13,2
Manny Harris,Mavericks,2017-03-23,2017-03-27,4
MarShon Brooks,Celtics,2014-01-03,2014-01-13,10
MarShon Brooks,Nets,2012-11-09,2012-11-15,6
Marc Gasol,Grizzlies,2010-03-20,2010-03-28,8
Marc Gasol,Grizzlies,2010-10-27,2010-10-29,2
Marc Gasol,Grizzlies,2013-11-25,2014-01-14,50
Marc Gasol,Grizzlies,2016-02-10,2018-03-05,754
Marc Gasol,Grizzlies,2017-12-21,2018-03-12,81
Marc Gasol,Grizzlies,2018-03-03,2018-03-21,18
Marc Gasol,Grizzlies,2018-03-10,2018-03-24,14
Marcelinho Huertas,Lakers,2016-11-04,2016-11-06,2
Marcelinho Huertas,Lakers,2016-11-13,2016-11-15,2
Marcelinho Huertas,Lakers,2017-02-06,2017-02-08,2
Marcelinho Huertas,Lakers,2017-02-10,2017-02-14,4
Marcin Gortat,Magic,2007-10-31,2007-11-06,6
Marcin Gortat,Magic,2007-11-07,2007-12-15,38
Marcin Gortat,Wizards,2016-01-13,2016-01-16,3
Marco Belinelli,Hawks,2018-01-12,2018-01-15,3
Marco Belinelli,Hornets,2011-01-14,2011-01-17,3
Marco Belinelli,Hornets,2016-12-31,2017-01-04,4
Marco Belinelli,Raptors,2009-11-22,2009-11-24,2
Marco Belinelli,Raptors,2010-01-17,2010-01-19,2
Marco Belinelli,Raptors,2010-02-07,2010-02-10,3
Marco Belinelli,Raptors,2010-03-20,2010-03-26,6
Marco Belinelli,Spurs,2014-04-16,2015-02-04,294
Marco Belinelli,Spurs,2015-01-13,2015-04-10,87
Marco Belinelli,Warriors,2007-11-28,2007-12-11,13
Marco Belinelli,Warriors,2008-01-11,2008-01-18,7
Marco Belinelli,Warriors,2008-01-21,2008-01-24,3
Marco Belinelli,Warriors,2008-02-19,2008-02-20,1
Marco Belinelli,Warriors,2008-02-29,2008-03-04,4
Marco Belinelli,Warriors,2008-03-07,2008-03-12,5
Marco Belinelli,Warriors,2008-04-08,2008-04-10,2
Marco Belinelli,Warriors,2009-01-19,2009-02-18,30
Marco Belinelli,Warriors,2009-03-11,2009-03-17,6
Marco Belinelli,Warriors,2009-03-24,2009-03-28,4
Marcus Banks,Heat,2008-11-07,2008-11-12,5
Marcus Banks,Heat,2009-01-13,2009-01-18,5
Marcus Banks,Heat,2009-01-21,2009-01-24,3
Marcus Banks,Hornets,2010-11-22,2011-03-09,107
Marcus Banks,Raptors,2009-03-25,2009-11-04,224
Marcus Banks,Raptors,2009-11-01,2009-11-07,6
Marcus Banks,Raptors,2009-11-06,2009-11-15,9
Marcus Banks,Raptors,2009-11-09,2009-11-22,13
Marcus Banks,Raptors,2009-11-17,2009-12-08,21
Marcus Banks,Raptors,2009-11-24,2009-12-13,19
Marcus Banks,Raptors,2009-12-11,2010-01-15,35
Marcus Banks,Raptors,2010-01-10,2010-01-27,17
Marcus Banks,Raptors,2010-01-24,2010-02-19,26
Marcus Banks,Raptors,2010-02-17,2010-02-26,9
Marcus Banks,Raptors,2010-02-20,2010-03-01,9
Marcus Banks,Raptors,2010-02-28,2010-03-17,17
Marcus Banks,Raptors,2010-03-09,2010-04-11,33
Marcus Banks,Raptors,2010-03-28,2010-10-29,215
Marcus Banks,Raptors,2010-10-27,2010-11-06,10
Marcus Banks,Suns,2007-03-07,2007-03-19,12
Marcus Camby,Blazers,2010-03-07,2010-03-09,2
Marcus Camby,Blazers,2011-01-24,2011-02-27,34
Marcus Camby,Blazers,2012-01-16,2012-01-20,4
Marcus Camby,Clippers,2008-10-29,2008-11-03,5
Marcus Camby,Clippers,2009-02-17,2009-02-23,6
Marcus Camby,Clippers,2009-04-01,2009-04-10,9
Marcus Camby,Clippers,2009-12-27,2009-12-30,3
Marcus Camby,Knicks,2013-01-17,2013-03-03,45
Marcus Camby,Knicks,2013-04-12,2013-05-01,19
Marcus Camby,Rockets,2012-03-17,2012-03-18,1
Marcus Georges-Hunt,Timberwolves,2018-02-07,2018-02-09,2
Marcus Haislip,Spurs,2009-10-28,2009-11-09,12
Marcus Haislip,Spurs,2009-11-14,2009-11-25,11
Marcus Haislip,Spurs,2009-11-27,2009-12-16,19
Marcus Haislip,Spurs,2009-12-19,2009-12-21,2
Marcus Landry,Celtics,2010-02-19,2010-02-25,6
Marcus Landry,Celtics,2010-03-03,2010-03-05,2
Marcus Landry,Knicks,2009-11-18,2009-11-22,4
Marcus Landry,Knicks,2009-11-24,2009-11-25,1
Marcus Landry,Knicks,2009-12-07,2009-12-15,8
Marcus Landry,Knicks,2009-12-22,2010-01-01,10
Marcus Landry,Knicks,2010-01-11,2010-01-13,2
Marcus Morris,Celtics,2017-10-17,2017-11-03,17
Marcus Morris,Celtics,2017-11-06,2017-11-08,2
Marcus Morris,Celtics,2017-11-25,2017-11-27,2
Marcus Morris,Rockets,2012-01-03,2012-02-20,48
Marcus Paige,Hornets,2017-10-18,2018-03-22,155
Marcus Paige,Hornets,2017-10-23,2018-04-06,165
Marcus Smart,Celtics,2014-11-12,2014-12-03,21
Marcus Smart,Celtics,2015-11-04,2015-11-11,7
Marcus Smart,Celtics,2015-11-22,2015-12-27,35
Marcus Smart,Celtics,2016-10-26,2016-11-02,7
Marcus Smart,Celtics,2017-10-20,2017-10-26,6
Marcus Smart,Celtics,2018-01-27,2018-02-23,27
Marcus Smart,Celtics,2018-03-14,2018-04-24,41
Marcus Thornton (T.),Celtics,2014-11-12,2014-11-14,2
Marcus Thornton (T.),Celtics,2014-12-15,2015-01-07,23
Marcus Thornton (T.),Hornets,2009-10-28,2009-11-06,9
Marcus Thornton (T.),Hornets,2010-11-13,2010-11-21,8
Marcus Thornton (T.),Kings,2013-01-07,2013-01-10,3
Marcus Thornton (T.),Kings,2013-02-13,2013-02-19,6
Marcus Thornton (T.),Kings,2014-02-07,2014-02-09,2
Marcus Thornton (T.),Suns,2015-02-20,2015-02-23,3
Marcus Thornton (T.),Suns,2015-03-25,2015-03-30,5
Marcus Williams (D.),Nets,2007-01-11,2007-01-15,4
Marcus Williams (D.),Nets,2007-10-29,2007-12-18,50
Marcus Williams (D.),Warriors,2008-11-05,2008-11-07,2
Marcus Williams (D.),Warriors,2008-11-25,2008-12-01,6
Marcus Williams (D.),Warriors,2008-12-05,2008-12-08,3
Marcus Williams (D.),Warriors,2008-12-28,2009-01-02,5
Marcus Williams (D.),Warriors,2009-01-05,2009-01-07,2
Marcus Williams (D.),Warriors,2009-01-23,2009-01-25,2
Marcus Williams (D.),Warriors,2009-01-28,2009-02-08,11
Marcus Williams (D.),Warriors,2009-02-21,2009-02-27,6
Mardy Collins,Clippers,2008-11-22,2008-11-26,4
Mardy Collins,Clippers,2009-02-02,2009-02-17,15
Mardy Collins,Clippers,2009-03-14,2009-03-22,8
Mardy Collins,Clippers,2009-03-25,2009-03-27,2
Mardy Collins,Clippers,2009-04-10,2009-10-31,204
Mardy Collins,Clippers,2009-10-27,2009-11-09,13
Mardy Collins,Clippers,2009-11-06,2009-11-18,12
Mardy Collins,Knicks,2006-11-20,2006-11-24,4
Mardy Collins,Knicks,2007-02-10,2007-02-21,11
Mardy Collins,Knicks,2007-11-14,2007-11-16,2
Mardy Collins,Knicks,2007-12-02,2007-12-05,3
Mardy Collins,Knicks,2008-01-02,2008-01-13,11
Mario Chalmers,Grizzlies,2017-11-29,2017-12-01,2
Mario Chalmers,Grizzlies,2018-02-01,2018-02-04,3
Mario Chalmers,Grizzlies,2018-03-09,2018-03-17,8
Mario Chalmers,Heat,2010-01-30,2010-02-19,20
Mario Chalmers,Heat,2011-03-27,2011-04-03,7
Mario Chalmers,Heat,2012-02-08,2012-02-10,2
Mario Chalmers,Heat,2013-03-29,2013-04-05,7
Mario Chalmers,Heat,2013-04-17,2013-11-27,224
Mario Chalmers,Heat,2013-11-25,2014-01-17,53
Mario Chalmers,Heat,2014-01-15,2015-11-06,660
Mario West,Hawks,2007-11-11,2007-11-14,3
Mario West,Hawks,2008-01-29,2008-02-02,4
Mario West,Hawks,2009-02-23,2009-02-25,2
Mark Blount,Heat,2008-12-03,2008-12-06,3
Mark Blount,Heat,2009-02-18,2009-02-22,4
Markel Brown,Nets,2014-10-29,2014-11-17,19
Markel Brown,Nets,2014-11-26,2014-12-03,7
Markel Brown,Nets,2014-12-16,2014-12-17,1
Markel Brown,Rockets,2018-01-18,2018-01-30,12
Markelle Fultz,76ers,2017-10-30,2018-03-26,147
Markieff Morris,Suns,2015-12-02,2015-12-04,2
Markieff Morris,Suns,2015-12-09,2015-12-11,2
Markieff Morris,Wizards,2017-02-08,2017-02-10,2
Markieff Morris,Wizards,2017-03-17,2017-03-20,3
Markieff Morris,Wizards,2017-03-20,2017-04-08,19
Markieff Morris,Wizards,2017-04-06,2017-11-01,209
Markieff Morris,Wizards,2017-10-18,2017-12-20,63
Marko Jaric,Grizzlies,2008-10-29,2008-10-31,2
Marko Jaric,Timberwolves,2007-01-01,2007-01-05,4
Marko Jaric,Timberwolves,2007-01-12,2007-01-21,9
Marko Jaric,Timberwolves,2007-12-01,2007-12-06,5
Marko Jaric,Timberwolves,2008-03-02,2008-03-04,2
Marquese Chriss,Suns,2018-01-12,2018-01-26,14
Marquese Chriss,Suns,2018-01-29,2018-01-31,2
Marquese Chriss,Suns,2018-02-04,2018-02-06,2
Marquis Daniels,Bucks,2013-01-22,2013-01-26,4
Marquis Daniels,Bucks,2013-02-19,2013-02-20,1
Marquis Daniels,Celtics,2009-12-08,2010-02-07,61
Marquis Daniels,Celtics,2010-05-28,2010-06-06,9
Marquis Daniels,Celtics,2011-02-07,2012-02-09,367
Marquis Daniels,Celtics,2012-02-03,2012-02-19,16
Marquis Daniels,Pacers,2007-01-28,2007-02-11,14
Marquis Daniels,Pacers,2007-02-25,2007-02-27,2
Marquis Daniels,Pacers,2007-03-03,2007-11-09,251
Marquis Daniels,Pacers,2007-11-09,2007-11-14,5
Marquis Daniels,Pacers,2007-11-13,2007-11-17,4
Marquis Daniels,Pacers,2007-11-16,2007-12-02,16
Marquis Daniels,Pacers,2007-11-30,2007-12-28,28
Marquis Daniels,Pacers,2007-12-26,2008-04-04,100
Marquis Daniels,Pacers,2008-04-02,2008-12-23,265
Marquis Daniels,Pacers,2008-12-19,2009-01-19,31
Marquis Daniels,Pacers,2009-01-07,2009-02-17,41
Marquis Teague,Nets,2014-04-05,2014-04-08,3
Marreese Speights,76ers,2008-10-29,2008-10-31,2
Marreese Speights,76ers,2009-11-18,2009-12-16,28
Marreese Speights,Warriors,2015-05-11,2015-06-04,24
Marshall Plumlee,Bucks,2018-02-02,2018-02-06,4
Marshall Plumlee,Knicks,2016-10-25,2016-11-20,26
Marshall Plumlee,Knicks,2016-11-25,2016-11-30,5
Marshall Plumlee,Knicks,2016-12-06,2016-12-09,3
Marshall Plumlee,Knicks,2016-12-13,2016-12-15,2
Marshall Plumlee,Knicks,2016-12-17,2016-12-28,11
Marshall Plumlee,Knicks,2016-12-30,2016-12-31,1
Marshall Plumlee,Knicks,2017-01-02,2017-01-04,2
Marshall Plumlee,Knicks,2017-01-06,2017-01-16,10
Marshall Plumlee,Knicks,2017-01-21,2017-01-29,8
Marshall Plumlee,Knicks,2017-02-23,2017-02-25,2
Martell Webster,Timberwolves,2010-10-27,2010-12-14,48
Martell Webster,Timberwolves,2011-02-05,2011-02-14,9
Martell Webster,Timberwolves,2011-02-27,2011-03-07,8
Martell Webster,Timberwolves,2011-12-26,2012-01-27,32
Martell Webster,Wizards,2014-10-29,2014-12-29,61
Martell Webster,Wizards,2015-05-13,2015-11-30,201
Marvin Williams,Hornets,2016-11-26,2016-12-07,11
Marvin Williams,Hornets,2018-01-31,2018-02-08,8
Marvin Williams,Jazz,2013-11-20,2013-11-22,2
Marvin Williams,Jazz,2013-12-04,2013-12-11,7
Marvin Williams,Jazz,2014-01-31,2014-02-01,1
Marvin Williams,Jazz,2014-03-14,2014-03-16,2
Mason Plumlee,Nuggets,2018-01-30,2018-02-23,24
Matt Barnes,Clippers,2014-11-26,2014-11-28,2
Matt Barnes,Lakers,2011-01-09,2011-03-04,54
Matt Barnes,Magic,2010-03-14,2010-03-17,3
Matt Barnes,Warriors,2007-11-18,2007-11-26,8
Matt Barnes,Warriors,2017-04-12,2017-05-02,20
Matt Bonner,Spurs,2006-12-26,2006-12-28,2
Matt Bonner,Spurs,2007-01-15,2007-02-20,36
Matt Bonner,Spurs,2008-04-25,2008-05-15,20
Matt Bonner,Spurs,2008-05-23,2010-01-18,605
Matt Bonner,Spurs,2009-12-21,2010-11-13,327
Matt Bonner,Spurs,2010-10-30,2011-02-08,101
Matt Bonner,Spurs,2011-01-19,2012-03-23,429
Matt Bonner,Spurs,2012-03-21,2013-11-15,604
Matt Bonner,Spurs,2013-11-06,2014-04-06,151
Matt Bonner,Spurs,2014-03-24,2015-02-25,338
Matt Bonner,Spurs,2015-02-23,2015-04-19,55
Matt Bonner,Spurs,2015-04-12,2015-11-11,213
Matt Bonner,Spurs,2015-11-02,2015-11-18,16
Matt Bonner,Spurs,2015-11-16,2015-11-21,5
Matt Bonner,Spurs,2015-11-20,2015-11-27,7
Matt Bonner,Spurs,2015-11-23,2015-11-30,7
Matt Bonner,Spurs,2015-11-28,2015-12-12,14
Matt Bonner,Spurs,2015-12-11,2015-12-25,14
Matt Bonner,Spurs,2015-12-21,2016-01-21,31
Matt Bonner,Spurs,2016-01-12,2016-02-05,24
Matt Bonner,Spurs,2016-01-22,2016-03-02,40
Matt Bonner,Spurs,2016-02-10,2016-03-05,24
Matt Bonner,Spurs,2016-03-07,2016-03-08,1
Matt Bonner,Spurs,2016-03-10,2016-03-21,11
Matt Bonner,Spurs,2016-03-23,2016-03-25,2
Matt Bonner,Spurs,2016-04-02,2016-04-05,3
Matt Carroll,Bobcats,2006-11-20,2006-11-22,2
Matt Carroll,Bobcats,2006-12-06,2006-12-10,4
Matt Carroll,Bobcats,2007-04-10,2009-01-13,644
Matt Carroll,Bobcats,2009-01-10,2011-02-09,760
Matt Carroll,Bobcats,2011-02-07,2011-02-21,14
Matt Carroll,Mavericks,2009-03-01,2009-03-07,6
Matt Carroll,Mavericks,2009-11-10,2009-11-13,3
Matt Carroll,Mavericks,2009-12-08,2010-01-09,32
Matt Carroll,Mavericks,2009-12-14,2010-01-17,34
Matt Carroll,Mavericks,2010-01-15,2010-02-01,17
Matt Carroll,Mavericks,2010-01-26,2010-02-08,13
Matt Costello,Spurs,2017-10-18,2017-10-29,11
Matt Costello,Spurs,2017-11-02,2017-11-11,9
Matt Costello,Spurs,2017-11-14,2017-12-09,25
Matt Costello,Spurs,2017-12-12,2018-01-07,26
Matt Costello,Spurs,2018-01-15,2018-03-03,47
Matt Costello,Spurs,2018-03-05,2018-03-12,7
Matt Harpring,Jazz,2006-12-26,2006-12-30,4
Matt Harpring,Jazz,2007-03-30,2007-04-01,2
Matt Harpring,Jazz,2007-11-09,2007-11-12,3
Matt Harpring,Jazz,2007-11-14,2007-11-16,2
Matt Harpring,Jazz,2008-10-29,2008-11-12,14
Matt Harpring,Jazz,2008-12-02,2008-12-05,3
Matt Harpring,Jazz,2009-02-25,2009-02-28,3
Matt Williams,Heat,2017-10-28,2017-12-20,53
Matthew Dellavedova,Bucks,2017-11-18,2017-12-19,31
Matthew Dellavedova,Bucks,2018-02-06,2018-04-11,64
Matthew Dellavedova,Cavaliers,2013-11-04,2013-11-06,2
Matthew Dellavedova,Cavaliers,2014-11-05,2014-12-08,33
Matthew Dellavedova,Cavaliers,2016-02-03,2016-02-18,15
Maurice Ager,Nets,2008-02-28,2008-03-04,5
Maurice Ager,Nets,2008-03-08,2008-03-15,7
Maurice Ager,Nets,2008-03-21,2008-03-24,3
Maurice Ager,Nets,2008-03-26,2008-04-04,9
Maurice Ager,Nets,2008-11-01,2008-11-07,6
Maurice Ager,Nets,2008-12-02,2008-12-12,10
Maurice Ager,Nets,2008-12-19,2008-12-31,12
Maurice Ager,Nets,2009-01-02,2009-01-03,1
Maurice Ager,Nets,2009-01-05,2009-01-07,2
Maurice Ager,Nets,2009-02-17,2009-02-20,3
Maurice Ager,Nets,2009-02-25,2009-03-01,4
Maurice Ager,Nets,2009-03-03,2009-03-16,13
Maurice Ager,Nets,2009-03-27,2009-03-29,2
Maurice Ager,Nets,2009-04-01,2009-04-11,10
Maurice Ager,Timberwolves,2010-10-27,2010-11-03,7
Maurice Evans,Hawks,2010-03-11,2010-03-13,2
Maurice Evans,Hawks,2010-10-29,2010-11-12,14
Maurice Evans,Lakers,2007-03-25,2007-04-01,7
Maurice Evans,Lakers,2007-11-06,2007-11-13,7
Maurice Evans,Magic,2007-11-21,2007-11-24,3
Maurice Evans,Wizards,2011-12-28,2012-01-01,4
Maurice Harkless,Blazers,2016-12-08,2016-12-10,2
Maurice Harkless,Blazers,2017-12-09,2017-12-13,4
Maurice Harkless,Blazers,2018-03-03,2018-03-09,6
Maurice Harkless,Blazers,2018-03-27,2018-04-17,21
Maurice Harkless,Magic,2015-01-02,2015-01-10,8
Maurice Harkless,Magic,2015-01-21,2015-01-25,4
Maurice Harkless,Magic,2015-01-26,2015-01-31,5
Maurice Harkless,Magic,2015-02-22,2015-02-27,5
Maurice Ndour,Knicks,2016-10-25,2016-10-29,4
Maurice Ndour,Knicks,2016-11-06,2016-11-09,3
Maurice Ndour,Knicks,2016-11-11,2016-11-12,1
Maurice Ndour,Knicks,2016-12-04,2016-12-07,3
Maurice Ndour,Knicks,2016-12-09,2016-12-15,6
Maurice Ndour,Knicks,2016-12-20,2016-12-30,10
Maurice Ndour,Knicks,2017-01-04,2017-01-09,5
Maurice Ndour,Knicks,2017-01-11,2017-01-12,1
Maurice Ndour,Knicks,2017-02-12,2017-02-15,3
Maurice Ndour,Knicks,2017-03-05,2017-03-10,5
Maurice Taylor,Kings,2006-12-01,2006-12-18,17
Maurice Taylor,Kings,2006-12-21,2006-12-22,1
Maurice Taylor,Kings,2007-01-17,2007-01-19,2
Maurice Williams,Blazers,2014-04-09,2014-04-11,2
Maurice Williams,Bucks,2006-11-22,2006-12-20,28
Maurice Williams,Bucks,2007-01-12,2007-01-28,16
Maurice Williams,Bucks,2008-01-16,2008-01-19,3
Maurice Williams,Bucks,2008-02-09,2008-02-11,2
Maurice Williams,Bucks,2008-03-05,2008-03-15,10
Maurice Williams,Cavaliers,2010-01-21,2010-02-18,28
Maurice Williams,Cavaliers,2010-04-09,2010-04-11,2
Maurice Williams,Cavaliers,2010-10-27,2010-11-02,6
Maurice Williams,Cavaliers,2010-11-13,2010-11-19,6
Maurice Williams,Cavaliers,2011-01-21,2011-02-11,21
Maurice Williams,Cavaliers,2011-02-23,2015-12-23,1764
Maurice Williams,Cavaliers,2015-12-20,2016-03-26,97
Maurice Williams,Cavaliers,2016-02-28,2016-04-22,54
Maurice Williams,Cavaliers,2016-04-09,2016-05-02,23
Maurice Williams,Clippers,2011-02-25,2011-02-28,3
Maurice Williams,Clippers,2012-03-26,2012-04-12,17
Maurice Williams,Jazz,2013-01-09,2013-03-06,56
Mehmet Okur,Blazers,2012-03-16,2012-03-21,5
Mehmet Okur,Jazz,2007-02-23,2007-02-26,3
Mehmet Okur,Jazz,2007-11-30,2007-12-03,3
Mehmet Okur,Jazz,2007-12-15,2007-12-21,6
Mehmet Okur,Jazz,2008-03-30,2008-03-31,1
Mehmet Okur,Jazz,2008-12-23,2008-12-29,6
Mehmet Okur,Jazz,2009-02-17,2009-02-19,2
Mehmet Okur,Jazz,2009-04-19,2009-04-25,6
Mehmet Okur,Jazz,2010-05-08,2010-12-17,223
Mehmet Okur,Jazz,2010-10-27,2010-12-27,61
Mehmet Okur,Jazz,2010-12-20,2011-01-12,23
Mehmet Okur,Nets,2012-01-07,2012-01-09,2
Melvin Ely,Bobcats,2006-12-01,2006-12-06,5
Melvin Ely,Bobcats,2007-01-10,2007-01-17,7
Melvin Ely,Bobcats,2007-01-24,2007-01-26,2
Melvin Ely,Hornets,2008-01-04,2008-01-09,5
Melvin Ely,Hornets,2008-04-01,2008-04-09,8
Melvin Ely,Hornets,2008-04-22,2008-04-27,5
Melvin Ely,Hornets,2008-11-05,2008-11-12,7
Melvin Ely,Hornets,2008-12-03,2008-12-12,9
Melvin Ely,Hornets,2009-01-02,2009-01-06,4
Melvin Ely,Hornets,2009-01-16,2009-01-19,3
Melvin Ely,Hornets,2009-02-23,2009-03-05,10
Melvin Ely,Hornets,2009-03-16,2009-03-18,2
Melvin Ely,Nuggets,2010-12-03,2010-12-05,2
Melvin Ely,Nuggets,2010-12-22,2010-12-25,3
Melvin Ely,Nuggets,2011-01-01,2011-01-09,8
Melvin Ely,Nuggets,2011-01-11,2011-01-13,2
Melvin Ely,Nuggets,2011-02-02,2011-02-07,5
Melvin Ely,Nuggets,2011-02-10,2011-03-10,28
Melvin Ely,Nuggets,2011-03-16,2011-03-21,5
Melvin Ely,Nuggets,2011-03-23,2011-03-25,2
Melvin Ely,Nuggets,2011-03-30,2011-04-05,6
Melvin Ely,Spurs,2007-02-13,2007-03-03,18
Melvin Ely,Spurs,2007-03-08,2007-03-15,7
Melvin Ely,Spurs,2007-03-16,2007-04-13,28
Melvin Ely,Spurs,2007-04-05,2007-04-16,11
Metta World Peace,Knicks,2013-11-16,2013-11-20,4
Metta World Peace,Knicks,2014-01-07,2014-01-24,17
Metta World Peace,Lakers,2012-05-10,2012-05-12,2
Metta World Peace,Lakers,2015-10-28,2015-11-01,4
Metta World Peace,Lakers,2015-12-15,2015-12-19,4
Metta World Peace,Lakers,2015-12-27,2016-01-01,5
Metta World Peace,Lakers,2016-01-07,2016-01-08,1
Metta World Peace,Lakers,2016-01-12,2016-01-14,2
Metta World Peace,Lakers,2016-01-17,2016-01-28,11
Metta World Peace,Lakers,2016-02-02,2016-02-08,6
Metta World Peace,Lakers,2016-02-19,2016-03-04,14
Metta World Peace,Lakers,2016-03-30,2016-04-03,4
Metta World Peace,Lakers,2016-11-02,2016-11-08,6
Metta World Peace,Lakers,2016-11-10,2016-11-18,8
Metta World Peace,Lakers,2016-11-20,2016-11-22,2
Metta World Peace,Lakers,2016-12-25,2016-12-29,4
Metta World Peace,Lakers,2017-01-01,2017-01-05,4
Metta World Peace,Lakers,2017-01-08,2017-01-10,2
Metta World Peace,Lakers,2017-01-12,2017-01-14,2
Metta World Peace,Lakers,2017-01-22,2017-02-06,15
Metta World Peace,Lakers,2017-02-08,2017-03-12,32
Meyers Leonard,Blazers,2013-01-01,2013-01-19,18
Meyers Leonard,Blazers,2013-11-13,2013-11-16,3
Meyers Leonard,Blazers,2017-11-01,2017-11-15,14
Michael Beasley,Bucks,2016-12-15,2016-12-23,8
Michael Beasley,Bucks,2017-01-05,2017-01-12,7
Michael Beasley,Bucks,2017-03-01,2017-03-31,30
Michael Beasley,Heat,2008-12-12,2008-12-14,2
Michael Beasley,Heat,2010-01-29,2010-02-01,3
Michael Beasley,Heat,2013-12-07,2013-12-08,1
Michael Beasley,Heat,2013-12-10,2013-12-23,13
Michael Beasley,Heat,2014-04-20,2014-05-06,16
Michael Beasley,Heat,2014-05-24,2014-05-26,2
Michael Beasley,Heat,2014-05-30,2014-06-15,16
Michael Beasley,Knicks,2018-01-07,2018-01-10,3
Michael Beasley,Knicks,2018-04-03,2018-04-06,3
Michael Beasley,Suns,2012-12-23,2012-12-26,3
Michael Beasley,Timberwolves,2010-11-03,2010-11-05,2
Michael Carter-Williams,Bucks,2015-11-06,2015-11-14,8
Michael Carter-Williams,Bulls,2016-11-02,2016-12-26,54
Michael Carter-Williams,Bulls,2017-02-25,2017-03-04,7
Michael Carter-Williams,Hornets,2017-10-23,2017-11-03,11
Michael Doleac,Timberwolves,2007-10-30,2007-11-06,7
Michael Doleac,Timberwolves,2007-11-09,2007-11-14,5
Michael Doleac,Timberwolves,2007-11-16,2007-11-17,1
Michael Doleac,Timberwolves,2007-11-23,2007-11-30,7
Michael Doleac,Timberwolves,2007-12-26,2007-12-28,2
Michael Doleac,Timberwolves,2008-01-06,2008-01-11,5
Michael Doleac,Timberwolves,2008-01-18,2008-01-29,11
Michael Doleac,Timberwolves,2008-02-19,2008-02-26,7
Michael Doleac,Timberwolves,2008-03-07,2008-03-08,1
Michael Finley,Celtics,2010-03-07,2010-03-09,2
Michael Finley,Spurs,2009-12-07,2010-01-29,53
Michael Gbinije,Pistons,2016-11-07,2016-11-25,18
Michael Gbinije,Pistons,2016-12-04,2016-12-11,7
Michael Gbinije,Pistons,2016-12-06,2016-12-26,20
Michael Gbinije,Pistons,2016-12-19,2017-01-18,30
Michael Gbinije,Pistons,2016-12-28,2017-01-27,30
Michael Gbinije,Pistons,2017-01-21,2017-02-06,16
Michael Gbinije,Pistons,2017-02-08,2017-02-28,20
Michael Gbinije,Pistons,2017-03-01,2017-03-27,26
Michael Gbinije,Pistons,2017-04-05,2017-04-10,5
Michael Kidd-Gilchrist,Bobcats,2013-02-04,2013-02-08,4
Michael Kidd-Gilchrist,Bobcats,2013-11-29,2013-12-01,2
Michael Kidd-Gilchrist,Bobcats,2013-12-06,2014-01-14,39
Michael Kidd-Gilchrist,Hornets,2014-11-04,2014-11-07,3
Michael Kidd-Gilchrist,Hornets,2014-11-14,2014-12-10,26
Michael Kidd-Gilchrist,Hornets,2015-03-28,2016-01-29,307
Michael Kidd-Gilchrist,Hornets,2015-10-28,2016-11-13,382
Michael Olowokandi,Celtics,2006-11-17,2006-12-20,33
Michael Olowokandi,Celtics,2006-12-29,2006-12-31,2
Michael Redd,Bucks,2007-01-26,2007-02-20,25
Michael Redd,Bucks,2008-02-02,2008-02-09,7
Michael Redd,Bucks,2008-11-05,2008-11-29,24
Michael Redd,Bucks,2009-01-26,2009-11-23,301
Michael Redd,Bucks,2009-11-03,2009-12-12,39
Michael Redd,Bucks,2009-11-30,2011-03-28,483
Michael Redd,Suns,2011-12-30,2012-01-12,13
Michael Ruffin,Bucks,2007-11-14,2007-12-19,35
Michael Ruffin,Wizards,2006-11-24,2007-02-11,79
Michael Ruffin,Wizards,2007-02-27,2007-03-14,15
Michael Sweetney,Bulls,2006-11-03,2006-11-14,11
Michael Sweetney,Bulls,2006-11-28,2006-12-01,3
Michael Sweetney,Bulls,2007-01-22,2007-01-27,5
Mickael Gelabale,Sonics,2007-11-11,2007-11-13,2
Mickael Pietrus,Celtics,2011-12-25,2012-01-11,17
Mickael Pietrus,Celtics,2012-03-09,2012-03-11,2
Mickael Pietrus,Celtics,2012-03-25,2012-04-11,17
Mickael Pietrus,Celtics,2012-04-20,2012-04-26,6
Mickael Pietrus,Magic,2008-11-18,2008-11-21,3
Mickael Pietrus,Magic,2008-11-29,2008-12-20,21
Mickael Pietrus,Magic,2008-12-31,2009-01-27,27
Mickael Pietrus,Magic,2010-03-11,2010-03-13,2
Mickael Pietrus,Magic,2010-03-18,2010-03-22,4
Mickael Pietrus,Magic,2010-03-26,2010-04-01,6
Mickael Pietrus,Magic,2010-12-03,2010-12-06,3
Mickael Pietrus,Raptors,2013-02-25,2013-03-06,9
Mickael Pietrus,Raptors,2013-03-08,2013-03-10,2
Mickael Pietrus,Raptors,2013-04-09,2013-04-12,3
Mickael Pietrus,Warriors,2006-11-25,2006-11-29,4
Mickael Pietrus,Warriors,2006-12-23,2006-12-26,3
Mickael Pietrus,Warriors,2007-01-17,2007-01-20,3
Mickael Pietrus,Warriors,2007-12-03,2007-12-07,4
Mickael Pietrus,Warriors,2008-01-19,2008-01-21,2
Mickael Pietrus,Warriors,2008-03-23,2008-04-08,16
Mickell Gladness,Heat,2012-01-19,2012-01-21,2
Mickell Gladness,Heat,2012-01-22,2012-02-13,22
Mike Bibby,Hawks,2009-02-07,2009-02-10,3
Mike Bibby,Hawks,2009-02-25,2009-02-27,2
Mike Conley Jr.,Grizzlies,2007-11-19,2007-12-30,41
Mike Conley Jr.,Grizzlies,2008-01-28,2008-02-08,11
Mike Conley Jr.,Grizzlies,2014-02-01,2014-02-18,17
Mike Conley Jr.,Grizzlies,2015-01-16,2015-01-19,3
Mike Conley Jr.,Grizzlies,2015-03-12,2015-03-20,8
Mike Conley Jr.,Grizzlies,2015-04-10,2015-04-19,9
Mike Conley Jr.,Grizzlies,2015-04-27,2015-05-05,8
Mike Conley Jr.,Grizzlies,2016-12-06,2016-12-16,10
Mike Conley Jr.,Grizzlies,2017-04-05,2017-04-07,2
Mike Dunleavy Jr.,Bucks,2012-01-07,2012-01-20,13
Mike Dunleavy Jr.,Bucks,2012-12-01,2012-12-03,2
Mike Dunleavy Jr.,Bucks,2012-12-05,2012-12-12,7
Mike Dunleavy Jr.,Bucks,2012-12-15,2012-12-18,3
Mike Dunleavy Jr.,Bulls,2015-01-03,2015-02-10,38
Mike Dunleavy Jr.,Bulls,2015-10-27,2016-02-01,97
Mike Dunleavy Jr.,Cavaliers,2016-12-01,2016-12-05,4
Mike Dunleavy Jr.,Hawks,2017-01-07,2017-01-13,6
Mike Dunleavy Jr.,Hawks,2017-02-27,2017-03-20,21
Mike Dunleavy Jr.,Hawks,2017-03-29,2017-04-01,3
Mike Dunleavy Jr.,Pacers,2008-10-29,2009-01-07,70
Mike Dunleavy Jr.,Pacers,2009-02-17,2009-11-27,283
Mike Dunleavy Jr.,Pacers,2009-10-28,2010-02-25,120
Mike Dunleavy Jr.,Pacers,2010-02-24,2011-03-30,399
Mike Hall,Wizards,2007-03-02,2007-04-03,32
Mike Hall,Wizards,2007-04-11,2007-04-14,3
Mike Harris,Jazz,2013-11-29,2013-12-04,5
Mike Harris,Jazz,2013-12-11,2013-12-14,3
Mike James (Lamont),Rockets,2008-01-23,2008-01-27,4
Mike James (Lamont),Wizards,2009-03-28,2009-12-28,275
Mike James (Lamont),Wizards,2009-11-14,2010-01-12,59
Mike James (Lamont),Wizards,2010-01-02,2010-01-24,22
Mike James (Lamont),Wizards,2010-01-18,2010-02-03,16
Mike Miller,Cavaliers,2014-12-08,2014-12-19,11
Mike Miller,Grizzlies,2008-01-19,2008-01-21,2
Mike Miller,Grizzlies,2008-02-20,2008-03-05,14
Mike Miller,Heat,2010-10-26,2010-12-20,55
Mike Miller,Heat,2011-02-16,2011-02-27,11
Mike Miller,Heat,2011-04-01,2011-04-03,2
Mike Miller,Heat,2011-12-25,2012-01-17,23
Mike Miller,Heat,2012-03-13,2012-04-08,26
Mike Miller,Heat,2013-02-12,2013-02-14,2
Mike Miller,Heat,2013-02-20,2013-02-24,4
Mike Miller,Nuggets,2016-02-05,2016-02-07,2
Mike Miller,Nuggets,2017-03-24,2017-03-26,2
Mike Miller,Nuggets,2017-03-28,2017-03-31,3
Mike Miller,Timberwolves,2008-12-05,2008-12-12,7
Mike Miller,Timberwolves,2008-12-23,2009-01-02,10
Mike Miller,Wizards,2009-11-06,2009-11-14,8
Mike Miller,Wizards,2009-11-24,2010-01-06,43
Mike Miller,Wizards,2009-12-10,2010-01-18,39
Mike Muscala,Hawks,2014-12-07,2014-12-08,1
Mike Muscala,Hawks,2015-02-08,2015-02-20,12
Mike Muscala,Hawks,2015-10-29,2015-11-01,3
Mike Muscala,Hawks,2017-01-18,2017-01-27,9
Mike Muscala,Hawks,2017-11-06,2017-11-18,12
Mike Muscala,Hawks,2017-11-20,2018-01-02,43
Mike Taylor,Clippers,2008-12-28,2009-02-22,56
Mike Tobey,Hornets,2017-02-09,2017-02-11,2
Mike Wilks,Nuggets,2007-11-06,2007-11-09,3
Mike Young,Wizards,2017-10-18,2017-10-20,2
Mile Ilic,Nets,2006-12-02,2006-12-18,16
Mile Ilic,Nets,2006-12-20,2006-12-23,3
Mile Ilic,Nets,2007-01-09,2007-02-13,35
Mile Ilic,Nets,2007-02-21,2007-02-25,4
Miles Plumlee,Hawks,2017-10-18,2017-11-15,28
Miles Plumlee,Hornets,2017-02-28,2017-03-24,24
Miles Plumlee,Pacers,2012-10-31,2012-11-02,2
Miles Plumlee,Pacers,2012-11-10,2012-11-13,3
Miles Plumlee,Pacers,2012-11-19,2012-11-21,2
Miles Plumlee,Pacers,2012-12-01,2012-12-07,6
Miles Plumlee,Pacers,2012-12-12,2012-12-19,7
Miles Plumlee,Pacers,2013-01-04,2013-01-12,8
Miles Plumlee,Pacers,2013-01-13,2013-01-26,13
Miles Plumlee,Pacers,2013-02-01,2013-02-13,12
Miles Plumlee,Pacers,2013-02-20,2013-03-08,16
Miles Plumlee,Pacers,2013-03-10,2013-03-13,3
Miles Plumlee,Pacers,2013-03-28,2013-03-30,2
Miles Plumlee,Pacers,2013-04-05,2013-04-06,1
Miles Plumlee,Pacers,2013-04-14,2013-04-17,3
Miles Plumlee,Pacers,2013-04-21,2013-05-16,25
Milos Teodosic,Clippers,2017-10-24,2017-12-11,48
Milos Teodosic,Clippers,2017-12-15,2017-12-16,1
Milton Doyle,Nets,2017-12-20,2017-12-26,6
Milton Doyle,Nets,2018-01-17,2018-02-07,21
Milton Doyle,Nets,2018-02-10,2018-03-17,35
Milton Doyle,Nets,2018-03-19,2018-04-03,15
Mindaugas Kuzminskas,Knicks,2017-01-09,2017-01-11,2
Mindaugas Kuzminskas,Knicks,2017-10-19,2017-11-08,20
Mirza Teletovic,Nets,2012-11-23,2012-11-30,7
Mirza Teletovic,Nets,2012-12-23,2012-12-25,2
Mirza Teletovic,Nets,2014-12-12,2014-12-16,4
Mirza Teletovic,Nets,2015-01-24,2015-04-22,88
Mitch McGary,Thunder,2014-10-29,2014-11-30,32
Monta Ellis,Mavericks,2015-03-29,2015-04-01,3
Monta Ellis,Pacers,2016-12-12,2016-12-28,16
Monta Ellis,Warriors,2007-12-12,2007-12-14,2
Monta Ellis,Warriors,2008-10-29,2009-01-23,86
Monta Ellis,Warriors,2008-12-18,2009-03-11,83
Monte Morris,Nuggets,2017-10-18,2017-12-12,55
Monte Morris,Nuggets,2017-12-13,2018-02-09,58
Montrezl Harrell,Rockets,2015-12-08,2015-12-15,7
Montrezl Harrell,Rockets,2016-03-23,2016-04-13,21
Morris Almond,Jazz,2007-10-30,2007-11-07,8
Morris Almond,Jazz,2007-11-12,2007-11-14,2
Morris Almond,Jazz,2007-11-16,2007-11-19,3
Morris Almond,Jazz,2007-11-23,2007-11-30,7
Morris Almond,Jazz,2007-12-03,2008-01-08,36
Morris Almond,Jazz,2008-01-17,2008-03-30,73
Morris Almond,Jazz,2008-04-19,2008-04-26,7
Morris Almond,Jazz,2008-04-29,2008-11-14,199
Morris Almond,Jazz,2008-11-12,2008-11-19,7
Morris Almond,Jazz,2008-11-17,2009-01-10,54
Morris Almond,Jazz,2009-01-02,2009-01-21,19
Morris Almond,Jazz,2009-01-17,2009-02-02,16
Morris Peterson,Hornets,2008-01-30,2008-02-01,2
Morris Peterson,Hornets,2008-02-12,2008-02-20,8
Morris Peterson,Hornets,2008-11-21,2008-12-03,12
Morris Peterson,Hornets,2008-12-17,2008-12-20,3
Morris Peterson,Hornets,2009-01-30,2009-03-11,40
Morris Peterson,Hornets,2009-11-08,2009-11-17,9
Morris Peterson,Hornets,2009-12-04,2009-12-09,5
Morris Peterson,Hornets,2009-12-23,2009-12-29,6
Morris Peterson,Hornets,2010-01-22,2010-01-23,1
Morris Peterson,Raptors,2006-11-22,2006-12-06,14
Morris Peterson,Raptors,2006-12-27,2006-12-29,2
Morris Peterson,Thunder,2010-10-27,2010-11-07,11
Morris Peterson,Thunder,2010-11-22,2010-11-24,2
Morris Peterson,Thunder,2010-12-05,2010-12-11,6
Mouhamed Sene,Sonics,2006-11-10,2006-11-17,7
Mouhamed Sene,Sonics,2007-02-10,2007-02-24,14
Mouhamed Sene,Sonics,2007-11-04,2007-11-14,10
Mouhamed Sene,Thunder,2008-10-29,2008-11-10,12
Mouhamed Sene,Thunder,2008-12-19,2008-12-23,4
Mouhamed Sene,Thunder,2009-01-07,2009-01-16,9
Mouhamed Sene,Thunder,2009-01-18,2009-01-28,10
Mouhamed Sene,Thunder,2009-02-04,2009-02-06,2
Mychel Thompson,Cavaliers,2011-12-26,2012-01-04,9
Mychel Thompson,Cavaliers,2012-01-08,2012-01-17,9
Mychel Thompson,Cavaliers,2012-01-20,2012-01-29,9
Myke Henry,Grizzlies,2018-01-17,2018-01-19,2
Myke Henry,Grizzlies,2018-02-04,2018-02-11,7
Myke Henry,Grizzlies,2018-03-09,2018-04-04,26
Myles Turner,Pacers,2017-10-20,2017-11-03,14
Nando De Colo,Spurs,2013-05-06,2013-06-13,38
Nando De Colo,Spurs,2013-10-30,2013-11-01,2
Nando De Colo,Spurs,2013-11-01,2013-11-06,5
Nando De Colo,Spurs,2013-11-15,2013-11-23,8
Nando De Colo,Spurs,2013-11-27,2013-11-29,2
Nando De Colo,Spurs,2013-11-30,2013-12-18,18
Nando De Colo,Spurs,2013-12-16,2014-01-12,27
Nate Robinson,Celtics,2010-02-19,2010-02-23,4
Nate Robinson,Knicks,2007-03-02,2008-02-06,341
Nate Robinson,Knicks,2008-02-04,2008-02-13,9
Nate Robinson,Thunder,2011-02-25,2011-02-27,2
Nate Robinson,Thunder,2011-03-04,2011-03-30,26
Nate Wolters,Jazz,2017-10-20,2017-10-21,1
Nate Wolters,Jazz,2017-10-24,2017-11-13,20
Nate Wolters,Jazz,2017-11-15,2017-11-17,2
Nate Wolters,Jazz,2017-11-22,2017-11-28,6
Nate Wolters,Jazz,2017-12-04,2017-12-13,9
Nathan Jawai,Raptors,2008-10-29,2009-01-19,82
Nathan Jawai,Raptors,2009-03-06,2009-03-25,19
Nathan Jawai,Timberwolves,2009-10-28,2009-10-30,2
Nathan Jawai,Timberwolves,2009-12-08,2009-12-11,3
Nathan Jawai,Timberwolves,2010-01-22,2010-02-05,14
Nathan Jawai,Timberwolves,2010-02-06,2010-02-16,10
Nathan Jawai,Timberwolves,2010-02-19,2010-03-10,19
Nathan Jawai,Timberwolves,2010-03-16,2010-03-19,3
Nazr Mohammed,Bobcats,2008-12-03,2008-12-05,2
Nazr Mohammed,Bobcats,2008-12-06,2008-12-08,2
Nazr Mohammed,Bobcats,2008-12-20,2008-12-26,6
Nazr Mohammed,Bobcats,2008-12-30,2009-01-02,3
Nazr Mohammed,Bobcats,2010-03-23,2010-04-07,15
Nazr Mohammed,Bobcats,2011-01-03,2011-01-14,11
Nazr Mohammed,Pistons,2007-04-13,2007-04-17,4
Nazr Mohammed,Thunder,2011-02-25,2011-02-27,2
Nazr Mohammed,Thunder,2016-04-11,2016-04-12,1
Nazr Mohammed,Thunder,2016-04-18,2016-04-25,7
Nemanja Bjelica,Timberwolves,2015-11-20,2015-11-29,9
Nemanja Bjelica,Timberwolves,2015-11-23,2016-12-13,386
Nemanja Bjelica,Timberwolves,2015-11-25,2017-12-25,761
Nemanja Nedovic,Warriors,2013-12-29,2014-02-06,39
Nemanja Nedovic,Warriors,2014-03-07,2014-03-11,4
Nemanja Nedovic,Warriors,2014-03-20,2014-04-14,25
Nemanja Nedovic,Warriors,2014-04-19,2014-04-29,10
Nemanja Nedovic,Warriors,2014-11-01,2014-11-09,8
Nenad Krstic,Celtics,2011-04-01,2011-04-05,4
Nenad Krstic,Nets,2006-12-23,2008-02-02,406
Nenad Krstic,Nets,2007-12-09,2008-03-21,103
Nenad Krstic,Thunder,2008-12-31,2009-01-07,7
Nenad Krstic,Thunder,2009-02-06,2009-02-08,2
Nenad Krstic,Thunder,2010-11-26,2010-11-29,3
Nenad Krstic,Thunder,2010-12-12,2010-12-25,13
Nene,Nuggets,2012-01-02,2012-01-06,4
Nene,Nuggets,2012-02-17,2012-03-05,17
Nene,Rockets,2017-05-09,2017-10-28,172
Nene,Rockets,2017-10-25,2018-01-18,85
Nene,Rockets,2018-01-04,2018-04-03,89
Nene,Wizards,2012-10-30,2012-11-21,22
Nene,Wizards,2013-02-27,2013-03-03,4
Nene,Wizards,2013-03-31,2013-04-02,2
Nene,Wizards,2013-12-16,2013-12-18,2
Nene,Wizards,2014-02-25,2014-04-09,43
Nene,Wizards,2014-04-12,2014-04-14,2
Nene,Wizards,2015-01-28,2015-01-31,3
Nene,Wizards,2015-04-04,2015-04-10,6
Nene,Wizards,2015-04-14,2015-04-18,4
Nene,Wizards,2015-11-28,2016-01-06,39
Nene,Wizards,2016-02-05,2016-02-09,4
Nene,Wizards,2016-02-29,2016-03-02,2
Nerlens Noel,76ers,2013-10-29,2016-12-11,1139
Nerlens Noel,Mavericks,2017-03-10,2017-03-15,5
Nerlens Noel,Mavericks,2017-12-10,2018-02-28,80
Nerlens Noel,Mavericks,2018-03-10,2018-03-11,1
Nick Collison,Sonics,2008-03-12,2008-03-14,2
Nick Collison,Thunder,2008-12-23,2008-12-29,6
Nick Collison,Thunder,2009-01-06,2009-01-07,1
Nick Collison,Thunder,2009-01-16,2009-01-18,2
Nick Collison,Thunder,2009-04-10,2009-04-13,3
Nick Collison,Thunder,2009-11-24,2009-12-02,8
Nick Collison,Thunder,2010-01-18,2010-01-22,4
Nick Collison,Thunder,2010-10-27,2010-11-14,18
Nick Collison,Thunder,2011-04-13,2013-11-13,945
Nick Collison,Thunder,2013-04-17,2015-04-10,723
Nick Fazekas,Mavericks,2007-11-01,2007-11-03,2
Nick Fazekas,Mavericks,2007-11-13,2008-02-13,92
Nick Johnson,Rockets,2014-10-28,2014-11-01,4
Nick Johnson,Rockets,2014-11-22,2014-11-24,2
Nick Johnson,Rockets,2015-01-12,2015-02-10,29
Nick Johnson,Rockets,2015-02-20,2015-02-25,5
Nick Johnson,Rockets,2015-03-06,2015-03-11,5
Nick Young,Clippers,2012-03-15,2012-03-18,3
Nick Young,Lakers,2014-10-28,2014-11-18,21
Nick Young,Lakers,2015-12-23,2015-12-25,2
Nick Young,Lakers,2016-03-27,2016-03-30,3
Nick Young,Lakers,2016-04-03,2016-04-05,2
Nick Young,Wizards,2009-11-21,2009-11-24,3
Nicolas Batum,Blazers,2009-03-19,2009-03-23,4
Nicolas Batum,Blazers,2009-10-27,2010-01-25,90
Nicolas Batum,Blazers,2011-04-13,2012-02-04,297
Nicolas Batum,Blazers,2012-02-01,2012-12-13,316
Nicolas Batum,Blazers,2012-12-10,2014-11-21,711
Nicolas Batum,Blazers,2013-04-03,2014-12-20,626
Nicolas Batum,Blazers,2014-11-11,2014-12-26,45
Nicolas Batum,Hornets,2015-12-17,2015-12-19,2
Nicolas Batum,Hornets,2016-04-05,2016-04-08,3
Nicolas Batum,Hornets,2016-04-13,2016-04-17,4
Nicolas Batum,Hornets,2016-04-23,2016-04-27,4
Nicolas Batum,Hornets,2017-01-07,2017-01-10,3
Nicolas Batum,Hornets,2017-10-17,2017-11-15,29
Nicolas Batum,Hornets,2017-12-11,2017-12-13,2
Nicolas Batum,Hornets,2018-03-22,2018-03-26,4
Nicolas Brussino,Hawks,2017-10-18,2017-10-20,2
Nicolas Brussino,Hawks,2017-10-22,2017-10-23,1
Nicolas Brussino,Hawks,2017-10-27,2017-10-29,2
Nicolas Brussino,Hawks,2017-11-15,2017-12-04,19
Nicolas Brussino,Mavericks,2017-01-09,2017-01-15,6
Nicolas Laprovittola,Spurs,2016-11-11,2016-11-18,7
Nicolas Laprovittola,Spurs,2016-11-21,2016-11-23,2
Nicolas Laprovittola,Spurs,2016-11-29,2016-11-30,1
Nicolas Laprovittola,Spurs,2016-12-22,2016-12-23,1
Nigel Hayes,Lakers,2018-01-23,2018-01-28,5
Nigel Hayes,Raptors,2018-03-06,2018-03-09,3
Nik Stauskas,76ers,2016-03-04,2016-03-09,5
Nik Stauskas,76ers,2017-11-11,2017-11-30,19
Nikola Jokic,Nuggets,2016-12-02,2016-12-07,5
Nikola Jokic,Nuggets,2017-02-01,2017-02-03,2
Nikola Jokic,Nuggets,2017-03-06,2017-03-10,4
Nikola Jokic,Nuggets,2017-12-02,2017-12-13,11
Nikola Mirotic,Bulls,2015-04-23,2015-04-25,2
Nikola Mirotic,Bulls,2016-02-06,2016-03-05,28
Nikola Mirotic,Bulls,2017-01-10,2017-01-17,7
Nikola Mirotic,Bulls,2017-03-12,2017-03-13,1
Nikola Mirotic,Bulls,2017-10-19,2017-12-08,50
Nikola Pekovic,Timberwolves,2010-11-17,2010-12-04,17
Nikola Pekovic,Timberwolves,2010-12-18,2010-12-27,9
Nikola Pekovic,Timberwolves,2011-01-19,2011-01-24,5
Nikola Pekovic,Timberwolves,2011-03-30,2011-04-01,2
Nikola Pekovic,Timberwolves,2012-03-05,2012-03-09,4
Nikola Pekovic,Timberwolves,2012-03-18,2012-03-19,1
Nikola Pekovic,Timberwolves,2012-03-21,2012-04-01,11
Nikola Pekovic,Timberwolves,2012-03-23,2014-03-01,708
Nikola Pekovic,Timberwolves,2014-01-29,2015-01-21,357
Nikola Pekovic,Timberwolves,2014-04-02,2016-01-06,644
Nikola Pekovic,Timberwolves,2014-12-21,2016-01-13,388
Nikola Pekovic,Timberwolves,2015-03-30,2016-01-20,296
Nikola Vucevic,76ers,2012-01-27,2012-01-30,3
Noah Vonleh,Blazers,2016-02-04,2016-02-10,6
Noah Vonleh,Hornets,2014-10-29,2014-11-04,6
Noah Vonleh,Hornets,2014-11-07,2014-11-14,7
Noah Vonleh,Hornets,2014-12-12,2014-12-26,14
Noah Vonleh,Hornets,2014-12-29,2014-12-31,2
Noah Vonleh,Hornets,2015-01-21,2015-01-24,3
Noah Vonleh,Hornets,2015-03-20,2015-03-22,2
Nolan Smith,Blazers,2012-11-16,2012-11-18,2
Nolan Smith,Blazers,2012-12-20,2012-12-26,6
Nolan Smith,Blazers,2013-02-13,2013-02-19,6
Nolan Smith,Blazers,2013-02-27,2013-03-02,3
Norman Powell,Raptors,2015-12-26,2016-01-04,9
Norman Powell,Raptors,2017-11-14,2017-11-22,8
Norman Powell,Raptors,2018-03-15,2018-03-18,3
Norris Cole (Gene),Heat,2012-12-04,2012-12-06,2
Norris Cole (Gene),Heat,2014-11-22,2014-11-25,3
Norris Cole (Gene),Heat,2014-12-03,2014-12-05,2
Norris Cole (Gene),Pelicans,2015-02-20,2015-02-21,1
Norris Cole (Gene),Pelicans,2015-10-27,2015-11-06,10
Norris Cole (Gene),Thunder,2017-04-19,2017-04-21,2
O.J. Mayo,Bucks,2015-11-04,2015-11-19,15
O.J. Mayo,Bucks,2016-01-28,2016-02-09,12
Ognjen Kuzmic,Warriors,2013-11-26,2013-12-28,32
Ognjen Kuzmic,Warriors,2014-02-04,2014-02-06,2
Ognjen Kuzmic,Warriors,2014-02-24,2014-03-18,22
Ognjen Kuzmic,Warriors,2014-03-28,2014-04-14,17
Ognjen Kuzmic,Warriors,2015-01-09,2015-01-31,22
Ogugua Anunoby,Raptors,2018-03-02,2018-03-15,13
Okaro White,Heat,2017-10-18,2017-10-21,3
Oleksiy Pecherov,Timberwolves,2009-12-29,2009-12-30,1
Oleksiy Pecherov,Timberwolves,2010-01-26,2010-01-27,1
Oleksiy Pecherov,Timberwolves,2010-02-05,2010-02-06,1
Oleksiy Pecherov,Timberwolves,2010-02-16,2010-02-17,1
Oleksiy Pecherov,Timberwolves,2010-03-10,2010-03-12,2
Oleksiy Pecherov,Timberwolves,2010-04-03,2010-04-04,1
Oleksiy Pecherov,Wizards,2008-10-29,2008-11-05,7
Oleksiy Pecherov,Wizards,2008-11-07,2008-11-08,1
Oleksiy Pecherov,Wizards,2008-11-21,2008-11-25,4
Oleksiy Pecherov,Wizards,2008-11-27,2008-12-15,18
Oleksiy Pecherov,Wizards,2008-12-19,2009-01-02,14
Omer Asik,Bulls,2011-05-26,2018-02-22,2464
Omer Asik,Bulls,2018-02-14,2018-03-13,27
Omer Asik,Bulls,2018-03-09,2018-03-17,8
Omer Asik,Bulls,2018-03-15,2018-03-21,6
Omer Asik,Pelicans,2014-11-17,2014-11-21,4
Omer Asik,Pelicans,2014-11-22,2014-11-25,3
Omer Asik,Pelicans,2017-01-09,2017-01-12,3
Omer Asik,Pelicans,2017-02-25,2017-03-11,14
Omer Asik,Pelicans,2017-04-11,2017-11-22,225
Omer Asik,Rockets,2014-01-20,2014-02-07,18
Omri Casspi,Kings,2010-03-07,2010-03-09,2
Omri Casspi,Kings,2014-12-13,2014-12-22,9
Omri Casspi,Kings,2015-01-01,2015-01-16,15
Omri Casspi,Kings,2015-12-03,2015-12-05,2
Omri Casspi,Kings,2016-04-02,2016-04-07,5
Omri Casspi,Kings,2016-04-09,2016-11-03,208
Omri Casspi,Kings,2016-10-31,2016-11-05,5
Omri Casspi,Kings,2016-12-16,2016-12-18,2
Omri Casspi,Warriors,2017-10-20,2017-10-23,3
Omri Casspi,Warriors,2017-12-29,2017-12-30,1
Omri Casspi,Warriors,2018-01-03,2018-01-06,3
Omri Casspi,Warriors,2018-01-12,2018-01-15,3
Omri Casspi,Warriors,2018-03-17,2018-04-07,21
Orlando Johnson,Pacers,2012-11-09,2012-11-10,1
Orlando Johnson,Pacers,2012-11-13,2012-11-16,3
Orlando Johnson,Pacers,2012-11-18,2012-11-19,1
Orlando Johnson,Pacers,2012-11-21,2012-11-30,9
Orlando Johnson,Pacers,2012-12-07,2012-12-12,5
Orlando Johnson,Pacers,2012-12-19,2012-12-22,3
Orlando Johnson,Pacers,2012-12-28,2013-01-04,7
Orlando Johnson,Pacers,2014-01-22,2014-01-24,2
Orlando Johnson,Pacers,2014-02-07,2014-02-18,11
Othella Harrington,Bobcats,2006-12-13,2006-12-16,3
Othella Harrington,Bobcats,2007-01-26,2007-01-27,1
Othella Harrington,Bobcats,2007-01-31,2007-03-16,44
Othella Harrington,Bobcats,2007-03-30,2007-04-10,11
Othella Harrington,Bobcats,2007-10-29,2007-11-17,19
Othello Hunter,Hawks,2008-10-29,2008-11-09,11
Othello Hunter,Hawks,2008-12-03,2009-01-03,31
Othello Hunter,Hawks,2009-02-10,2009-02-25,15
Othello Hunter,Hawks,2009-02-27,2009-03-21,22
Othello Hunter,Hawks,2009-04-07,2009-04-14,7
Othello Hunter,Hawks,2009-04-29,2009-05-07,8
Othello Hunter,Hawks,2009-10-28,2009-12-11,44
Othyus Jeffers,Spurs,2011-03-06,2011-03-11,5
Otto Porter Jr.,Wizards,2013-10-29,2013-12-06,38
Otto Porter Jr.,Wizards,2017-04-08,2017-04-12,4
Otto Porter Jr.,Wizards,2017-11-01,2017-11-03,2
Otto Porter Jr.,Wizards,2017-12-19,2017-12-22,3
Otto Porter Jr.,Wizards,2018-01-06,2018-01-10,4
Otto Porter Jr.,Wizards,2018-04-11,2018-04-14,3
P.J. Brown,Bulls,2006-12-13,2006-12-23,10
P.J. Brown,Bulls,2007-02-11,2007-02-13,2
P.J. Brown,Bulls,2007-03-02,2007-03-04,2
P.J. Brown,Celtics,2008-02-27,2008-03-05,7
P.J. Dozier,Thunder,2017-10-19,2018-02-08,112
P.J. Hairston,Grizzlies,2016-03-14,2016-04-03,20
P.J. Hairston,Grizzlies,2016-04-27,2016-04-29,2
P.J. Hairston,Hornets,2014-11-21,2014-11-26,5
P.J. Hairston,Hornets,2015-03-01,2015-03-13,12
P.J. Hairston,Hornets,2015-03-16,2015-03-20,4
P.J. Hairston,Hornets,2015-11-15,2015-11-23,8
P.J. Hairston,Hornets,2015-11-25,2015-12-02,7
P.J. Hairston,Hornets,2015-12-16,2015-12-17,1
P.J. Hairston,Hornets,2015-12-19,2015-12-28,9
P.J. Tucker,Raptors,2006-12-06,2006-12-10,4
P.J. Tucker,Raptors,2007-01-05,2007-03-03,57
P.J. Tucker,Raptors,2017-04-02,2017-04-04,2
P.J. Tucker,Suns,2014-11-17,2014-11-19,2
Pablo Prigioni,Knicks,2013-04-20,2013-04-23,3
Pablo Prigioni,Knicks,2013-12-18,2014-01-20,33
Pape Sy,Hawks,2010-10-27,2011-03-12,136
Pape Sy,Hawks,2011-03-15,2011-04-08,24
Pape Sy,Hawks,2011-04-11,2011-04-13,2
Pape Sy,Hawks,2011-04-16,2011-05-02,16
Pascal Siakam,Raptors,2017-04-05,2017-04-12,7
Pascal Siakam,Raptors,2017-04-15,2017-05-01,16
Pat Burke,Suns,2006-12-15,2006-12-19,4
Pat Burke,Suns,2006-12-26,2006-12-28,2
Pat Garrity,Magic,2006-11-24,2006-12-03,9
Pat Garrity,Magic,2007-01-02,2007-01-05,3
Pat Garrity,Magic,2007-03-16,2007-04-07,22
Pat Garrity,Magic,2007-04-09,2007-04-18,9
Pat Garrity,Magic,2007-04-20,2007-04-26,6
Pat Garrity,Magic,2007-11-18,2007-11-21,3
Pat Garrity,Magic,2007-11-24,2007-11-26,2
Pat Garrity,Magic,2007-11-30,2007-12-02,2
Pat Garrity,Magic,2007-12-07,2007-12-12,5
Pat Garrity,Magic,2007-12-31,2008-01-19,19
Patric Young,Pelicans,2014-10-28,2014-11-04,7
Patrick Beverley,Clippers,2017-11-10,2017-11-17,7
Patrick Beverley,Rockets,2013-01-08,2013-01-15,7
Patrick Beverley,Rockets,2013-11-01,2013-11-05,4
Patrick Beverley,Rockets,2013-12-23,2014-01-19,27
Patrick Beverley,Rockets,2014-11-01,2014-11-04,3
Patrick Beverley,Rockets,2014-11-06,2014-11-16,10
Patrick Beverley,Rockets,2014-11-12,2014-12-06,24
Patrick Beverley,Rockets,2014-11-24,2014-12-10,16
Patrick Beverley,Rockets,2015-03-25,2015-11-11,231
Patrick Beverley,Rockets,2015-11-06,2015-11-25,19
Patrick Beverley,Rockets,2015-11-14,2016-11-17,369
Patrick McCaw,Warriors,2016-10-30,2016-11-07,8
Patrick McCaw,Warriors,2016-12-30,2017-01-04,5
Patrick McCaw,Warriors,2017-12-08,2017-12-11,3
Patrick McCaw,Warriors,2018-01-27,2018-01-30,3
Patrick McCaw,Warriors,2018-02-14,2018-03-19,33
Patrick McCaw,Warriors,2018-04-01,2018-05-26,55
Patrick Mills,Blazers,2009-10-27,2010-01-04,69
Patrick Mills,Blazers,2010-03-09,2010-03-21,12
Patrick Mills,Blazers,2010-03-25,2010-04-03,9
Patrick Mills,Blazers,2010-04-07,2010-04-12,5
Patrick Mills,Blazers,2010-11-02,2010-11-04,2
Patrick Mills,Spurs,2012-03-21,2012-03-27,6
Patrick Mills,Spurs,2013-03-27,2013-03-31,4
Patrick Mills,Spurs,2013-06-13,2014-12-28,563
Patrick O'Bryant,Celtics,2008-11-04,2008-11-14,10
Patrick O'Bryant,Raptors,2009-11-24,2009-12-09,15
Patrick O'Bryant,Raptors,2009-12-11,2010-01-05,25
Patrick O'Bryant,Raptors,2010-01-06,2010-01-10,4
Patrick O'Bryant,Raptors,2010-01-15,2010-01-17,2
Patrick O'Bryant,Raptors,2010-01-20,2010-01-22,2
Patrick O'Bryant,Raptors,2010-02-10,2010-02-20,10
Patrick O'Bryant,Raptors,2010-02-26,2010-02-28,2
Patrick O'Bryant,Raptors,2010-03-05,2010-04-07,33
Patrick O'Bryant,Warriors,2007-11-26,2007-12-03,7
Patrick O'Bryant,Warriors,2007-12-11,2007-12-23,12
Patrick O'Bryant,Warriors,2008-01-09,2008-01-11,2
Patrick O'Bryant,Warriors,2008-02-07,2008-02-22,15
Patrick O'Bryant,Warriors,2008-02-26,2008-02-29,3
Patrick Patterson,Raptors,2014-03-09,2014-03-31,22
Patrick Patterson,Raptors,2015-02-23,2015-02-24,1
Patrick Patterson,Raptors,2016-03-20,2016-03-25,5
Patrick Patterson,Raptors,2017-01-20,2017-01-22,2
Patrick Patterson,Raptors,2017-02-12,2017-02-14,2
Patrick Patterson,Raptors,2017-02-15,2017-02-24,9
Patrick Patterson,Rockets,2010-10-26,2012-11-02,738
Patrick Patterson,Rockets,2011-12-26,2012-12-29,369
Pau Gasol,Bulls,2014-11-17,2014-11-24,7
Pau Gasol,Bulls,2015-02-27,2015-03-01,2
Pau Gasol,Bulls,2015-05-10,2015-05-14,4
Pau Gasol,Bulls,2015-12-19,2015-12-21,2
Pau Gasol,Bulls,2016-01-14,2016-01-15,1
Pau Gasol,Bulls,2016-03-14,2016-03-21,7
Pau Gasol,Lakers,2008-03-28,2008-04-02,5
Pau Gasol,Lakers,2008-12-16,2008-12-19,3
Pau Gasol,Lakers,2009-10-27,2009-11-19,23
Pau Gasol,Lakers,2010-01-12,2010-01-15,3
Pau Gasol,Lakers,2013-02-07,2013-03-22,43
Pau Gasol,Spurs,2016-11-30,2016-12-02,2
Pau Gasol,Spurs,2016-12-23,2016-12-25,2
Pau Gasol,Spurs,2017-01-21,2017-02-24,34
Pau Gasol,Spurs,2017-12-09,2017-12-12,3
Paul Davis,Clippers,2007-01-10,2007-01-13,3
Paul Davis,Clippers,2007-02-11,2007-02-12,1
Paul Davis,Clippers,2007-02-24,2007-03-01,5
Paul Davis,Clippers,2007-02-26,2007-03-11,13
Paul Davis,Clippers,2007-03-09,2007-03-19,10
Paul Davis,Clippers,2007-03-16,2008-11-22,617
Paul Davis,Wizards,2009-10-27,2009-10-31,4
Paul Davis,Wizards,2009-11-03,2009-11-06,3
Paul George,Pacers,2010-11-28,2010-12-13,15
Paul George,Pacers,2010-12-17,2010-12-29,12
Paul George,Pacers,2013-01-12,2013-01-13,1
Paul George,Pacers,2014-10-29,2015-04-05,158
Paul George,Pacers,2016-11-12,2016-11-14,2
Paul George,Pacers,2016-11-18,2016-11-23,5
Paul George,Thunder,2017-12-07,2017-12-11,4
Paul George,Thunder,2017-12-29,2017-12-31,2
Paul Millsap,Hawks,2013-11-19,2013-11-20,1
Paul Millsap,Hawks,2015-01-13,2015-01-14,1
Paul Millsap,Hawks,2015-04-07,2015-04-15,8
Paul Millsap,Hawks,2016-12-03,2016-12-05,2
Paul Millsap,Hawks,2017-03-20,2017-04-02,13
Paul Millsap,Hawks,2017-04-07,2017-04-09,2
Paul Millsap,Jazz,2008-12-26,2009-01-02,7
Paul Millsap,Jazz,2009-01-16,2009-01-17,1
Paul Millsap,Jazz,2013-03-09,2013-03-13,4
Paul Millsap,Nuggets,2017-11-20,2018-02-27,99
Paul Pierce,Celtics,2006-12-22,2007-02-09,49
Paul Pierce,Celtics,2007-03-30,2008-04-16,383
Paul Pierce,Celtics,2008-04-14,2010-01-06,632
Paul Pierce,Celtics,2009-12-25,2010-03-02,67
Paul Pierce,Celtics,2010-02-23,2011-12-30,675
Paul Pierce,Clippers,2016-04-03,2016-04-06,3
Paul Pierce,Clippers,2016-04-10,2016-04-12,2
Paul Pierce,Clippers,2016-10-27,2016-11-04,8
Paul Pierce,Nets,2013-11-16,2013-11-18,2
Paul Pierce,Wizards,2015-01-07,2015-01-09,2
Paul Pierce,Wizards,2015-01-27,2015-04-08,71
Paul Zipser,Bulls,2016-12-28,2017-01-02,5
Paul Zipser,Bulls,2017-01-07,2017-01-09,2
Paul Zipser,Bulls,2017-02-10,2017-02-16,6
Paul Zipser,Bulls,2017-02-24,2017-03-02,6
Pero Antic,Hawks,2014-01-25,2014-03-02,36
Perry Jones III,Thunder,2012-12-04,2012-12-25,21
Perry Jones III,Thunder,2012-12-27,2012-12-31,4
Perry Jones III,Thunder,2013-03-01,2013-03-05,4
Perry Jones III,Thunder,2013-03-22,2013-03-27,5
Perry Jones III,Thunder,2013-04-04,2013-04-07,3
Perry Jones III,Thunder,2013-04-09,2013-04-15,6
Perry Jones III,Thunder,2013-04-24,2013-04-27,3
Perry Jones III,Thunder,2013-05-01,2013-05-05,4
Perry Jones III,Thunder,2013-05-07,2013-05-11,4
Perry Jones III,Thunder,2013-05-13,2013-05-15,2
Perry Jones III,Thunder,2014-12-02,2015-02-04,64
Peyton Siva,Pistons,2013-11-05,2013-11-15,10
Peyton Siva,Pistons,2013-11-25,2013-11-29,4
Peyton Siva,Pistons,2013-12-13,2014-02-18,67
Pops Mensah-Bonsu,Raptors,2009-03-25,2009-03-27,2
Predrag Stojakovic,Hornets,2006-11-25,2008-12-28,764
Predrag Stojakovic,Hornets,2008-12-17,2010-11-13,696
Predrag Stojakovic,Mavericks,2011-01-25,2011-02-07,13
Predrag Stojakovic,Mavericks,2011-03-09,2011-03-20,11
Primoz Brezec,76ers,2009-10-30,2009-11-18,19
Primoz Brezec,76ers,2009-12-16,2010-02-09,55
Primoz Brezec,Bobcats,2006-11-01,2006-11-18,17
Primoz Brezec,Bobcats,2007-01-22,2007-01-31,9
Primoz Brezec,Bucks,2010-02-19,2010-02-20,1
Primoz Brezec,Bucks,2010-02-28,2010-03-03,3
Primoz Brezec,Raptors,2008-02-22,2008-02-24,2
Primoz Brezec,Raptors,2008-03-16,2008-03-26,10
Quentin Richardson,Heat,2009-11-20,2009-11-29,9
Quentin Richardson,Heat,2009-12-13,2009-12-17,4
Quentin Richardson,Knicks,2006-12-16,2007-01-10,25
Quentin Richardson,Knicks,2007-01-30,2007-02-03,4
Quentin Richardson,Knicks,2007-03-21,2007-12-15,269
Quentin Richardson,Knicks,2007-12-14,2008-02-02,50
Quentin Richardson,Knicks,2008-02-01,2008-02-09,8
Quentin Richardson,Magic,2012-01-06,2012-01-16,10
Quentin Richardson,Magic,2012-02-29,2012-03-05,5
Quentin Richardson,Magic,2012-04-05,2012-04-09,4
Quincy Acy,Kings,2015-10-30,2015-10-31,1
Quincy Acy,Nets,2017-02-07,2017-03-01,22
Quincy Acy,Nets,2017-03-30,2017-04-02,3
Quincy Acy,Nets,2017-10-29,2017-11-06,8
Quincy Acy,Nets,2018-02-06,2018-02-10,4
Quincy Acy,Raptors,2012-10-31,2012-11-07,7
Quincy Acy,Raptors,2012-12-07,2012-12-12,5
Quincy Acy,Raptors,2013-03-04,2013-04-01,28
Quincy Acy,Raptors,2013-10-30,2013-11-01,2
Quincy Acy,Raptors,2013-11-01,2013-11-05,4
Quincy Acy,Raptors,2013-11-06,2013-11-09,3
Quincy Acy,Raptors,2013-11-22,2013-11-29,7
Quincy Douby,Kings,2006-11-01,2006-11-12,11
Quincy Douby,Kings,2008-11-07,2008-11-11,4
Quincy Douby,Kings,2008-12-06,2008-12-09,3
Quincy Douby,Kings,2009-01-03,2009-01-05,2
Quincy Douby,Kings,2009-01-06,2009-01-14,8
Quincy Douby,Kings,2009-01-16,2009-01-20,4
Quincy Douby,Kings,2009-01-21,2009-02-01,11
Quincy Miller,Nuggets,2012-11-06,2012-11-07,1
Quincy Miller,Nuggets,2012-11-12,2012-12-03,21
Quincy Miller,Nuggets,2012-12-28,2013-03-29,91
Quincy Miller,Pistons,2015-03-11,2015-03-17,6
Quincy Pondexter,Grizzlies,2012-12-31,2013-01-11,11
Quincy Pondexter,Hornets,2010-10-27,2010-11-03,7
Quincy Pondexter,Hornets,2011-02-11,2011-02-15,4
Quinn Cook,Warriors,2017-10-17,2017-10-20,3
Quinn Cook,Warriors,2017-10-23,2017-10-27,4
Quinn Cook,Warriors,2017-10-29,2017-11-13,15
Quinn Cook,Warriors,2017-11-16,2017-11-24,8
Quinn Cook,Warriors,2017-11-25,2017-11-27,2
Quinn Cook,Warriors,2017-11-29,2017-12-06,7
Quinn Cook,Warriors,2017-12-27,2018-01-12,16
Quinn Cook,Warriors,2018-01-13,2018-02-02,20
Quinn Cook,Warriors,2018-02-03,2018-02-24,21
Quinton Ross,Grizzlies,2008-11-29,2008-12-05,6
Quinton Ross,Mavericks,2009-11-30,2009-12-11,11
Quinton Ross,Nets,2010-10-27,2010-11-03,7
Quinton Ross,Nets,2010-11-20,2010-12-01,11
Quinton Ross,Nets,2011-02-28,2011-03-25,25
R.J. Hunter,Bulls,2016-10-29,2016-11-02,4
R.J. Hunter,Bulls,2016-11-04,2016-11-15,11
R.J. Hunter,Bulls,2016-12-08,2016-12-13,5
R.J. Hunter,Celtics,2015-10-28,2015-10-30,2
R.J. Hunter,Celtics,2015-12-11,2015-12-15,4
R.J. Hunter,Celtics,2016-01-25,2016-01-27,2
R.J. Hunter,Celtics,2016-01-31,2016-02-03,3
R.J. Hunter,Celtics,2016-02-05,2016-02-07,2
R.J. Hunter,Rockets,2018-01-30,2018-03-25,54
R.J. Hunter,Rockets,2018-03-30,2018-04-05,6
R.J. Hunter,Rockets,2018-04-10,2018-04-11,1
Radoslav Nesterovic,Pacers,2008-11-05,2008-11-12,7
Radoslav Nesterovic,Pacers,2009-01-27,2009-01-28,1
Radoslav Nesterovic,Raptors,2007-11-16,2007-11-28,12
Raef LaFrentz,Blazers,2006-11-03,2006-12-05,32
Raef LaFrentz,Blazers,2006-12-10,2006-12-11,1
Raef LaFrentz,Blazers,2007-02-20,2007-03-25,33
Rafael Araujo,Jazz,2006-11-04,2006-11-14,10
Rafael Araujo,Jazz,2006-11-24,2006-12-17,23
Rafer Alston,Heat,2010-02-19,2010-02-27,8
Rafer Alston,Rockets,2007-12-09,2007-12-12,3
Rafer Alston,Rockets,2007-12-15,2007-12-19,4
Rafer Alston,Rockets,2008-04-03,2008-04-09,6
Rafer Alston,Rockets,2008-04-14,2008-04-24,10
Rafer Alston,Rockets,2008-12-16,2008-12-23,7
Raja Bell,Bobcats,2008-12-11,2008-12-13,2
Raja Bell,Bobcats,2008-12-30,2009-01-09,10
Raja Bell,Bobcats,2009-02-09,2009-02-17,8
Raja Bell,Bobcats,2009-04-05,2009-11-02,211
Raja Bell,Bobcats,2009-10-28,2009-11-14,17
Raja Bell,Jazz,2011-04-07,2012-03-05,333
Raja Bell,Jazz,2012-02-20,2012-04-26,66
Raja Bell,Jazz,2012-03-18,2013-03-10,357
Raja Bell,Suns,2006-11-09,2006-11-17,8
Raja Bell,Suns,2007-02-03,2007-02-05,2
Raja Bell,Suns,2007-11-09,2007-11-15,6
Raja Bell,Suns,2007-11-17,2007-11-23,6
Rajon Rondo,Bulls,2016-12-13,2016-12-15,2
Rajon Rondo,Bulls,2017-03-06,2017-03-08,2
Rajon Rondo,Bulls,2017-04-06,2017-04-12,6
Rajon Rondo,Celtics,2007-12-30,2008-01-02,3
Rajon Rondo,Celtics,2008-01-12,2008-01-21,9
Rajon Rondo,Celtics,2008-04-16,2010-11-26,954
Rajon Rondo,Celtics,2010-11-21,2010-12-31,40
Rajon Rondo,Celtics,2010-12-25,2012-02-03,405
Rajon Rondo,Celtics,2011-04-11,2014-01-17,1012
Rajon Rondo,Celtics,2012-01-26,2014-11-12,1021
Rajon Rondo,Mavericks,2015-02-02,2015-02-19,17
Rajon Rondo,Mavericks,2015-04-10,2015-04-12,2
Rajon Rondo,Pelicans,2017-10-17,2017-11-13,27
Rakeem Christmas,Pacers,2015-10-28,2015-12-31,64
Rakeem Christmas,Pacers,2016-01-02,2016-04-13,102
Rakeem Christmas,Pacers,2016-04-16,2016-10-29,196
Rakeem Christmas,Pacers,2016-10-26,2016-11-12,17
Rakeem Christmas,Pacers,2016-11-01,2016-11-21,20
Rakeem Christmas,Pacers,2016-11-14,2016-11-30,16
Rakeem Christmas,Pacers,2016-11-25,2017-01-05,41
Rakeem Christmas,Pacers,2016-12-04,2017-01-23,50
Rakeem Christmas,Pacers,2017-01-07,2017-02-04,28
Rakeem Christmas,Pacers,2017-02-01,2017-02-15,14
Rakeem Christmas,Pacers,2017-02-13,2017-02-16,3
Ramon Sessions,Bucks,2007-10-31,2008-03-05,126
Ramon Sessions,Bucks,2008-02-02,2008-03-24,51
Ramon Sessions,Bucks,2008-03-22,2008-11-01,224
Ramon Sessions,Kings,2014-12-27,2015-01-21,25
Ramon Sessions,Wizards,2018-04-14,2018-04-27,13
Randolph Morris,Hawks,2009-04-19,2009-04-29,10
Randolph Morris,Hawks,2009-05-09,2010-02-09,276
Randolph Morris,Hawks,2010-01-29,2010-02-21,23
Randolph Morris,Hawks,2010-02-17,2010-03-11,22
Randolph Morris,Hawks,2010-02-26,2010-03-16,18
Randolph Morris,Hawks,2010-03-13,2010-04-03,21
Randolph Morris,Hawks,2010-03-19,2010-05-06,48
Randolph Morris,Knicks,2007-03-23,2007-03-26,3
Randolph Morris,Knicks,2007-11-17,2007-12-02,15
Randolph Morris,Knicks,2007-12-07,2007-12-10,3
Randolph Morris,Knicks,2007-12-15,2007-12-30,15
Randolph Morris,Knicks,2008-01-02,2008-02-01,30
Randolph Morris,Knicks,2008-02-02,2008-02-08,6
Randolph Morris,Knicks,2008-02-09,2008-03-03,23
Randy Foye,Clippers,2010-10-31,2010-11-12,12
Randy Foye,Clippers,2010-12-01,2010-12-15,14
Randy Foye,Nets,2016-10-26,2016-11-04,9
Randy Foye,Nuggets,2014-11-14,2014-11-17,3
Randy Foye,Nuggets,2014-11-25,2015-01-17,53
Randy Foye,Timberwolves,2007-11-01,2008-01-29,89
Randy Foye,Timberwolves,2009-03-06,2009-03-07,1
Randy Foye,Timberwolves,2009-03-11,2009-03-14,3
Rashad McCants,Kings,2009-02-21,2009-02-23,2
Rashad Vaughn,Bucks,2016-11-19,2016-11-25,6
Rashad Vaughn,Bucks,2016-11-27,2016-12-01,4
Rashad Vaughn,Bucks,2016-12-23,2017-01-10,18
Rashad Vaughn,Bucks,2017-02-01,2017-02-04,3
Rashad Vaughn,Bucks,2017-10-21,2017-10-29,8
Rashad Vaughn,Bucks,2017-12-26,2018-01-20,25
Rashad Vaughn,Magic,2018-03-05,2018-03-07,2
Rashard Lewis,Magic,2007-12-15,2007-12-17,2
Rashard Lewis,Magic,2009-04-11,2009-04-19,8
Rashard Lewis,Sonics,2006-12-23,2007-01-06,14
Rashard Lewis,Sonics,2007-01-26,2007-02-10,15
Rashard Lewis,Wizards,2011-02-12,2011-02-21,9
Rasheed Wallace,Knicks,2013-01-26,2013-04-15,79
Rasheed Wallace,Pistons,2006-12-17,2006-12-21,4
Rasheed Wallace,Pistons,2007-03-02,2007-03-07,5
Rasheed Wallace,Pistons,2007-11-23,2007-11-28,5
Rasheed Wallace,Pistons,2008-03-07,2008-03-12,5
Rasheed Wallace,Pistons,2008-04-01,2008-04-04,3
Rasual Butler,Hornets,2008-01-09,2008-01-11,2
Rasual Butler,Hornets,2008-03-12,2008-04-22,41
Rasual Butler,Spurs,2015-12-18,2015-12-21,3
Rasual Butler,Spurs,2015-12-25,2015-12-26,1
Rasual Butler,Spurs,2015-12-28,2016-01-06,9
Rasual Butler,Spurs,2016-01-08,2016-01-14,6
Rasual Butler,Spurs,2016-03-07,2016-03-08,1
Raulzinho Neto,Jazz,2017-01-07,2017-01-14,7
Raulzinho Neto,Jazz,2017-01-26,2017-02-01,6
Raulzinho Neto,Jazz,2017-02-24,2017-03-01,5
Raulzinho Neto,Jazz,2017-04-07,2017-04-08,1
Raulzinho Neto,Jazz,2017-04-10,2017-04-18,8
Raulzinho Neto,Jazz,2017-04-15,2017-10-20,188
Raulzinho Neto,Jazz,2017-10-18,2017-12-04,47
Raulzinho Neto,Jazz,2017-11-30,2018-01-15,46
Raulzinho Neto,Jazz,2017-12-13,2018-04-08,116
Rawle Marshall,Pacers,2006-12-08,2006-12-09,1
Rawle Marshall,Pacers,2006-12-13,2006-12-30,17
Ray Allen,Celtics,2007-12-14,2007-12-19,5
Ray Allen,Celtics,2008-01-09,2008-01-11,2
Ray Allen,Celtics,2008-03-15,2008-03-20,5
Ray Allen,Celtics,2009-02-11,2009-02-12,1
Ray Allen,Celtics,2010-02-10,2010-02-16,6
Ray Allen,Celtics,2012-01-04,2012-01-06,2
Ray Allen,Celtics,2012-03-02,2012-03-04,2
Ray Allen,Celtics,2012-03-23,2012-03-25,2
Ray Allen,Celtics,2012-04-11,2012-05-04,23
Ray Allen,Heat,2012-12-26,2012-12-28,2
Ray Allen,Heat,2013-11-12,2013-11-19,7
Ray Allen,Heat,2014-03-28,2014-04-02,5
Ray Allen,Sonics,2006-12-05,2006-12-23,18
Ray McCallum Jr.,Kings,2013-10-30,2013-11-05,6
Ray McCallum Jr.,Kings,2013-11-13,2013-12-01,18
Ray McCallum Jr.,Kings,2013-12-07,2013-12-09,2
Ray McCallum Jr.,Kings,2014-01-19,2014-01-21,2
Ray McCallum Jr.,Spurs,2015-11-28,2015-12-05,7
Ray McCallum Jr.,Spurs,2015-12-09,2015-12-26,17
Ray McCallum Jr.,Spurs,2015-12-12,2016-01-12,31
Ray McCallum Jr.,Spurs,2016-01-02,2016-01-21,19
Raymond Felton,Blazers,2012-02-06,2012-02-08,2
Raymond Felton,Bobcats,2007-01-19,2007-01-22,3
Raymond Felton,Bobcats,2010-02-10,2010-02-16,6
Raymond Felton,Bobcats,2010-04-10,2010-04-12,2
Raymond Felton,Knicks,2013-01-01,2013-01-26,25
Raymond Felton,Knicks,2013-12-25,2014-01-07,13
Raymond Felton,Mavericks,2014-10-28,2014-11-14,17
Raymond Felton,Mavericks,2014-11-24,2014-12-28,34
Raymond Felton,Mavericks,2016-01-20,2016-01-22,2
Raymond Felton,Nuggets,2011-03-19,2011-03-23,4
Reggie Bullock,Clippers,2014-01-01,2014-01-06,5
Reggie Bullock,Clippers,2014-01-10,2014-01-15,5
Reggie Bullock,Clippers,2014-01-18,2014-01-22,4
Reggie Bullock,Clippers,2014-04-19,2014-05-01,12
Reggie Bullock,Clippers,2014-12-03,2014-12-13,10
Reggie Bullock,Pistons,2016-04-22,2016-11-07,199
Reggie Bullock,Pistons,2016-10-26,2017-01-13,79
Reggie Bullock,Pistons,2016-11-25,2017-02-08,75
Reggie Bullock,Pistons,2017-02-06,2017-04-05,58
Reggie Bullock,Suns,2015-01-19,2015-01-21,2
Reggie Bullock,Suns,2015-01-30,2015-02-02,3
Reggie Bullock,Suns,2015-02-08,2015-02-20,12
Reggie Evans,76ers,2008-02-22,2008-02-23,1
Reggie Evans,76ers,2009-01-24,2009-01-26,2
Reggie Evans,Kings,2014-12-18,2014-12-21,3
Reggie Evans,Kings,2015-01-30,2015-02-07,8
Reggie Evans,Kings,2015-02-20,2015-02-25,5
Reggie Evans,Nets,2012-12-04,2012-12-07,3
Reggie Evans,Nuggets,2006-12-08,2006-12-12,4
Reggie Evans,Raptors,2009-10-28,2010-02-10,105
Reggie Evans,Raptors,2010-12-01,2011-03-09,98
Reggie Evans,Raptors,2011-03-26,2011-03-30,4
Reggie Hearn,Pistons,2018-01-19,2018-02-05,17
Reggie Hearn,Pistons,2018-02-12,2018-03-07,23
Reggie Hearn,Pistons,2018-03-13,2018-04-06,24
Reggie Jackson (Shon),Pistons,2016-04-13,2016-04-17,4
Reggie Jackson (Shon),Pistons,2016-10-26,2016-12-02,37
Reggie Jackson (Shon),Pistons,2017-03-27,2018-03-20,358
Reggie Williams,Bobcats,2011-12-26,2012-01-31,36
Reggie Williams,Bobcats,2012-03-04,2012-03-07,3
Reggie Williams,Pelicans,2016-12-21,2016-12-23,2
Reggie Williams,Spurs,2015-02-08,2015-02-09,1
Reggie Williams,Spurs,2015-02-11,2015-02-27,16
Reggie Williams,Spurs,2015-02-25,2015-03-10,13
Reggie Williams,Spurs,2015-02-28,2015-03-17,17
Reggie Williams,Spurs,2015-03-12,2015-04-05,24
Reggie Williams,Thunder,2014-04-03,2014-04-04,1
Renaldo Balkman,Knicks,2007-11-14,2007-11-17,3
Renaldo Balkman,Knicks,2007-11-20,2007-11-24,4
Renaldo Balkman,Knicks,2011-02-23,2011-02-25,2
Renaldo Balkman,Nuggets,2009-11-11,2009-11-13,2
Renaldo Balkman,Nuggets,2009-11-29,2009-12-14,15
Renaldo Balkman,Nuggets,2009-12-05,2009-12-18,13
Renaldo Balkman,Nuggets,2010-02-09,2010-03-03,22
Renaldo Balkman,Nuggets,2010-04-17,2010-04-30,13
Renaldo Balkman,Nuggets,2010-11-28,2010-12-03,5
Renaldo Balkman,Nuggets,2010-12-25,2010-12-28,3
Renaldo Balkman,Nuggets,2011-01-05,2011-01-06,1
Renaldo Balkman,Nuggets,2011-01-11,2011-01-15,4
Renaldo Balkman,Nuggets,2011-01-16,2011-01-26,10
Renaldo Balkman,Nuggets,2011-01-28,2011-01-30,2
Renaldo Balkman,Nuggets,2011-02-02,2011-02-05,3
Renaldo Balkman,Nuggets,2011-02-07,2011-02-09,2
Richard Hamilton,Bulls,2012-01-16,2012-01-17,1
Richard Hamilton,Bulls,2012-02-04,2012-02-28,24
Richard Hamilton,Bulls,2012-02-16,2012-04-02,46
Richard Hamilton,Bulls,2012-03-14,2012-12-29,290
Richard Hamilton,Bulls,2012-12-04,2013-04-09,126
Richard Hamilton,Pistons,2006-11-10,2006-11-15,5
Richard Hamilton,Pistons,2007-03-25,2007-04-01,7
Richard Hamilton,Pistons,2007-04-18,2008-03-29,346
Richard Hamilton,Pistons,2008-03-26,2008-04-11,16
Richard Hamilton,Pistons,2008-04-01,2009-01-13,287
Richard Hamilton,Pistons,2008-12-27,2009-12-12,350
Richard Hamilton,Pistons,2009-10-30,2010-04-06,158
Richard Hamilton,Pistons,2010-03-31,2011-02-02,308
Richard Hamilton,Pistons,2010-04-09,2011-03-01,326
Richard Jefferson,Mavericks,2014-11-17,2014-11-19,2
Richard Jefferson,Nets,2007-01-22,2007-03-09,46
Richard Jefferson,Nuggets,2017-10-21,2017-10-23,2
Richard Jefferson,Nuggets,2017-11-17,2017-11-19,2
Richard Jefferson,Spurs,2010-01-18,2010-01-20,2
Richard Jefferson,Warriors,2012-03-16,2012-03-17,1
Richaun Holmes,76ers,2016-02-05,2016-02-08,3
Richaun Holmes,76ers,2016-03-18,2016-03-23,5
Richaun Holmes,76ers,2017-01-13,2017-01-21,8
Richaun Holmes,76ers,2017-10-18,2017-11-03,16
Ricky Davis,Clippers,2008-11-07,2008-11-09,2
Ricky Davis,Clippers,2008-11-26,2009-01-04,39
Ricky Davis,Clippers,2009-03-10,2009-11-02,237
Ricky Davis,Clippers,2009-10-31,2009-12-13,43
Ricky Davis,Clippers,2009-12-08,2009-12-25,17
Ricky Ledo,Mavericks,2014-04-20,2014-11-26,220
Ricky Ledo,Mavericks,2014-10-28,2014-12-13,46
Ricky Ledo,Mavericks,2014-11-28,2014-12-20,22
Ricky Ledo,Mavericks,2014-12-16,2015-02-02,48
Ricky Rubio,Jazz,2018-02-11,2018-02-23,12
Ricky Rubio,Timberwolves,2012-03-10,2012-12-15,280
Ricky Rubio,Timberwolves,2012-11-02,2015-02-02,822
Ricky Rubio,Timberwolves,2014-11-12,2015-11-17,370
Ricky Rubio,Timberwolves,2015-11-12,2015-12-01,19
Ricky Rubio,Timberwolves,2015-11-29,2016-11-12,349
Ricky Rubio,Timberwolves,2016-11-01,2017-01-24,84
Rob Kurz,Warriors,2008-11-13,2008-11-18,5
Robbie Hummel,Timberwolves,2014-01-10,2014-02-05,26
Robert Covington,76ers,2017-12-10,2017-12-15,5
Robert Covington,Rockets,2013-10-30,2014-01-18,80
Robert Covington,Rockets,2014-02-08,2014-02-10,2
Robert Covington,Rockets,2014-02-19,2014-04-11,51
Robert Covington,Rockets,2014-04-14,2014-04-16,2
Robert Hite,Heat,2006-11-17,2006-11-22,5
Robert Hite,Heat,2006-12-23,2006-12-29,6
Robert Hite,Heat,2007-01-12,2007-01-13,1
Robert Hite,Heat,2007-01-15,2007-01-19,4
Robert Horry,Spurs,2006-12-11,2006-12-13,2
Robert Horry,Spurs,2006-12-14,2006-12-16,2
Robert Horry,Spurs,2006-12-23,2006-12-26,3
Robert Horry,Spurs,2007-03-06,2007-03-08,2
Robert Horry,Spurs,2007-03-26,2007-03-30,4
Robert Horry,Spurs,2007-04-01,2007-04-11,10
Robert Horry,Spurs,2008-01-21,2008-01-23,2
Robert Horry,Spurs,2008-04-01,2008-04-22,21
Robert Sacre,Lakers,2015-11-01,2015-11-28,27
Robert Sacre,Lakers,2015-12-01,2015-12-02,1
Robert Sacre,Lakers,2016-01-03,2016-01-05,2
Robert Sacre,Lakers,2016-01-07,2016-01-08,1
Robert Sacre,Lakers,2016-01-12,2016-01-17,5
Robert Sacre,Lakers,2016-01-28,2016-01-29,1
Robert Sacre,Lakers,2016-02-24,2016-02-26,2
Robert Swift,Thunder,2008-11-28,2008-12-23,25
Robin Lopez,Blazers,2014-12-17,2015-02-03,48
Robin Lopez,Bulls,2018-02-22,2018-03-09,15
Robin Lopez,Bulls,2018-03-21,2018-03-23,2
Robin Lopez,Suns,2009-10-28,2009-11-27,30
Robin Lopez,Suns,2010-03-28,2010-05-17,50
Robin Lopez,Suns,2010-11-15,2010-12-15,30
Rodney Carney,76ers,2006-12-13,2006-12-15,2
Rodney Carney,76ers,2007-12-12,2007-12-21,9
Rodney Carney,76ers,2008-01-06,2010-02-16,772
Rodney Carney,Timberwolves,2008-12-03,2008-12-05,2
Rodney Carney,Warriors,2010-12-07,2010-12-18,11
Rodney Hood,Cavaliers,2018-03-11,2018-03-15,4
Rodney Hood,Cavaliers,2018-03-19,2018-03-23,4
Rodney Hood,Cavaliers,2018-04-09,2018-04-15,6
Rodney Hood,Jazz,2014-11-09,2014-11-29,20
Rodney Hood,Jazz,2015-01-07,2015-01-16,9
Rodney Hood,Jazz,2015-01-21,2015-02-20,30
Rodney Hood,Jazz,2015-03-25,2015-03-28,3
Rodney Hood,Jazz,2015-11-13,2015-11-15,2
Rodney Hood,Jazz,2016-11-14,2016-11-17,3
Rodney Hood,Jazz,2017-01-16,2017-01-21,5
Rodney Hood,Jazz,2017-01-20,2017-01-26,6
Rodney Hood,Jazz,2017-02-04,2017-02-24,20
Rodney Hood,Jazz,2017-03-01,2017-03-05,4
Rodney Hood,Jazz,2017-10-21,2017-10-25,4
Rodney Hood,Jazz,2017-12-01,2017-12-07,6
Rodney McGruder,Heat,2017-10-17,2018-02-27,133
Rodney Stuckey,Pacers,2015-03-23,2015-03-29,6
Rodney Stuckey,Pacers,2016-01-26,2016-02-26,31
Rodney Stuckey,Pacers,2016-10-29,2016-11-18,20
Rodney Stuckey,Pacers,2016-12-28,2017-02-01,35
Rodney Stuckey,Pacers,2017-02-03,2017-02-06,3
Rodney Stuckey,Pacers,2017-03-28,2017-03-29,1
Rodney Stuckey,Pistons,2007-10-29,2007-12-21,53
Rodney Stuckey,Pistons,2008-11-11,2008-11-14,3
Rodney Stuckey,Pistons,2010-03-07,2010-03-19,12
Rodney Stuckey,Pistons,2010-12-29,2011-01-03,5
Rodney Stuckey,Pistons,2011-02-02,2011-02-08,6
Rodney Stuckey,Pistons,2012-11-14,2012-11-16,2
Rodney Stuckey,Pistons,2012-12-28,2013-01-04,7
Rodney Stuckey,Pistons,2013-01-27,2013-01-29,2
Rodney Stuckey,Pistons,2013-10-30,2013-11-01,2
Rodney Stuckey,Pistons,2013-12-10,2013-12-11,1
Rodney Stuckey,Pistons,2013-12-18,2013-12-21,3
Rodrigue Beaubois,Mavericks,2010-10-27,2011-02-16,112
Rodrigue Beaubois,Mavericks,2011-04-16,2011-04-28,12
Rodrigue Beaubois,Mavericks,2011-05-02,2011-06-05,34
Rodrigue Beaubois,Mavericks,2011-06-07,2011-06-09,2
Rodrigue Beaubois,Mavericks,2012-04-15,2012-04-18,3
Rodrigue Beaubois,Mavericks,2012-11-03,2012-11-07,4
Rodrigue Beaubois,Mavericks,2012-12-01,2012-12-05,4
Rodrigue Beaubois,Mavericks,2012-12-06,2012-12-08,2
Rodrigue Beaubois,Mavericks,2012-12-27,2012-12-28,1
Rodrigue Beaubois,Mavericks,2013-01-20,2013-01-25,5
Roger Mason Jr.,Heat,2013-10-29,2013-10-30,1
Roger Mason Jr.,Heat,2013-11-01,2013-11-05,4
Roger Mason Jr.,Heat,2013-11-07,2013-11-09,2
Roger Mason Jr.,Heat,2013-11-23,2013-12-03,10
Roger Mason Jr.,Heat,2013-11-29,2013-12-27,28
Roger Mason Jr.,Knicks,2011-04-05,2011-04-08,3
Roger Mason Jr.,Spurs,2009-11-29,2009-12-03,4
Roger Mason Jr.,Wizards,2007-02-20,2007-02-22,2
Ron Artest,Kings,2006-11-24,2006-11-25,1
Ron Artest,Kings,2006-12-02,2006-12-07,5
Ron Artest,Kings,2006-12-22,2006-12-27,5
Ron Artest,Kings,2007-02-28,2007-03-02,2
Ron Artest,Kings,2008-03-07,2008-03-09,2
Ron Artest,Rockets,2008-12-12,2008-12-16,4
Ron Artest,Rockets,2008-12-26,2008-12-27,1
Ron Artest,Rockets,2009-01-13,2009-01-25,12
Ron Baker,Knicks,2016-10-29,2016-11-02,4
Ron Baker,Knicks,2016-11-09,2016-11-11,2
Ron Baker,Knicks,2016-11-12,2016-11-14,2
Ron Baker,Knicks,2016-12-30,2016-12-31,1
Ron Baker,Knicks,2017-10-27,2017-11-24,28
Ron Baker,Knicks,2017-11-27,2017-11-29,2
Ron Baker,Knicks,2017-12-06,2017-12-09,3
Ron Baker,Knicks,2018-01-02,2018-01-03,1
Ron Baker,Knicks,2018-01-14,2018-01-15,1
Ronald Dupree,Pistons,2007-11-04,2007-11-14,10
Ronald Murray,Bobcats,2009-10-28,2009-11-06,9
Ronald Murray,Bobcats,2009-12-22,2009-12-26,4
Rondae Hollis-Jefferson,Nets,2015-12-10,2016-03-22,103
Rondae Hollis-Jefferson,Nets,2016-03-29,2016-04-01,3
Rondae Hollis-Jefferson,Nets,2017-11-27,2017-12-02,5
Rondae Hollis-Jefferson,Nets,2018-01-27,2018-02-26,30
Ronnie Brewer,Grizzlies,2010-02-21,2010-03-16,23
Ronnie Brewer,Jazz,2007-03-02,2007-03-07,5
Ronnie Brewer,Jazz,2008-03-31,2008-04-08,8
Ronnie Brewer,Thunder,2013-02-22,2013-02-27,5
Ronnie Price,Blazers,2012-10-31,2012-11-03,3
Ronnie Price,Blazers,2013-02-02,2013-02-08,6
Ronnie Price,Jazz,2008-01-10,2008-01-17,7
Ronnie Price,Jazz,2009-03-28,2009-03-30,2
Ronnie Price,Jazz,2009-12-04,2009-12-07,3
Ronnie Price,Jazz,2011-02-25,2011-02-26,1
Ronnie Price,Jazz,2011-03-03,2011-03-20,17
Ronnie Price,Suns,2015-11-14,2015-11-18,4
Ronnie Price,Suns,2015-12-30,2016-01-02,3
Ronnie Price,Suns,2016-01-08,2016-02-19,42
Ronnie Price,Suns,2017-02-01,2017-02-03,2
Ronnie Price,Suns,2017-02-04,2017-02-06,2
Ronnie Price,Suns,2017-02-08,2017-02-10,2
Ronnie Price,Suns,2017-02-13,2017-03-28,43
Ronny Turiaf,Clippers,2013-03-17,2013-03-23,6
Ronny Turiaf,Heat,2012-04-13,2012-04-26,13
Ronny Turiaf,Knicks,2010-11-10,2010-11-16,6
Ronny Turiaf,Knicks,2010-11-28,2010-12-06,8
Ronny Turiaf,Knicks,2011-01-17,2011-01-19,2
Ronny Turiaf,Knicks,2011-02-06,2011-02-12,6
Ronny Turiaf,Knicks,2011-03-04,2011-03-09,5
Ronny Turiaf,Knicks,2011-03-26,2011-04-05,10
Ronny Turiaf,Lakers,2006-11-17,2007-11-20,368
Ronny Turiaf,Lakers,2007-11-16,2008-04-26,162
Ronny Turiaf,Nuggets,2012-03-15,2012-03-17,2
Ronny Turiaf,Timberwolves,2013-11-03,2014-01-06,64
Ronny Turiaf,Timberwolves,2014-03-03,2014-04-02,30
Ronny Turiaf,Timberwolves,2014-10-29,2014-11-12,14
Roy Devyn Marble,Magic,2014-11-14,2014-12-06,22
Roy Devyn Marble,Magic,2014-12-13,2014-12-21,8
Roy Devyn Marble,Magic,2014-12-23,2015-01-02,10
Roy Devyn Marble,Magic,2015-01-29,2015-02-27,29
Roy Devyn Marble,Magic,2015-03-04,2015-11-06,247
Roy Devyn Marble,Magic,2015-10-28,2015-12-28,61
Roy Devyn Marble,Magic,2015-12-01,2016-02-03,64
Roy Devyn Marble,Magic,2016-01-22,2016-02-07,16
Roy Hibbert,Bucks,2017-02-04,2017-02-11,7
Roy Hibbert,Hornets,2016-10-29,2016-11-11,13
Roy Hibbert,Lakers,2016-02-08,2016-02-10,2
Roy Hibbert,Nuggets,2017-02-24,2017-02-26,2
Roy Hibbert,Nuggets,2017-03-26,2017-03-28,2
Roy Hibbert,Pacers,2009-01-23,2009-01-27,4
Roy Hibbert,Pacers,2009-01-30,2009-01-31,1
Roy Hibbert,Pacers,2011-01-19,2011-01-22,3
Roy Hibbert,Pacers,2014-04-09,2014-04-11,2
Roy Hibbert,Pacers,2015-03-04,2015-03-06,2
Roy Hibbert,Pacers,2015-03-12,2015-03-14,2
Royal Ivey,76ers,2010-01-05,2010-01-09,4
Royal Ivey,76ers,2010-01-11,2010-01-25,14
Royal Ivey,76ers,2010-01-27,2010-02-03,7
Royal Ivey,Bucks,2010-02-19,2010-02-20,1
Royal Ivey,Thunder,2011-12-28,2012-01-03,6
Royal Ivey,Thunder,2012-01-06,2012-01-08,2
Royce White,Rockets,2012-11-03,2012-11-13,10
Ruben Patterson,Bucks,2006-12-22,2006-12-23,1
Rudy Fernandez,Blazers,2009-01-14,2009-01-15,1
Rudy Fernandez,Blazers,2009-03-31,2009-04-03,3
Rudy Fernandez,Nuggets,2012-01-17,2012-01-20,3
Rudy Fernandez,Nuggets,2012-03-02,2012-03-13,11
Rudy Gay,Grizzlies,2008-01-18,2008-01-19,1
Rudy Gay,Grizzlies,2011-02-08,2011-02-11,3
Rudy Gay,Kings,2014-01-24,2014-01-29,5
Rudy Gay,Kings,2014-02-07,2014-02-09,2
Rudy Gay,Kings,2014-11-25,2014-11-28,3
Rudy Gay,Kings,2015-01-16,2015-01-17,1
Rudy Gay,Kings,2015-02-08,2015-04-07,58
Rudy Gay,Kings,2015-04-03,2015-11-23,234
Rudy Gay,Kings,2015-11-21,2016-11-06,351
Rudy Gay,Kings,2016-11-05,2016-12-26,51
Rudy Gay,Kings,2016-12-14,2017-01-03,20
Rudy Gay,Spurs,2017-12-03,2017-12-04,1
Rudy Gay,Spurs,2017-12-30,2018-02-23,55
Rudy Gobert,Jazz,2014-01-07,2014-01-13,6
Rudy Gobert,Jazz,2015-11-12,2015-11-13,1
Rudy Gobert,Jazz,2015-12-16,2016-01-07,22
Rudy Gobert,Jazz,2017-04-18,2017-04-23,5
Rudy Gobert,Jazz,2017-11-13,2017-12-04,21
Rudy Gobert,Jazz,2017-12-20,2018-01-19,30
Russ Smith,Grizzlies,2015-01-14,2015-01-16,2
Russ Smith,Grizzlies,2015-01-19,2015-02-11,23
Russ Smith,Pelicans,2014-10-28,2014-11-03,6
Russ Smith,Pelicans,2014-11-12,2014-11-22,10
Russell Westbrook,Thunder,2013-04-27,2013-11-03,190
Russell Westbrook,Thunder,2013-10-30,2013-11-27,28
Russell Westbrook,Thunder,2013-11-24,2014-02-20,88
Russell Westbrook,Thunder,2013-12-27,2014-04-16,110
Russell Westbrook,Thunder,2014-04-14,2018-02-13,1401
Ryan Anderson,Magic,2010-12-06,2010-12-23,17
Ryan Anderson,Magic,2011-04-03,2012-01-29,301
Ryan Anderson,Magic,2012-01-27,2012-04-09,73
Ryan Anderson,Pelicans,2013-10-30,2013-11-16,17
Ryan Anderson,Pelicans,2014-01-04,2015-12-14,709
Ryan Anderson,Rockets,2017-03-26,2017-04-07,12
Ryan Anderson,Rockets,2017-11-22,2017-11-25,3
Ryan Anderson,Rockets,2018-03-25,2018-03-27,2
Ryan Anderson,Rockets,2018-04-05,2018-04-21,16
Ryan Arcidiacono,Bulls,2017-10-28,2018-01-20,84
Ryan Arcidiacono,Bulls,2018-02-22,2018-03-21,27
Ryan Bowen,Hornets,2007-11-24,2007-12-14,20
Ryan Bowen,Hornets,2007-12-19,2008-01-04,16
Ryan Bowen,Hornets,2008-11-12,2008-11-21,9
Ryan Bowen,Hornets,2008-11-24,2008-11-27,3
Ryan Bowen,Hornets,2008-11-28,2008-12-17,19
Ryan Bowen,Hornets,2008-12-28,2009-01-02,5
Ryan Bowen,Hornets,2009-01-06,2009-01-21,15
Ryan Bowen,Hornets,2009-04-10,2009-04-29,19
Ryan Bowen,Thunder,2009-10-28,2009-11-22,25
Ryan Gomes,Thunder,2013-11-03,2013-11-10,7
Ryan Gomes,Thunder,2013-11-18,2013-11-24,6
Ryan Gomes,Thunder,2013-11-27,2013-12-03,6
Ryan Gomes,Thunder,2013-12-15,2013-12-27,12
Ryan Gomes,Timberwolves,2009-12-14,2009-12-26,12
Ryan Hollins,Timberwolves,2010-01-08,2010-01-18,10
Ryan Kelly,Hawks,2017-02-24,2017-02-27,3
Ryan Kelly,Hawks,2017-03-13,2017-03-16,3
Ryan Kelly,Hawks,2017-04-09,2017-04-12,3
Ryan Kelly,Lakers,2013-10-30,2013-11-05,6
Ryan Kelly,Lakers,2013-11-07,2013-11-08,1
Ryan Reid,Thunder,2011-12-25,2012-01-16,22
Ryan Reid,Thunder,2012-01-30,2012-02-06,7
Salah Mejri,Mavericks,2015-11-05,2015-11-10,5
Salah Mejri,Mavericks,2015-11-22,2015-12-07,15
Salah Mejri,Mavericks,2015-12-09,2015-12-23,14
Salah Mejri,Mavericks,2015-12-26,2016-01-06,11
Salah Mejri,Mavericks,2016-01-08,2016-01-13,5
Salah Mejri,Mavericks,2016-01-17,2016-01-20,3
Salah Mejri,Mavericks,2016-02-01,2016-02-05,4
Salah Mejri,Mavericks,2016-03-03,2016-03-06,3
Salah Mejri,Mavericks,2017-03-29,2017-03-31,2
Salah Mejri,Mavericks,2018-03-11,2018-03-22,11
Salim Stoudamire,Hawks,2007-01-20,2007-01-23,3
Sam Cassell,Celtics,2008-04-08,2008-04-11,3
Sam Cassell,Celtics,2008-10-28,2008-12-03,36
Sam Cassell,Celtics,2008-12-07,2008-12-15,8
Sam Cassell,Celtics,2008-12-17,2008-12-21,4
Sam Cassell,Clippers,2006-12-17,2006-12-20,3
Sam Cassell,Clippers,2006-12-26,2007-01-06,11
Sam Cassell,Clippers,2007-03-01,2007-03-09,8
Sam Cassell,Clippers,2007-03-13,2007-03-16,3
Sam Cassell,Clippers,2007-03-19,2007-03-21,2
Sam Cassell,Clippers,2007-03-23,2007-03-30,7
Sam Cassell,Clippers,2007-04-04,2007-04-12,8
Sam Cassell,Clippers,2007-11-30,2007-12-22,22
Sam Dekker,Rockets,2015-11-13,2015-11-14,1
Sam Dekker,Rockets,2015-11-16,2016-02-04,80
Sam Dekker,Rockets,2016-02-19,2016-03-05,15
Sam Dekker,Rockets,2016-04-16,2017-05-01,380
Sam Young,Grizzlies,2010-02-01,2010-02-05,4
Samardo Samuels,Cavaliers,2010-10-27,2010-10-29,2
Samardo Samuels,Cavaliers,2010-10-30,2010-11-13,14
Samardo Samuels,Cavaliers,2010-11-16,2010-12-04,18
Samardo Samuels,Cavaliers,2010-12-05,2010-12-17,12
Samardo Samuels,Cavaliers,2010-12-22,2010-12-26,4
Samardo Samuels,Cavaliers,2010-12-28,2011-01-01,4
Samardo Samuels,Cavaliers,2011-04-09,2013-01-04,636
Samuel Dalembert,Bucks,2013-02-26,2013-02-27,1
Samuel Dalembert,Kings,2010-10-27,2010-10-29,2
Sasha Kaun,Cavaliers,2015-12-23,2015-12-26,3
Sasha Kaun,Cavaliers,2015-12-28,2015-12-29,1
Sasha Kaun,Cavaliers,2016-01-02,2016-01-12,10
Sasha Kaun,Cavaliers,2016-01-18,2016-02-03,16
Sasha Kaun,Cavaliers,2016-03-31,2016-04-03,3
Sasha Kaun,Cavaliers,2016-04-05,2016-04-06,1
Sasha Vujacic,Lakers,2007-11-13,2007-11-16,3
Sasha Vujacic,Lakers,2010-02-23,2010-03-09,14
Sasha Vujacic,Lakers,2010-04-18,2010-05-17,29
Sasha Vujacic,Nets,2010-12-16,2010-12-17,1
Scot Pollard,Cavaliers,2006-11-24,2006-12-02,8
Scot Pollard,Cavaliers,2006-12-15,2006-12-21,6
Scot Pollard,Cavaliers,2006-12-27,2007-01-02,6
Scot Pollard,Cavaliers,2007-01-05,2007-01-17,12
Scot Pollard,Celtics,2007-10-29,2008-02-10,104
Scott Machado,Rockets,2012-10-31,2012-11-03,3
Scott Machado,Rockets,2012-11-07,2012-11-27,20
Scott Machado,Warriors,2013-04-20,2013-04-28,8
Scott Padgett,Grizzlies,2007-02-13,2007-02-28,15
Scott Padgett,Grizzlies,2007-03-24,2007-03-26,2
Sean Kilpatrick,Nets,2017-03-16,2017-03-28,12
Sean Kilpatrick,Nets,2017-04-06,2017-10-27,204
Sean Marks,Hornets,2008-10-29,2008-11-24,26
Sean Marks,Hornets,2009-03-11,2009-03-16,5
Sean Marks,Hornets,2009-10-28,2009-11-13,16
Sean Marks,Hornets,2009-11-21,2009-11-22,1
Sean Marks,Hornets,2009-12-04,2010-01-22,49
Sean Marks,Suns,2007-03-29,2007-05-16,48
Sean Marks,Suns,2007-11-01,2007-11-04,3
Sean May,Bobcats,2006-12-20,2006-12-30,10
Sean May,Bobcats,2007-01-17,2007-01-24,7
Sean May,Bobcats,2007-01-27,2007-03-09,41
Sean May,Bobcats,2007-03-16,2008-11-11,606
Sean May,Bobcats,2007-10-29,2009-01-19,448
Sean May,Bobcats,2008-11-01,2009-01-28,88
Sean May,Bobcats,2008-12-13,2009-02-09,58
Sean May,Bobcats,2009-01-21,2009-03-10,48
Sean May,Kings,2010-01-15,2010-01-26,11
Sean May,Kings,2010-02-17,2010-02-20,3
Sean Singletary,Bobcats,2008-12-11,2008-12-16,5
Sean Singletary,Bobcats,2008-12-19,2008-12-20,1
Sean Williams,Celtics,2012-05-04,2012-05-21,17
Sean Williams,Mavericks,2011-12-25,2011-12-26,1
Sean Williams,Mavericks,2012-01-04,2012-03-05,61
Sean Williams,Mavericks,2012-03-13,2012-03-17,4
Sean Williams,Nets,2008-12-19,2009-02-03,46
Sean Williams,Nets,2010-01-02,2010-01-06,4
Sebastian Telfair,Cavaliers,2010-02-21,2010-04-08,46
Sebastian Telfair,Clippers,2010-01-10,2010-01-12,2
Sebastian Telfair,Timberwolves,2008-03-08,2009-03-06,363
Sebastian Telfair,Timberwolves,2009-03-01,2010-12-26,665
Sebastian Telfair,Timberwolves,2010-12-22,2011-01-09,18
Sebastian Telfair,Timberwolves,2011-01-07,2011-01-26,19
Sebastian Telfair,Timberwolves,2011-01-13,2011-03-09,55
Sebastian Telfair,Timberwolves,2011-03-07,2011-03-24,17
Semaj Christon,Thunder,2016-11-20,2016-11-22,2
Semaj Christon,Thunder,2017-01-11,2017-01-29,18
Semi Ojeleye,Celtics,2017-12-25,2018-01-03,9
Semih Erden,Cavaliers,2011-02-25,2011-03-04,7
Semih Erden,Cavaliers,2011-03-08,2011-04-08,31
Semih Erden,Cavaliers,2011-12-26,2012-01-08,13
Semih Erden,Cavaliers,2012-04-14,2012-04-15,1
Serge Ibaka,Raptors,2017-02-15,2017-11-19,277
Serge Ibaka,Raptors,2017-04-12,2017-12-20,252
Serge Ibaka,Raptors,2017-11-17,2018-04-11,145
Serge Ibaka,Thunder,2010-02-24,2010-02-26,2
Serge Ibaka,Thunder,2013-01-13,2013-01-16,3
Serge Ibaka,Thunder,2014-05-19,2014-05-25,6
Serge Ibaka,Thunder,2015-03-13,2016-03-19,372
Serge Ibaka,Thunder,2016-03-18,2016-03-31,13
Sergey Karasev,Cavaliers,2013-10-30,2013-11-01,2
Sergey Karasev,Cavaliers,2013-11-11,2013-11-13,2
Sergey Karasev,Cavaliers,2014-01-15,2014-02-12,28
Sergey Karasev,Cavaliers,2014-02-01,2014-02-23,22
Sergey Karasev,Cavaliers,2014-02-18,2014-03-18,28
Sergey Karasev,Nets,2014-11-09,2014-11-22,13
Sergey Karasev,Nets,2014-12-05,2014-12-08,3
Sergey Karasev,Nets,2015-03-11,2016-03-24,379
Sergio Rodriguez,Blazers,2006-11-01,2006-11-03,2
Sergio Rodriguez,Blazers,2007-02-02,2007-02-20,18
Sergio Rodriguez,Kings,2010-02-16,2010-02-17,1
Seth Curry,Kings,2015-11-09,2015-11-13,4
Seth Curry,Mavericks,2017-03-27,2017-03-29,2
Shabazz Muhammad,Bucks,2018-04-11,2018-04-15,4
Shabazz Muhammad,Timberwolves,2014-01-06,2014-01-27,21
Shabazz Muhammad,Timberwolves,2014-01-25,2015-02-09,380
Shabazz Muhammad,Timberwolves,2014-04-08,2016-11-19,956
Shabazz Muhammad,Timberwolves,2015-01-21,2017-01-07,717
Shabazz Napier,Blazers,2018-02-04,2018-02-05,1
Shabazz Napier,Heat,2014-12-14,2014-12-16,2
Shabazz Napier,Magic,2016-02-21,2016-02-28,7
Shabazz Napier,Magic,2016-03-31,2016-04-03,3
Shabazz Napier,Magic,2016-04-06,2016-04-08,2
Shane Battier,Heat,2012-11-29,2012-12-06,7
Shane Battier,Heat,2013-01-10,2013-01-16,6
Shane Battier,Heat,2013-02-26,2013-03-01,3
Shane Battier,Heat,2013-04-12,2013-11-29,231
Shane Battier,Heat,2013-11-27,2014-01-15,49
Shane Battier,Rockets,2008-04-11,2008-04-14,3
Shane Battier,Rockets,2008-10-29,2008-11-26,28
Shane Battier,Rockets,2009-01-03,2009-01-10,7
Shane Battier,Rockets,2010-03-25,2010-04-14,20
Shane Larkin,Celtics,2017-12-21,2017-12-23,2
Shane Larkin,Celtics,2018-02-06,2018-02-24,18
Shane Larkin,Celtics,2018-03-31,2018-04-06,6
Shane Larkin,Mavericks,2013-10-30,2013-11-18,19
Shane Larkin,Mavericks,2014-01-13,2014-01-15,2
Shannon Brown,Bobcats,2008-10-30,2008-11-01,2
Shannon Brown,Bobcats,2008-11-29,2008-12-03,4
Shannon Brown,Bobcats,2008-12-05,2008-12-06,1
Shannon Brown,Bobcats,2008-12-16,2008-12-30,14
Shannon Brown,Bobcats,2009-01-06,2009-01-10,4
Shannon Brown,Bulls,2008-02-24,2008-02-29,5
Shaquille O'Neal,Cavaliers,2009-11-14,2009-11-27,13
Shaquille O'Neal,Cavaliers,2010-02-26,2010-04-17,50
Shaquille O'Neal,Celtics,2010-11-02,2010-11-11,9
Shaquille O'Neal,Celtics,2011-02-21,2011-04-03,41
Shaquille O'Neal,Celtics,2011-04-05,2011-05-07,32
Shaquille O'Neal,Heat,2006-11-07,2006-11-10,3
Shaquille O'Neal,Heat,2006-11-14,2007-01-24,71
Shaquille O'Neal,Heat,2006-11-17,2007-02-01,76
Shaquille O'Neal,Heat,2007-01-27,2008-01-16,354
Shaquille O'Neal,Suns,2008-02-06,2008-02-20,14
Shaquille O'Neal,Suns,2008-04-08,2008-04-09,1
Shaquille O'Neal,Suns,2008-11-07,2008-11-08,1
Shareef Abdur-Rahim,Kings,2006-12-27,2006-12-29,2
Shareef Abdur-Rahim,Kings,2007-01-31,2007-02-03,3
Shaun Livingston,Clippers,2007-01-17,2007-01-23,6
Shaun Livingston,Heat,2008-11-01,2008-11-05,4
Shaun Livingston,Thunder,2009-11-10,2009-11-27,17
Shaun Livingston,Warriors,2015-03-24,2015-03-27,3
Shaun Livingston,Warriors,2015-11-17,2015-11-20,3
Shaun Livingston,Warriors,2016-12-08,2016-12-10,2
Shaun Livingston,Warriors,2017-01-22,2017-01-23,1
Shaun Livingston,Warriors,2017-02-02,2017-02-04,2
Shaun Livingston,Warriors,2017-11-04,2017-11-06,2
Shaun Livingston,Warriors,2017-12-18,2017-12-22,4
Shaun Livingston,Warriors,2017-12-23,2017-12-25,2
Shaun Livingston,Warriors,2018-03-02,2018-03-06,4
Shaun Livingston,Warriors,2018-04-07,2018-04-08,1
Shavlik Randolph,76ers,2006-12-02,2007-12-07,370
Shavlik Randolph,76ers,2007-10-29,2008-02-29,123
Shavlik Randolph,76ers,2007-12-10,2008-03-09,90
Shavlik Randolph,76ers,2008-03-03,2008-03-21,18
Shavlik Randolph,76ers,2008-03-15,2008-03-28,13
Shavlik Randolph,76ers,2008-03-26,2008-04-16,21
Shavlik Randolph,76ers,2008-04-12,2008-04-25,13
Shavlik Randolph,Blazers,2008-10-28,2008-10-31,3
Shavlik Randolph,Blazers,2008-11-12,2008-12-12,30
Shavlik Randolph,Blazers,2008-12-16,2008-12-30,14
Shavlik Randolph,Blazers,2009-01-10,2009-01-14,4
Shavlik Randolph,Blazers,2009-01-26,2009-01-28,2
Shavlik Randolph,Blazers,2009-03-18,2009-03-19,1
Shavlik Randolph,Blazers,2009-03-23,2009-03-31,8
Shavlik Randolph,Celtics,2015-02-01,2015-02-20,19
Shavlik Randolph,Celtics,2015-03-04,2015-03-06,2
Shavlik Randolph,Heat,2009-10-28,2009-11-18,21
Shavlik Randolph,Heat,2009-11-25,2009-12-06,11
Shavlik Randolph,Heat,2009-12-11,2010-04-14,124
Shawn Marion,Cavaliers,2015-02-24,2015-03-16,20
Shawn Marion,Heat,2008-02-06,2008-02-10,4
Shawn Marion,Heat,2009-01-18,2009-01-21,3
Shawn Marion,Heat,2009-01-24,2009-02-02,9
Shawn Marion,Mavericks,2011-03-20,2011-03-23,3
Shawn Marion,Mavericks,2012-11-07,2012-11-16,9
Shawn Marion,Mavericks,2012-12-08,2012-12-12,4
Shawn Marion,Mavericks,2013-03-08,2013-03-20,12
Shawn Marion,Mavericks,2014-01-08,2014-01-13,5
Shawn Marion,Mavericks,2014-01-31,2014-02-05,5
Shawne Williams,Knicks,2010-11-04,2010-11-10,6
Shawne Williams,Knicks,2010-11-16,2010-11-28,12
Shawne Williams,Mavericks,2008-10-30,2008-11-09,10
Shawne Williams,Mavericks,2008-11-13,2008-11-18,5
Shawne Williams,Mavericks,2008-12-30,2009-01-04,5
Shawne Williams,Mavericks,2009-01-09,2009-01-11,2
Shayne Whittington,Pacers,2015-01-23,2015-01-25,2
Shayne Whittington,Pacers,2015-01-29,2015-01-31,2
Shayne Whittington,Pacers,2015-02-20,2015-03-04,12
Shayne Whittington,Pacers,2015-03-06,2015-03-10,4
Shayne Whittington,Pacers,2015-03-16,2015-03-23,7
Shayne Whittington,Pacers,2015-03-29,2015-12-31,277
Shayne Whittington,Pacers,2015-11-03,2016-01-26,84
Shayne Whittington,Pacers,2016-01-02,2016-04-06,95
Shayne Whittington,Pacers,2016-03-19,2016-04-12,24
Shelden Williams,Hawks,2007-02-07,2007-02-09,2
Shelden Williams,Kings,2009-01-02,2009-01-03,1
Shelden Williams,Kings,2009-01-05,2009-01-16,11
Shelden Williams,Kings,2009-01-20,2009-01-21,1
Shelden Williams,Knicks,2011-03-13,2011-03-15,2
Shelden Williams,Timberwolves,2009-02-22,2009-03-01,7
Sheldon McClellan,Wizards,2017-03-11,2017-03-13,2
Sheldon McClellan,Wizards,2017-03-15,2017-03-17,2
Sheldon McClellan,Wizards,2017-03-24,2017-03-25,1
Sheldon McClellan,Wizards,2017-03-29,2017-03-31,2
Sheldon McClellan,Wizards,2017-04-02,2017-04-12,10
Shelvin Mack,Hawks,2015-01-19,2015-02-08,20
Shelvin Mack,Jazz,2017-03-05,2017-03-27,22
Sherron Collins,Bobcats,2010-12-11,2010-12-21,10
Sherron Collins,Bobcats,2010-12-27,2010-12-29,2
Sherron Collins,Bobcats,2011-01-14,2011-01-18,4
Sherron Collins,Bobcats,2011-01-20,2011-01-26,6
Sherron Collins,Bobcats,2011-01-28,2011-01-31,3
Sherron Collins,Bobcats,2011-02-11,2011-02-12,1
Sherron Collins,Bobcats,2011-02-21,2011-02-25,4
Skal Labissiere,Kings,2016-10-26,2016-10-31,5
Solomon Alabi,Raptors,2010-10-27,2010-11-12,16
Solomon Alabi,Raptors,2010-11-16,2010-12-11,25
Solomon Alabi,Raptors,2011-01-07,2011-01-14,7
Solomon Alabi,Raptors,2011-02-09,2011-02-11,2
Solomon Alabi,Raptors,2011-02-13,2011-02-21,8
Solomon Alabi,Raptors,2011-03-04,2011-04-11,38
Solomon Alabi,Raptors,2012-01-11,2012-01-27,16
Solomon Alabi,Raptors,2012-01-31,2012-02-01,1
Solomon Alabi,Raptors,2012-02-03,2012-02-10,7
Solomon Alabi,Raptors,2012-02-28,2012-03-05,6
Solomon Alabi,Raptors,2012-03-10,2012-04-09,30
Solomon Hill,Pacers,2013-12-20,2014-01-08,19
Solomon Hill,Pacers,2014-01-10,2014-01-22,12
Solomon Hill,Pacers,2014-01-24,2014-02-07,14
Solomon Hill,Pacers,2014-02-18,2014-03-07,17
Solomon Hill,Pacers,2014-04-11,2014-04-16,5
Solomon Hill,Pacers,2014-04-19,2014-05-18,29
Solomon Hill,Pelicans,2017-10-17,2018-03-18,152
Solomon Jones,Hawks,2007-11-14,2007-11-16,2
Solomon Jones,Hawks,2007-12-03,2007-12-04,1
Solomon Jones,Hawks,2008-01-02,2008-01-09,7
Solomon Jones,Hawks,2008-01-21,2008-01-23,2
Solomon Jones,Hawks,2008-01-25,2008-01-29,4
Solomon Jones,Hawks,2008-02-02,2008-02-19,17
Solomon Jones,Magic,2013-12-13,2013-12-18,5
Solomon Jones,Magic,2013-12-29,2014-01-02,4
Solomon Jones,Pacers,2011-01-07,2011-01-08,1
Solomon Jones,Pacers,2011-01-14,2011-01-17,3
Solomon Jones,Pacers,2011-01-31,2011-02-16,16
Solomon Jones,Pacers,2011-02-09,2011-03-08,27
Solomon Jones,Pacers,2011-02-21,2011-03-13,20
Sonny Weems,Nuggets,2008-10-29,2008-11-05,7
Sonny Weems,Nuggets,2008-11-07,2008-11-11,4
Sonny Weems,Nuggets,2008-11-26,2009-01-07,42
Sonny Weems,Nuggets,2009-03-06,2009-04-04,29
Sonny Weems,Raptors,2009-10-28,2009-11-01,4
Sonny Weems,Raptors,2009-11-04,2009-11-06,2
Sonny Weems,Raptors,2009-11-07,2009-11-09,2
Sonny Weems,Raptors,2010-01-19,2010-01-20,1
Sonny Weems,Raptors,2010-11-06,2010-11-08,2
Sonny Weems,Raptors,2011-01-04,2011-01-07,3
Sonny Weems,Raptors,2011-01-14,2011-01-24,10
Spencer Dinwiddie,Nets,2016-12-18,2016-12-20,2
Spencer Dinwiddie,Nets,2016-12-26,2016-12-28,2
Spencer Dinwiddie,Nets,2017-11-11,2017-11-14,3
Spencer Dinwiddie,Pistons,2015-01-02,2015-01-24,22
Spencer Dinwiddie,Pistons,2015-04-08,2016-03-29,356
Spencer Hawes,76ers,2012-01-30,2012-02-04,5
Spencer Hawes,76ers,2012-03-02,2012-03-14,12
Spencer Hawes,76ers,2012-03-16,2012-03-17,1
Spencer Hawes,Bucks,2017-02-08,2017-02-10,2
Spencer Hawes,Bucks,2017-04-10,2017-04-12,2
Spencer Hawes,Clippers,2014-12-13,2014-12-29,16
Spencer Hawes,Hornets,2015-12-28,2016-01-01,4
Spencer Hawes,Hornets,2016-02-19,2016-03-14,24
Spencer Hawes,Kings,2007-10-29,2007-11-09,11
Spencer Hawes,Kings,2008-12-30,2009-01-06,7
Stanislav Medvedenko,Hawks,2007-01-05,2007-01-10,5
Stanislav Medvedenko,Hawks,2007-02-02,2007-02-07,5
Stanislav Medvedenko,Hawks,2007-02-09,2007-02-12,3
Stanislav Medvedenko,Hawks,2007-02-14,2007-02-20,6
Stanislav Medvedenko,Hawks,2007-02-25,2007-03-07,10
Stanislav Medvedenko,Hawks,2007-03-09,2007-03-23,14
Stanislav Medvedenko,Hawks,2007-03-25,2007-03-26,1
Stanislav Medvedenko,Hawks,2007-03-28,2007-04-04,7
Stanley Johnson,Pistons,2017-11-08,2017-11-15,7
Stanley Johnson,Pistons,2018-01-03,2018-01-08,5
Stanley Johnson,Pistons,2018-01-13,2018-01-19,6
Stanley Johnson,Pistons,2018-03-07,2018-03-13,6
Stephane Lasme,Warriors,2007-10-30,2007-11-01,2
Stephen Curry,Warriors,2010-10-31,2010-11-05,5
Stephen Curry,Warriors,2010-12-11,2010-12-25,14
Stephen Curry,Warriors,2011-12-28,2011-12-31,3
Stephen Curry,Warriors,2012-01-06,2012-01-20,14
Stephen Curry,Warriors,2012-03-19,2013-02-02,320
Stephen Curry,Warriors,2012-03-27,2013-11-23,606
Stephen Curry,Warriors,2013-01-31,2016-04-24,1179
Stephen Curry,Warriors,2013-11-20,2016-05-09,901
Stephen Curry,Warriors,2016-04-18,2017-02-01,289
Stephen Curry,Warriors,2016-04-27,2017-11-16,568
Stephen Curry,Warriors,2017-01-29,2017-11-29,304
Stephen Curry,Warriors,2017-11-13,2017-12-30,47
Stephen Curry,Warriors,2017-11-27,2018-01-13,47
Stephen Curry,Warriors,2017-12-06,2018-03-23,107
Stephen Curry,Warriors,2018-03-09,2018-05-01,53
Stephen Graham,Blazers,2006-12-05,2006-12-10,5
Stephen Graham,Nets,2010-11-03,2010-11-09,6
Stephen Graham,Nets,2010-11-10,2010-11-15,5
Stephen Graham,Nets,2010-12-07,2010-12-12,5
Stephen Graham,Nets,2011-02-25,2011-02-28,3
Stephen Graham,Pacers,2007-11-07,2007-11-09,2
Stephen Graham,Pacers,2007-11-09,2007-11-13,4
Stephen Graham,Pacers,2007-11-14,2007-11-16,2
Stephen Graham,Pacers,2007-11-17,2007-12-07,20
Stephen Graham,Pacers,2007-12-12,2007-12-26,14
Stephen Graham,Pacers,2007-12-28,2007-12-29,1
Stephen Graham,Pacers,2008-01-04,2008-01-16,12
Stephen Graham,Pacers,2008-04-04,2008-04-16,12
Stephen Jackson,Bobcats,2010-04-09,2010-04-10,1
Stephen Jackson,Bobcats,2011-03-07,2011-03-11,4
Stephen Jackson,Bobcats,2011-03-19,2011-03-23,4
Stephen Jackson,Bobcats,2011-03-25,2011-03-26,1
Stephen Jackson,Bucks,2012-01-20,2012-01-22,2
Stephen Jackson,Spurs,2012-03-16,2012-03-17,1
Stephen Jackson,Spurs,2012-11-09,2012-11-10,1
Stephen Jackson,Spurs,2012-11-21,2012-12-17,26
Stephen Jackson,Warriors,2008-02-20,2008-02-26,6
Stephen Jackson,Warriors,2008-12-19,2008-12-26,7
Stephen Jackson,Warriors,2009-01-07,2009-01-16,9
Stephen Jackson,Warriors,2009-03-01,2009-03-03,2
Stephen Zimmerman Jr.,Magic,2016-10-26,2016-10-28,2
Stephen Zimmerman Jr.,Magic,2016-10-29,2016-11-01,3
Stephen Zimmerman Jr.,Magic,2016-11-03,2016-11-05,2
Stephon Marbury,Knicks,2007-01-24,2007-01-26,2
Stephon Marbury,Knicks,2007-04-09,2007-11-14,219
Sterling Brown,Bucks,2017-11-10,2017-11-22,12
Sterling Brown,Bucks,2017-11-28,2017-12-06,8
Steve Blake,Blazers,2009-01-15,2009-01-26,11
Steve Blake,Blazers,2009-01-28,2009-02-18,21
Steve Blake,Bucks,2006-12-27,2006-12-30,3
Steve Blake,Lakers,2010-11-14,2010-11-16,2
Steve Blake,Lakers,2011-04-17,2011-04-20,3
Steve Blake,Lakers,2012-01-13,2012-02-09,27
Steve Blake,Lakers,2012-11-13,2013-01-29,77
Steve Francis,Knicks,2006-12-11,2006-12-23,12
Steve Francis,Knicks,2006-12-31,2007-02-10,41
Steve Francis,Knicks,2007-02-23,2007-03-02,7
Steve Francis,Knicks,2007-04-06,2007-04-09,3
Steve Francis,Rockets,2007-12-01,2007-12-05,4
Steve Francis,Rockets,2007-12-19,2007-12-28,9
Steve Francis,Rockets,2007-12-31,2008-12-03,338
Steve Nash,Lakers,2012-11-02,2012-12-22,50
Steve Nash,Lakers,2013-11-12,2014-02-04,84
Steve Nash,Lakers,2014-03-03,2014-03-21,18
Steve Nash,Lakers,2014-10-28,2015-04-01,155
Steve Nash,Suns,2006-11-17,2006-11-20,3
Steve Nash,Suns,2007-02-06,2007-02-20,14
Steve Novak,Bucks,2016-03-02,2016-11-05,248
Steve Novak,Bucks,2016-11-01,2016-11-19,18
Steve Novak,Bucks,2016-11-06,2016-11-27,21
Steve Novak,Bucks,2016-11-25,2016-12-15,20
Steve Novak,Bucks,2016-12-01,2017-02-01,62
Steve Novak,Clippers,2008-11-03,2008-11-07,4
Steve Novak,Clippers,2008-11-12,2008-11-17,5
Steve Novak,Clippers,2009-11-02,2009-11-06,4
Steve Novak,Clippers,2009-12-30,2010-01-04,5
Steve Novak,Knicks,2013-05-03,2013-05-07,4
Steve Novak,Mavericks,2010-10-27,2010-11-10,14
Steve Novak,Mavericks,2010-11-17,2010-12-01,14
Steve Novak,Mavericks,2010-12-21,2010-12-27,6
Steve Novak,Raptors,2013-11-01,2013-11-08,7
Steve Novak,Raptors,2013-11-11,2013-11-15,4
Steve Novak,Rockets,2007-10-30,2007-12-20,51
Steve Novak,Rockets,2007-12-22,2007-12-31,9
Steve Novak,Rockets,2008-01-19,2008-01-23,4
Steve Novak,Thunder,2015-02-25,2015-03-13,16
Steve Novak,Thunder,2015-10-28,2015-10-30,2
Steve Novak,Thunder,2015-11-01,2015-11-13,12
Steve Novak,Thunder,2015-11-23,2015-11-30,7
Steve Novak,Thunder,2015-12-31,2016-01-04,4
Steve Novak,Thunder,2016-01-06,2016-01-22,16
Steven Adams,Thunder,2015-02-09,2015-03-08,27
Steven Adams,Thunder,2017-11-10,2017-11-17,7
Steven Adams,Thunder,2017-12-16,2017-12-20,4
Steven Adams,Thunder,2018-03-13,2018-03-16,3
Steven Hill,Thunder,2008-11-05,2008-11-12,7
Steven Hill,Thunder,2008-11-14,2008-12-13,29
Steven Hill,Thunder,2008-12-16,2008-12-19,3
Steven Hill,Thunder,2008-12-26,2008-12-27,1
Steven Hunter,76ers,2006-11-18,2006-11-27,9
Steven Hunter,76ers,2006-11-21,2006-12-22,31
Steven Hunter,Grizzlies,2010-02-09,2010-02-26,17
Steven Hunter,Nuggets,2007-11-23,2008-01-11,49
Stromile Swift,Nets,2008-02-05,2008-02-08,3
Stromile Swift,Nets,2008-02-20,2008-02-28,8
Stromile Swift,Nets,2008-03-24,2008-03-26,2
Stromile Swift,Nets,2008-10-29,2008-11-25,27
Stromile Swift,Nets,2008-12-12,2008-12-19,7
Stromile Swift,Nets,2008-12-26,2009-01-21,26
Sun Yue,Lakers,2008-10-28,2008-12-07,40
Sun Yue,Lakers,2008-12-09,2008-12-16,7
Sun Yue,Lakers,2008-12-19,2008-12-20,1
Sun Yue,Lakers,2009-01-25,2009-02-02,8
Sun Yue,Lakers,2009-02-17,2009-03-03,14
Sundiata Gaines,Timberwolves,2010-12-14,2010-12-18,4
Sundiata Gaines,Timberwolves,2010-12-20,2010-12-22,2
Sundiata Gaines,Timberwolves,2010-12-26,2011-01-01,6
T.J. Ford,Pacers,2008-12-17,2008-12-19,2
T.J. Ford,Pacers,2008-12-26,2008-12-30,4
T.J. Ford,Pacers,2009-01-07,2009-01-11,4
T.J. Ford,Pacers,2010-01-13,2010-01-16,3
T.J. Ford,Pacers,2011-02-08,2011-02-09,1
T.J. Ford,Pacers,2011-02-12,2011-04-10,57
T.J. Ford,Raptors,2007-01-03,2007-01-07,4
T.J. Ford,Raptors,2007-01-22,2007-01-31,9
T.J. Ford,Raptors,2007-11-24,2007-11-30,6
T.J. Ford,Raptors,2007-12-12,2008-02-04,54
T.J. Ford,Raptors,2008-02-13,2008-02-22,9
T.J. Ford,Spurs,2012-01-11,2012-02-29,49
T.J. Leaf,Pacers,2017-11-05,2017-11-07,2
T.J. Leaf,Pacers,2017-12-17,2017-12-23,6
T.J. Leaf,Pacers,2018-01-26,2018-01-29,3
T.J. Leaf,Pacers,2018-02-11,2018-02-23,12
T.J. McConnell,76ers,2017-11-30,2017-12-07,7
T.J. Warren,Suns,2014-10-29,2014-11-09,11
T.J. Warren,Suns,2014-11-14,2014-11-17,3
T.J. Warren,Suns,2015-01-23,2015-01-25,2
T.J. Warren,Suns,2015-02-05,2015-02-08,3
T.J. Warren,Suns,2015-11-18,2015-11-20,2
T.J. Warren,Suns,2016-02-19,2016-12-17,302
T.J. Warren,Suns,2016-11-19,2017-04-05,137
T.J. Warren,Suns,2017-04-02,2018-01-07,280
T.J. Warren,Suns,2018-01-05,2018-01-19,14
T.J. Warren,Suns,2018-01-14,2018-03-02,47
T.J. Warren,Suns,2018-02-28,2018-03-13,13
Taj Gibson,Bulls,2010-12-21,2010-12-22,1
Taj Gibson,Bulls,2012-01-23,2012-01-27,4
Taj Gibson,Bulls,2013-03-02,2013-03-21,19
Taj Gibson,Bulls,2013-04-04,2013-04-15,11
Taj Gibson,Bulls,2014-11-01,2014-11-04,3
Taj Gibson,Bulls,2014-11-24,2014-12-06,12
Taj Gibson,Bulls,2014-12-18,2014-12-22,4
Taj Gibson,Bulls,2015-02-23,2015-02-25,2
Taj Gibson,Bulls,2015-03-01,2015-03-20,19
Taj Gibson,Bulls,2017-01-17,2017-01-20,3
Taj Gibson,Bulls,2017-01-29,2017-02-01,3
Taj Gibson,Thunder,2017-03-31,2017-04-02,2
Tarence Kinsey,Cavaliers,2009-01-30,2009-02-18,19
Tarik Black,Lakers,2015-12-02,2016-01-03,32
Tarik Black,Lakers,2016-01-08,2016-01-12,4
Tarik Black,Lakers,2016-01-29,2016-02-02,4
Tarik Black,Lakers,2016-12-11,2016-12-16,5
Tarik Black,Lakers,2016-12-20,2016-12-23,3
Tarik Black,Lakers,2017-03-17,2017-03-19,2
Tarik Black,Lakers,2017-04-02,2017-04-05,3
Tarik Black,Rockets,2014-11-04,2014-11-06,2
Taurean Green,Blazers,2007-11-30,2008-01-09,40
Taurean Prince,Hawks,2017-01-01,2017-01-07,6
Taylor Griffin,Suns,2009-10-28,2009-11-03,6
Taylor Griffin,Suns,2009-11-08,2009-12-05,27
Tayshaun Prince,Celtics,2015-01-14,2015-01-19,5
Tayshaun Prince,Grizzlies,2014-04-06,2014-04-13,7
Tayshaun Prince,Pistons,2009-11-03,2009-12-27,54
Tayshaun Prince,Pistons,2010-01-11,2010-01-22,11
Terrance Ferguson,Thunder,2018-03-10,2018-03-12,2
Terrel Harris,Heat,2012-01-27,2012-02-08,12
Terrel Harris,Heat,2012-02-10,2012-03-01,20
Terrel Harris,Heat,2012-03-06,2012-03-13,7
Terrel Harris,Heat,2012-03-23,2012-03-30,7
Terrel Harris,Heat,2012-04-28,2012-05-15,17
Terrel Harris,Heat,2012-06-05,2012-06-12,7
Terrel Harris,Heat,2012-11-02,2012-11-03,1
Terrel Harris,Heat,2012-11-07,2012-11-12,5
Terrel Harris,Heat,2012-11-11,2012-11-29,18
Terrel Harris,Heat,2012-11-24,2012-12-22,28
Terrel Harris,Heat,2012-12-10,2012-12-26,16
Terrence Jones,Pelicans,2016-12-23,2016-12-26,3
Terrence Jones,Pelicans,2017-02-15,2017-02-23,8
Terrence Ross,Magic,2017-12-01,2018-04-08,128
Terrence Ross,Raptors,2014-03-02,2014-03-07,5
Terrence Ross,Raptors,2015-11-10,2015-11-15,5
Terrence Ross,Raptors,2016-03-25,2016-03-30,5
Terrence Williams,Nets,2010-03-24,2010-03-26,2
Terrence Williams,Nets,2010-11-09,2010-11-17,8
Terrence Williams,Nets,2010-11-19,2010-11-20,1
Terrence Williams,Rockets,2012-02-22,2012-03-16,23
Terry Rozier,Celtics,2015-11-20,2015-11-22,2
Terry Rozier,Celtics,2015-12-30,2016-01-24,25
Terry Rozier,Celtics,2016-01-27,2016-01-31,4
Terry Rozier,Celtics,2016-02-03,2016-02-05,2
Terry Rozier,Celtics,2018-04-03,2018-04-04,1
Terry Rozier,Celtics,2018-04-11,2018-04-15,4
Thabo Sefolosha,Bulls,2008-01-03,2008-01-05,2
Thabo Sefolosha,Bulls,2008-02-29,2008-03-11,11
Thabo Sefolosha,Hawks,2014-11-26,2014-11-29,3
Thabo Sefolosha,Hawks,2015-01-31,2015-03-16,44
Thabo Sefolosha,Hawks,2015-03-18,2015-03-25,7
Thabo Sefolosha,Hawks,2015-04-10,2015-10-30,203
Thabo Sefolosha,Hawks,2015-10-29,2015-11-04,6
Thabo Sefolosha,Hawks,2015-11-03,2015-11-07,4
Thabo Sefolosha,Hawks,2015-11-06,2015-11-28,22
Thabo Sefolosha,Hawks,2015-11-27,2016-01-13,47
Thabo Sefolosha,Hawks,2016-01-09,2017-02-24,412
Thabo Sefolosha,Hawks,2017-01-29,2017-04-11,72
Thabo Sefolosha,Jazz,2017-11-17,2017-11-18,1
Thabo Sefolosha,Thunder,2009-04-13,2011-02-04,662
Thabo Sefolosha,Thunder,2011-01-28,2012-01-06,343
Thabo Sefolosha,Thunder,2012-01-03,2012-03-15,72
Thabo Sefolosha,Thunder,2012-02-06,2013-11-18,651
Thabo Sefolosha,Thunder,2013-11-16,2013-12-15,29
Thabo Sefolosha,Thunder,2013-12-10,2014-04-08,119
Thaddeus Young,76ers,2010-04-09,2013-02-24,1052
Thaddeus Young,Pacers,2017-02-04,2017-02-24,20
Thaddeus Young,Pacers,2017-03-01,2017-03-05,4
Thaddeus Young,Pacers,2018-04-10,2018-04-22,12
Thanasis Antetokounmpo,Knicks,2016-02-04,2016-02-05,1
Theo Ratliff,76ers,2008-10-31,2008-11-01,1
Theo Ratliff,76ers,2008-11-03,2008-11-21,18
Theo Ratliff,76ers,2008-11-15,2008-12-17,32
Theo Ratliff,Lakers,2010-11-11,2010-11-14,3
Theo Ratliff,Lakers,2010-11-16,2011-03-31,135
Theo Ratliff,Pistons,2008-03-04,2008-03-07,3
Theo Ratliff,Spurs,2009-11-25,2009-11-27,2
Theo Ratliff,Spurs,2009-12-16,2009-12-19,3
Theo Ratliff,Timberwolves,2007-11-17,2008-02-21,96
Thomas Bryant,Lakers,2017-10-19,2017-11-05,17
Thomas Bryant,Lakers,2017-11-08,2017-11-15,7
Thomas Bryant,Lakers,2017-11-22,2017-11-29,7
Thomas Bryant,Lakers,2017-12-03,2017-12-18,15
Thomas Bryant,Lakers,2017-12-07,2018-01-07,31
Thomas Bryant,Lakers,2018-01-01,2018-01-21,20
Thomas Bryant,Lakers,2018-01-10,2018-02-08,29
Thomas Bryant,Lakers,2018-01-13,2018-03-01,47
Thomas Bryant,Lakers,2018-01-28,2018-04-06,68
Thomas Gardner,Bulls,2007-10-31,2007-11-15,15
Thomas Gardner,Hawks,2008-10-29,2008-11-15,17
Thomas Robinson,Blazers,2014-03-01,2014-03-07,6
Thomas Robinson,Lakers,2016-10-30,2016-11-02,3
Thomas Robinson,Lakers,2017-02-02,2017-02-10,8
Thomas Robinson,Lakers,2017-02-14,2017-02-24,10
Thomas Robinson,Lakers,2017-02-28,2017-03-03,3
Thon Maker,Bucks,2018-03-27,2018-04-03,7
Tiago Splitter,Hawks,2015-11-07,2015-11-09,2
Tiago Splitter,Hawks,2015-11-24,2015-12-04,10
Tiago Splitter,Hawks,2015-12-10,2015-12-12,2
Tiago Splitter,Hawks,2015-12-28,2016-01-07,10
Tiago Splitter,Spurs,2010-10-27,2010-11-01,5
Tiago Splitter,Spurs,2011-02-23,2011-03-01,6
Tiago Splitter,Spurs,2012-02-20,2012-02-29,9
Tiago Splitter,Spurs,2012-03-24,2012-03-28,4
Tiago Splitter,Spurs,2012-03-27,2013-05-08,407
Tiago Splitter,Spurs,2013-04-17,2013-12-16,243
Tiago Splitter,Spurs,2013-04-28,2014-02-01,279
Tiago Splitter,Spurs,2013-12-10,2014-11-05,330
Tiago Splitter,Spurs,2014-01-12,2014-12-10,332
Tiago Splitter,Spurs,2014-10-28,2015-02-06,101
Tiago Splitter,Spurs,2014-11-06,2015-04-19,164
Tibor Pleiss,Jazz,2015-10-31,2015-11-04,4
Tibor Pleiss,Jazz,2015-11-15,2015-11-28,13
Tibor Pleiss,Jazz,2015-11-30,2015-12-16,16
Tibor Pleiss,Jazz,2016-04-08,2016-04-13,5
Tim Duncan,Spurs,2007-04-16,2007-12-15,243
Tim Duncan,Spurs,2007-12-13,2009-03-01,444
Tim Duncan,Spurs,2009-03-25,2009-03-27,2
Tim Duncan,Spurs,2009-04-12,2009-04-13,1
Tim Duncan,Spurs,2009-11-09,2009-11-14,5
Tim Duncan,Spurs,2011-03-19,2011-03-21,2
Tim Frazier,Pelicans,2016-12-15,2016-12-16,1
Tim Frazier,Wizards,2018-02-14,2018-02-22,8
Tim Hardaway Jr.,Hawks,2015-10-27,2015-10-29,2
Tim Hardaway Jr.,Hawks,2015-11-01,2015-11-03,2
Tim Hardaway Jr.,Hawks,2015-11-07,2015-11-13,6
Tim Hardaway Jr.,Hawks,2015-11-30,2015-12-10,10
Tim Hardaway Jr.,Hawks,2015-12-12,2016-01-05,24
Tim Hardaway Jr.,Hawks,2016-12-26,2016-12-28,2
Tim Hardaway Jr.,Knicks,2015-01-02,2015-01-04,2
Tim Hardaway Jr.,Knicks,2017-12-03,2018-01-12,40
Tim Ohlbrecht,Rockets,2013-03-17,2013-03-22,5
Tim Ohlbrecht,Rockets,2013-04-09,2013-05-03,24
Tim Quarterman,Blazers,2016-10-25,2016-11-09,15
Tim Quarterman,Blazers,2016-12-05,2016-12-08,3
Tim Quarterman,Blazers,2016-12-10,2016-12-13,3
Tim Quarterman,Blazers,2017-01-05,2017-01-27,22
Tim Quarterman,Blazers,2017-01-29,2017-02-13,15
Tim Quarterman,Blazers,2017-04-04,2017-04-06,2
Tim Thomas,Clippers,2006-12-20,2006-12-22,2
Tim Thomas,Clippers,2007-01-15,2007-01-20,5
Tim Thomas,Clippers,2007-03-21,2007-03-23,2
Tim Thomas,Clippers,2007-04-09,2007-04-10,1
Tim Thomas,Clippers,2007-04-11,2008-11-12,581
Tim Thomas,Mavericks,2009-10-27,2009-11-18,22
Tim Thomas,Mavericks,2010-01-13,2010-01-24,11
Timofey Mozgov,Lakers,2016-11-02,2016-11-04,2
Timofey Mozgov,Lakers,2017-03-12,2017-03-17,5
Timofey Mozgov,Lakers,2017-03-19,2017-03-26,7
Timofey Mozgov,Nuggets,2011-04-11,2012-02-17,312
Timofey Mozgov,Nuggets,2011-04-23,2012-11-06,563
Timothe Luwawu-Cabarrot,76ers,2016-11-21,2016-11-25,4
Timothe Luwawu-Cabarrot,76ers,2018-02-02,2018-02-06,4
Timothe Luwawu-Cabarrot,76ers,2018-03-19,2018-04-30,42
Tobias Harris,Bucks,2011-12-26,2012-01-07,12
Tobias Harris,Bucks,2012-12-14,2012-12-15,1
Tobias Harris,Bucks,2012-12-18,2012-12-29,11
Tobias Harris,Magic,2013-11-23,2013-11-24,1
Tobias Harris,Magic,2013-11-26,2013-12-13,17
Tobias Harris,Magic,2015-01-14,2015-01-21,7
Tobias Harris,Magic,2015-02-11,2015-02-22,11
Toney Douglas,Heat,2014-01-17,2014-01-29,12
Toney Douglas,Knicks,2012-04-28,2012-04-30,2
Toney Douglas,Pelicans,2015-12-14,2015-12-20,6
Toney Douglas,Warriors,2013-11-12,2013-12-09,27
Tony Allen,Celtics,2007-01-12,2007-12-02,324
Tony Allen,Celtics,2007-11-27,2008-03-02,96
Tony Allen,Celtics,2008-02-27,2008-03-24,26
Tony Allen,Celtics,2008-03-20,2008-06-05,77
Tony Allen,Celtics,2008-05-28,2008-12-07,193
Tony Allen,Celtics,2008-12-03,2009-01-28,56
Tony Allen,Celtics,2009-01-06,2009-04-03,87
Tony Allen,Celtics,2009-02-12,2009-12-08,299
Tony Allen,Celtics,2009-10-27,2010-03-07,131
Tony Allen,Grizzlies,2015-01-26,2015-01-29,3
Tony Allen,Grizzlies,2015-03-12,2015-03-14,2
Tony Allen,Grizzlies,2015-03-30,2015-04-19,20
Tony Allen,Grizzlies,2015-05-13,2015-05-15,2
Tony Allen,Grizzlies,2016-11-08,2016-11-18,10
Tony Allen,Pelicans,2017-12-11,2018-01-30,50
Tony Battie,76ers,2011-01-07,2011-01-17,10
Tony Battie,76ers,2011-02-11,2011-02-23,12
Tony Battie,Magic,2007-02-14,2007-03-14,28
Tony Battie,Nets,2009-10-28,2009-12-04,37
Tony Battie,Nets,2010-01-15,2010-01-23,8
Tony Battie,Nets,2010-02-16,2010-02-21,5
Tony Battie,Nets,2010-03-20,2010-03-22,2
Tony Battie,Nets,2010-03-26,2010-03-31,5
Tony Battie,Nets,2010-04-03,2010-04-10,7
Tony Bradley,Jazz,2017-10-18,2017-10-24,6
Tony Bradley,Jazz,2017-10-25,2017-11-01,7
Tony Bradley,Jazz,2017-12-04,2017-12-05,1
Tony Bradley,Jazz,2017-12-07,2017-12-16,9
Tony Bradley,Jazz,2017-12-26,2018-01-15,20
Tony Bradley,Jazz,2018-01-19,2018-03-07,47
Tony Bradley,Jazz,2018-03-13,2018-03-27,14
Tony Bradley,Jazz,2018-04-18,2018-04-29,11
Tony Mitchell (LaShae),Pistons,2013-12-15,2013-12-16,1
Tony Mitchell (LaShae),Pistons,2014-02-01,2014-02-18,17
Tony Mitchell (LaShae),Pistons,2014-02-21,2014-02-26,5
Tony Snell,Bucks,2016-10-26,2016-10-29,3
Tony Wroten Jr.,76ers,2014-11-29,2014-12-12,13
Tony Wroten Jr.,76ers,2015-01-23,2015-12-05,316
Tony Wroten Jr.,Grizzlies,2013-04-03,2013-04-06,3
Tornike Shengelia,Nets,2012-11-15,2012-11-21,6
Tornike Shengelia,Nets,2012-11-23,2012-12-04,11
Tornike Shengelia,Nets,2012-12-07,2012-12-12,5
Tornike Shengelia,Nets,2012-12-14,2012-12-18,4
Tornike Shengelia,Nets,2012-12-28,2012-12-29,1
Tornike Shengelia,Nets,2013-01-15,2013-02-11,27
Tornike Shengelia,Nets,2013-02-19,2013-02-22,3
Tornike Shengelia,Nets,2013-03-01,2013-03-06,5
Tornike Shengelia,Nets,2013-03-18,2013-03-29,11
Tornike Shengelia,Nets,2013-04-04,2013-04-15,11
Tornike Shengelia,Nets,2013-04-17,2013-11-09,206
Tornike Shengelia,Nets,2013-11-01,2013-11-16,15
Tornike Shengelia,Nets,2013-11-13,2014-01-11,59
Torrey Craig,Nuggets,2017-10-18,2017-11-28,41
Torrey Craig,Nuggets,2017-12-02,2017-12-15,13
Torrey Craig,Nuggets,2018-01-13,2018-01-16,3
Torrey Craig,Nuggets,2018-02-15,2018-03-01,14
Toure' Murry,Jazz,2014-10-29,2014-11-09,11
Toure' Murry,Knicks,2013-10-30,2013-10-31,1
Tracy McGrady,Hawks,2012-01-06,2012-01-07,1
Tracy McGrady,Pistons,2011-04-01,2011-04-03,2
Tracy McGrady,Rockets,2006-12-12,2006-12-26,14
Tracy McGrady,Rockets,2007-01-17,2007-01-20,3
Tracy McGrady,Rockets,2007-02-26,2007-02-28,2
Tracy McGrady,Rockets,2007-04-06,2007-04-08,2
Tracy McGrady,Rockets,2007-11-16,2007-11-21,5
Tracy McGrady,Rockets,2007-12-20,2007-12-22,2
Tracy McGrady,Rockets,2007-12-28,2008-01-19,22
Tracy McGrady,Rockets,2008-01-29,2008-02-01,3
Tracy McGrady,Rockets,2008-04-09,2008-04-11,2
Tracy McGrady,Rockets,2008-11-26,2008-12-12,16
Tracy McGrady,Rockets,2008-12-27,2008-12-29,2
Tracy McGrady,Rockets,2009-01-03,2009-01-09,6
Tracy McGrady,Rockets,2009-01-10,2009-01-25,15
Tracy McGrady,Rockets,2009-02-20,2009-12-15,298
Tracy McGrady,Spurs,2013-04-17,2013-04-28,11
Travis Diener,Magic,2006-11-10,2006-11-11,1
Travis Diener,Magic,2006-11-13,2006-11-25,12
Travis Diener,Magic,2006-11-24,2006-12-09,15
Travis Diener,Magic,2006-12-03,2006-12-30,27
Travis Diener,Magic,2006-12-27,2007-01-13,17
Travis Diener,Magic,2007-01-07,2007-03-02,54
Travis Diener,Magic,2007-02-25,2007-03-12,15
Travis Diener,Pacers,2007-12-07,2007-12-11,4
Travis Diener,Pacers,2007-12-15,2007-12-19,4
Travis Diener,Pacers,2008-01-08,2008-01-09,1
Travis Diener,Pacers,2008-04-16,2008-11-05,203
Travis Diener,Pacers,2008-10-29,2008-11-18,20
Travis Diener,Pacers,2008-11-15,2008-12-02,17
Travis Diener,Pacers,2008-11-28,2008-12-17,19
Travis Diener,Pacers,2008-12-05,2009-11-03,333
Travis Diener,Pacers,2009-10-28,2010-01-05,69
Travis Diener,Pacers,2009-11-20,2010-01-13,54
Travis Diener,Pacers,2010-01-08,2010-02-05,28
Travis Diener,Pacers,2010-01-22,2010-02-22,31
Travis Leslie,Clippers,2012-01-25,2012-02-01,7
Travis Leslie,Clippers,2012-02-28,2012-03-20,21
Travis Leslie,Clippers,2012-03-01,2012-05-02,62
Travis Outlaw,Blazers,2007-01-06,2007-02-02,27
Travis Outlaw,Blazers,2008-12-12,2008-12-16,4
Travis Outlaw,Clippers,2010-02-16,2010-02-22,6
Travis Outlaw,Clippers,2010-04-04,2010-04-12,8
Travis Wear,Knicks,2015-02-09,2015-02-11,2
Travis Wear,Lakers,2018-03-30,2018-04-01,2
Trenton Hassell,Nets,2008-10-29,2008-11-08,10
Trenton Hassell,Nets,2009-01-21,2009-01-26,5
Trenton Hassell,Nets,2009-10-28,2009-10-30,2
Trenton Hassell,Timberwolves,2006-12-23,2006-12-26,3
Trenton Hassell,Timberwolves,2007-03-06,2007-03-16,10
Treveon Graham,Hornets,2016-11-21,2016-11-23,2
Treveon Graham,Hornets,2017-11-15,2017-11-17,2
Treveon Graham,Hornets,2017-12-18,2017-12-23,5
Trevor Ariza,Hornets,2011-02-07,2011-02-11,4
Trevor Ariza,Hornets,2012-01-09,2012-01-18,9
Trevor Ariza,Lakers,2007-11-20,2007-11-25,5
Trevor Ariza,Lakers,2008-01-21,2008-05-23,123
Trevor Ariza,Rockets,2010-02-24,2010-03-09,13
Trevor Ariza,Rockets,2017-04-09,2017-04-10,1
Trevor Ariza,Rockets,2017-10-25,2017-10-28,3
Trevor Ariza,Rockets,2018-01-30,2018-02-23,24
Trevor Ariza,Rockets,2018-04-11,2018-04-15,4
Trevor Booker,76ers,2017-12-18,2017-12-19,1
Trevor Booker,Nets,2016-12-23,2016-12-26,3
Trevor Booker,Nets,2017-01-10,2017-01-12,2
Trevor Booker,Nets,2017-11-07,2017-11-10,3
Trevor Booker,Wizards,2011-03-30,2013-01-12,654
Trey Burke,Jazz,2013-10-30,2013-11-20,21
Trey Burke,Jazz,2014-12-03,2014-12-05,2
Trey Burke,Jazz,2015-04-10,2015-04-15,5
Trey Johnson,Cavaliers,2009-02-22,2009-02-24,2
Trey Johnson,Cavaliers,2009-02-26,2009-02-27,1
Trey Johnson,Lakers,2011-04-20,2011-04-26,6
Trey Thompkins,Clippers,2012-10-31,2013-03-14,134
Tristan Thompson,Cavaliers,2012-01-24,2012-01-27,3
Tristan Thompson,Cavaliers,2012-02-03,2012-02-10,7
Tristan Thompson,Cavaliers,2012-02-08,2017-04-12,1890
Tristan Thompson,Cavaliers,2017-04-05,2017-12-12,251
Tristan Thompson,Cavaliers,2017-11-03,2018-03-23,140
Troy Daniels,Grizzlies,2016-11-18,2016-11-19,1
Troy Daniels,Hornets,2015-03-20,2015-03-28,8
Troy Daniels,Hornets,2015-10-28,2015-11-01,4
Troy Daniels,Hornets,2015-11-23,2015-11-25,2
Troy Daniels,Suns,2018-03-05,2018-03-08,3
Troy Hudson,Warriors,2007-11-03,2007-11-28,25
Troy Murphy,Celtics,2011-03-31,2011-04-05,5
Troy Murphy,Nets,2010-10-27,2010-11-03,7
Troy Murphy,Nets,2010-11-10,2010-11-13,3
Troy Murphy,Nets,2010-11-17,2010-11-28,11
Troy Murphy,Nets,2010-12-12,2010-12-16,4
Troy Murphy,Nets,2010-12-31,2011-01-07,7
Troy Murphy,Pacers,2007-02-03,2007-02-05,2
Troy Murphy,Pacers,2007-10-31,2007-11-07,7
Troy Murphy,Pacers,2007-11-14,2007-11-16,2
Troy Murphy,Pacers,2008-01-23,2008-01-24,1
Troy Murphy,Pacers,2008-03-26,2008-03-28,2
Troy Murphy,Pacers,2008-11-12,2008-11-14,2
Troy Murphy,Pacers,2008-12-17,2008-12-26,9
Troy Murphy,Pacers,2008-12-23,2009-03-20,87
Troy Murphy,Pacers,2009-03-18,2009-11-20,247
Troy Murphy,Warriors,2006-11-14,2006-11-20,6
Troy Murphy,Warriors,2006-12-15,2006-12-30,15
Troy Williams,Grizzlies,2016-12-29,2017-01-04,6
Troy Williams,Rockets,2017-03-10,2017-03-26,16
Troy Williams,Rockets,2017-03-31,2017-04-02,2
Troy Williams,Rockets,2017-10-17,2017-10-21,4
Troy Williams,Rockets,2017-11-01,2017-11-22,21
Troy Williams,Rockets,2017-11-29,2018-01-18,50
Troy Williams,Rockets,2018-01-30,2018-02-01,2
Ty Lawson,Pacers,2016-04-06,2016-04-08,2
Tyler Cavanaugh,Hawks,2018-01-20,2018-03-13,52
Tyler Dorsey,Hawks,2017-11-13,2017-11-24,11
Tyler Dorsey,Hawks,2017-11-30,2017-12-02,2
Tyler Dorsey,Hawks,2017-12-20,2017-12-30,10
Tyler Ennis,Bucks,2015-10-28,2015-11-04,7
Tyler Ennis,Bucks,2015-11-14,2015-11-17,3
Tyler Ennis,Lakers,2017-02-24,2017-02-26,2
Tyler Ennis,Suns,2014-10-31,2014-11-05,5
Tyler Ennis,Suns,2014-11-07,2014-11-28,21
Tyler Ennis,Suns,2014-11-30,2014-12-02,2
Tyler Ennis,Suns,2014-12-12,2014-12-14,2
Tyler Ennis,Suns,2014-12-17,2014-12-31,14
Tyler Ennis,Suns,2015-01-02,2015-01-04,2
Tyler Ennis,Suns,2015-01-13,2015-01-19,6
Tyler Ennis,Suns,2015-01-21,2015-01-28,7
Tyler Ennis,Suns,2015-02-02,2015-02-08,6
Tyler Hansbrough,Pacers,2009-10-28,2009-11-06,9
Tyler Hansbrough,Pacers,2010-01-05,2010-01-11,6
Tyler Hansbrough,Pacers,2010-01-19,2010-11-18,303
Tyler Hansbrough,Pacers,2010-11-16,2011-01-31,76
Tyler Hansbrough,Raptors,2013-12-08,2013-12-13,5
Tyler Hansbrough,Raptors,2014-01-03,2014-01-29,26
Tyler Hansbrough,Raptors,2014-11-21,2014-11-30,9
Tyler Honeycutt,Kings,2012-01-03,2012-01-31,28
Tyler Honeycutt,Kings,2012-02-15,2012-02-21,6
Tyler Honeycutt,Kings,2012-02-28,2012-03-02,3
Tyler Honeycutt,Kings,2012-03-13,2012-03-16,3
Tyler Honeycutt,Kings,2012-11-09,2012-12-19,40
Tyler Honeycutt,Kings,2013-01-10,2013-01-12,2
Tyler Honeycutt,Kings,2013-01-14,2013-01-30,16
Tyler Honeycutt,Kings,2013-02-01,2013-02-13,12
Tyler Johnson,Heat,2015-12-11,2015-12-16,5
Tyler Johnson,Heat,2015-12-18,2015-12-28,10
Tyler Johnson,Heat,2016-01-29,2016-04-27,89
Tyler Johnson,Heat,2017-11-08,2017-11-10,2
Tyler Lydon,Nuggets,2017-10-18,2017-11-20,33
Tyler Lydon,Nuggets,2017-11-09,2017-12-02,23
Tyler Ulis,Suns,2018-02-12,2018-02-14,2
Tyler Zeller,Bucks,2018-03-07,2018-03-09,2
Tyler Zeller,Bucks,2018-03-17,2018-03-21,4
Tyler Zeller,Cavaliers,2012-11-07,2012-11-17,10
Tyler Zeller,Cavaliers,2013-11-20,2013-11-22,2
Tyler Zeller,Cavaliers,2013-12-14,2013-12-17,3
Tyler Zeller,Celtics,2017-01-03,2017-01-21,18
Tyler Zeller,Nets,2017-10-18,2017-10-20,2
Tyler Zeller,Nets,2017-11-10,2017-11-11,1
Tyreke Evans,Grizzlies,2017-12-15,2018-01-26,42
Tyreke Evans,Grizzlies,2018-01-24,2018-02-11,18
Tyreke Evans,Grizzlies,2018-02-04,2018-03-15,39
Tyreke Evans,Grizzlies,2018-02-24,2018-03-22,26
Tyreke Evans,Kings,2010-02-01,2010-02-03,2
Tyreke Evans,Kings,2010-03-21,2010-03-30,9
Tyreke Evans,Kings,2011-01-09,2011-01-14,5
Tyreke Evans,Kings,2011-02-21,2011-03-25,32
Tyreke Evans,Kings,2011-02-25,2012-03-20,389
Tyreke Evans,Kings,2012-03-18,2013-01-07,295
Tyreke Evans,Pelicans,2015-10-27,2015-12-01,35
Tyreke Evans,Pelicans,2016-02-19,2016-12-15,300
Tyreke Evans,Pelicans,2016-10-26,2016-12-18,53
Tyreke Evans,Pelicans,2016-12-16,2016-12-21,5
Tyrone Wallace,Clippers,2018-02-28,2018-03-27,27
Tyronn Lue,Bucks,2008-11-11,2008-11-12,1
Tyronn Lue,Hawks,2006-12-16,2006-12-23,7
Tyronn Lue,Hawks,2006-12-27,2007-01-05,9
Tyronn Lue,Hawks,2007-01-06,2007-01-09,3
Tyronn Lue,Hawks,2007-01-10,2007-01-24,14
Tyronn Lue,Hawks,2007-02-09,2007-03-02,21
Tyronn Lue,Hawks,2007-12-04,2008-01-02,29
Tyronn Lue,Magic,2009-02-06,2009-02-08,2
Tyronn Lue,Mavericks,2008-03-06,2008-03-12,6
Tyronn Lue,Mavericks,2008-04-22,2008-04-29,7
Tyrus Thomas,Bobcats,2010-04-07,2010-04-12,5
Tyrus Thomas,Bobcats,2010-12-11,2010-12-14,3
Tyrus Thomas,Bobcats,2010-12-29,2011-01-03,5
Tyrus Thomas,Bobcats,2011-01-20,2011-02-25,36
Tyrus Thomas,Bobcats,2011-03-04,2011-03-11,7
Tyrus Thomas,Bobcats,2012-11-19,2013-01-04,46
Tyrus Thomas,Bulls,2006-11-01,2006-11-03,2
Tyrus Thomas,Bulls,2008-02-04,2008-02-06,2
Tyrus Thomas,Bulls,2009-11-07,2009-12-26,49
Tyshawn Taylor,Nets,2012-11-20,2012-11-21,1
Tyshawn Taylor,Nets,2013-01-21,2013-01-28,7
Tyshawn Taylor,Nets,2013-03-17,2013-03-29,12
Tyshawn Taylor,Nets,2013-04-04,2013-04-06,2
Tyshawn Taylor,Nets,2013-11-01,2013-11-13,12
Tyson Chandler,Bobcats,2009-11-20,2009-11-25,5
Tyson Chandler,Bobcats,2009-12-26,2010-02-09,45
Tyson Chandler,Hornets,2006-11-15,2006-11-18,3
Tyson Chandler,Hornets,2007-04-06,2007-11-23,231
Tyson Chandler,Hornets,2007-11-21,2008-02-12,83
Tyson Chandler,Hornets,2008-02-06,2008-11-05,273
Tyson Chandler,Hornets,2008-10-30,2008-12-16,47
Tyson Chandler,Hornets,2008-12-12,2009-02-23,73
Tyson Chandler,Hornets,2009-01-21,2009-04-15,84
Tyson Chandler,Knicks,2013-11-08,2013-12-18,40
Tyson Chandler,Mavericks,2010-12-07,2010-12-09,2
Tyson Chandler,Mavericks,2011-01-15,2011-01-19,4
Tyson Chandler,Mavericks,2011-03-04,2011-03-09,5
Tyson Chandler,Mavericks,2011-04-03,2011-04-08,5
Tyson Chandler,Mavericks,2014-12-28,2014-12-30,2
Tyson Chandler,Mavericks,2015-02-11,2015-02-19,8
Tyson Chandler,Mavericks,2015-02-28,2015-03-05,5
Tyson Chandler,Suns,2015-11-25,2015-11-27,2
Tyson Chandler,Suns,2015-11-29,2015-12-13,14
Tyson Chandler,Suns,2017-02-11,2017-02-13,2
Tyson Chandler,Suns,2017-04-07,2017-11-11,218
Tyson Chandler,Suns,2017-11-10,2017-11-22,12
Tyson Chandler,Suns,2017-11-16,2018-02-12,88
Tyson Chandler,Suns,2018-02-07,2018-02-28,21
Tyson Chandler,Suns,2018-02-23,2018-03-04,9
Tyus Jones,Timberwolves,2015-10-28,2015-11-07,10
Tyus Jones,Timberwolves,2015-11-09,2015-11-10,1
Tyus Jones,Timberwolves,2015-11-17,2015-11-18,1
Tyus Jones,Timberwolves,2015-12-01,2015-12-23,22
Tyus Jones,Timberwolves,2016-01-06,2016-01-25,19
Udonis Haslem,Heat,2007-04-10,2007-04-13,3
Udonis Haslem,Heat,2007-04-16,2007-04-18,2
Udonis Haslem,Heat,2008-02-10,2008-02-23,13
Udonis Haslem,Heat,2009-04-04,2009-04-19,15
Udonis Haslem,Heat,2009-11-18,2009-11-22,4
Udonis Haslem,Heat,2010-03-22,2010-03-25,3
Udonis Haslem,Heat,2010-04-14,2011-05-09,390
Udonis Haslem,Heat,2010-11-22,2012-04-15,510
Udonis Haslem,Heat,2012-04-13,2012-12-12,243
Udonis Haslem,Heat,2012-12-10,2012-12-31,21
Udonis Haslem,Heat,2012-12-29,2013-02-20,53
Udonis Haslem,Heat,2013-02-14,2013-04-17,62
Udonis Haslem,Heat,2013-04-12,2013-11-12,214
Udonis Haslem,Heat,2013-11-09,2014-11-05,361
Vander Blue,Lakers,2017-10-19,2017-11-05,17
Vander Blue,Lakers,2017-11-19,2018-01-01,43
Vander Blue,Lakers,2018-01-03,2018-01-10,7
Vassilis Spanoulis,Rockets,2007-04-08,2007-04-09,1
Vernon Macklin,Pistons,2012-03-09,2012-04-18,40
Vernon Macklin,Pistons,2012-04-22,2012-04-23,1
Viacheslav Kravtsov,Pistons,2012-10-31,2012-11-04,4
Viacheslav Kravtsov,Pistons,2012-11-06,2012-11-07,1
Viacheslav Kravtsov,Pistons,2012-11-10,2012-11-30,20
Viacheslav Kravtsov,Pistons,2012-12-01,2013-01-17,47
Viacheslav Kravtsov,Pistons,2012-12-26,2013-02-01,37
Victor Claver,Blazers,2012-11-05,2012-11-13,8
Victor Claver,Blazers,2012-11-23,2012-12-10,17
Victor Claver,Blazers,2013-01-29,2013-02-01,3
Victor Claver,Blazers,2013-03-18,2013-03-27,9
Victor Claver,Blazers,2013-11-01,2013-11-05,4
Victor Claver,Blazers,2013-11-08,2013-11-13,5
Victor Claver,Blazers,2013-11-22,2014-02-19,89
Victor Claver,Blazers,2014-04-13,2014-04-16,3
Victor Claver,Blazers,2014-04-20,2014-05-10,20
Victor Claver,Blazers,2014-10-29,2014-11-15,17
Victor Claver,Blazers,2014-11-17,2014-11-30,13
Victor Claver,Blazers,2014-12-07,2014-12-22,15
Victor Claver,Blazers,2015-01-03,2015-01-05,2
Victor Claver,Blazers,2015-02-03,2015-02-05,2
Victor Claver,Blazers,2015-02-07,2015-02-11,4
Victor Oladipo,Magic,2014-03-08,2014-03-10,2
Victor Oladipo,Magic,2014-10-28,2014-11-14,17
Victor Oladipo,Magic,2015-01-31,2015-02-02,2
Victor Oladipo,Magic,2015-11-13,2015-11-18,5
Victor Oladipo,Pacers,2017-11-25,2017-11-27,2
Victor Oladipo,Pacers,2017-12-27,2018-01-06,10
Victor Oladipo,Pacers,2018-02-05,2018-02-07,2
Victor Oladipo,Pacers,2018-04-10,2018-04-15,5
Victor Oladipo,Thunder,2016-12-19,2016-12-31,12
Victor Oladipo,Thunder,2017-02-24,2017-02-28,4
Victor Oladipo,Thunder,2017-03-02,2017-03-07,5
Viktor Khryapa,Bulls,2006-12-04,2006-12-13,9
Viktor Khryapa,Bulls,2006-12-19,2007-01-08,20
Viktor Khryapa,Bulls,2007-01-20,2007-01-22,2
Viktor Khryapa,Bulls,2007-01-27,2007-01-31,4
Viktor Khryapa,Bulls,2007-02-02,2007-02-05,3
Viktor Khryapa,Bulls,2007-02-22,2007-02-23,1
Viktor Khryapa,Bulls,2007-04-08,2007-04-13,5
Viktor Khryapa,Bulls,2007-04-24,2007-12-19,239
Viktor Khryapa,Bulls,2007-11-15,2008-01-03,49
Vince Carter,Grizzlies,2015-01-31,2015-03-06,34
Vince Carter,Kings,2017-11-09,2017-11-22,13
Vince Carter,Magic,2010-01-09,2010-01-15,6
Vince Carter,Magic,2010-11-24,2010-11-30,6
Vince Carter,Mavericks,2012-01-23,2012-01-27,4
Vince Carter,Nets,2008-04-04,2008-04-05,1
Vince Carter,Suns,2010-12-23,2010-12-29,6
Vince Carter,Suns,2011-03-04,2011-03-06,2
Vincent Hunter,Grizzlies,2017-10-18,2017-11-13,26
Vitor Faverani,Celtics,2014-02-05,2014-02-19,14
Vitor Faverani,Celtics,2014-10-29,2014-12-18,50
Vladimir Radmanovic,Bulls,2013-04-15,2013-04-25,10
Vladimir Radmanovic,Hawks,2012-04-04,2012-04-13,9
Vladimir Radmanovic,Lakers,2007-02-23,2007-04-12,48
Vladimir Radmanovic,Lakers,2007-04-24,2007-11-01,191
Vladimir Radmanovic,Lakers,2007-10-30,2008-01-17,79
Von Wafer,Celtics,2011-03-16,2011-03-31,15
Von Wafer,Celtics,2011-04-05,2011-04-11,6
Von Wafer,Magic,2012-03-06,2012-03-11,5
Von Wafer,Magic,2012-03-13,2012-03-18,5
Von Wafer,Magic,2012-03-19,2012-03-28,9
Von Wafer,Magic,2012-03-30,2012-04-03,4
Von Wafer,Nuggets,2007-04-16,2007-12-28,256
Von Wafer,Nuggets,2007-12-26,2008-01-07,12
Wade Baldwin IV,Blazers,2017-10-20,2018-02-04,107
Wade Baldwin IV,Blazers,2018-02-08,2018-03-03,23
Wade Baldwin IV,Grizzlies,2016-12-16,2016-12-29,13
Wade Baldwin IV,Grizzlies,2017-01-13,2017-01-30,17
Wade Baldwin IV,Grizzlies,2017-02-01,2017-03-26,53
Wally Szczerbiak,Cavaliers,2008-12-28,2009-01-02,5
Wally Szczerbiak,Cavaliers,2009-03-19,2009-03-29,10
Wally Szczerbiak,Celtics,2006-11-11,2006-11-13,2
Wally Szczerbiak,Celtics,2006-12-04,2006-12-13,9
Wally Szczerbiak,Celtics,2007-01-10,2007-01-12,2
Wally Szczerbiak,Celtics,2007-02-09,2007-02-14,5
Walter Herrmann,Bobcats,2006-11-29,2006-12-06,7
Walter Herrmann,Bobcats,2006-12-10,2006-12-20,10
Walter Herrmann,Bobcats,2006-12-30,2007-01-01,2
Walter Herrmann,Pistons,2007-12-16,2007-12-28,12
Walter Herrmann,Pistons,2008-03-12,2008-03-26,14
Walter Herrmann,Pistons,2008-04-11,2008-04-16,5
Walter Herrmann,Pistons,2008-04-20,2008-05-03,13
Walter Sharpe,Pistons,2008-10-29,2008-11-03,5
Walter Sharpe,Pistons,2008-11-07,2008-11-11,4
Walter Sharpe,Pistons,2008-11-14,2008-11-26,12
Walter Sharpe,Pistons,2008-11-30,2009-02-04,66
Walter Sharpe,Pistons,2009-02-08,2009-02-27,19
Walter Sharpe,Pistons,2009-03-29,2009-04-04,6
Walter Tavares,Hawks,2015-10-27,2015-10-29,2
Walter Tavares,Hawks,2015-11-01,2015-11-07,6
Walter Tavares,Hawks,2015-11-09,2015-11-17,8
Walter Tavares,Hawks,2015-11-21,2015-11-24,3
Walter Tavares,Hawks,2015-11-28,2015-11-30,2
Walter Tavares,Hawks,2015-12-04,2015-12-10,6
Walter Tavares,Hawks,2015-12-14,2015-12-28,14
Walter Tavares,Hawks,2016-01-07,2016-01-23,16
Walter Tavares,Hawks,2016-01-25,2016-02-01,7
Walter Tavares,Hawks,2016-02-08,2016-02-19,11
Wayne Ellington,Heat,2016-10-26,2016-11-28,33
Wayne Ellington,Timberwolves,2010-03-08,2010-03-10,2
Wayne Selden Jr.,Grizzlies,2017-10-17,2017-11-04,18
Wayne Selden Jr.,Grizzlies,2017-11-18,2017-12-31,43
Wayne Selden Jr.,Grizzlies,2018-02-14,2018-03-02,16
Wayne Simien,Heat,2006-12-02,2007-01-03,32
Wayne Simien,Heat,2007-01-12,2007-03-21,68
Wayne Simien,Heat,2007-03-26,2007-04-10,15
Wayne Simien,Heat,2007-04-13,2007-04-16,3
Wesley Iwundu,Magic,2017-10-18,2017-10-20,2
Wesley Iwundu,Magic,2017-11-10,2017-12-01,21
Wesley Johnson,Clippers,2016-04-06,2016-04-10,4
Wesley Johnson,Clippers,2016-11-12,2016-11-21,9
Wesley Johnson,Clippers,2017-02-24,2017-03-16,20
Wesley Johnson,Clippers,2017-03-18,2017-03-26,8
Wesley Johnson,Clippers,2017-03-29,2017-04-05,7
Wesley Matthews,Blazers,2012-12-13,2012-12-16,3
Wesley Matthews,Blazers,2012-12-26,2013-01-01,6
Wesley Matthews,Blazers,2013-02-19,2013-02-22,3
Wesley Matthews,Mavericks,2016-01-13,2016-01-15,2
Wesley Matthews,Mavericks,2017-03-01,2017-03-05,4
Wesley Matthews,Mavericks,2017-03-15,2017-03-17,2
Wesley Matthews,Mavericks,2018-02-11,2018-02-13,2
Wesley Matthews,Mavericks,2018-03-04,2018-03-10,6
Will Barton,Blazers,2012-11-13,2012-11-16,3
Will Barton,Nuggets,2015-02-20,2015-02-22,2
Will Barton,Nuggets,2016-11-03,2016-11-20,17
Will Barton,Nuggets,2016-11-25,2016-11-27,2
Will Barton,Nuggets,2017-02-01,2017-02-03,2
Will Barton,Nuggets,2017-03-31,2017-04-09,9
Will Barton,Nuggets,2017-12-13,2017-12-15,2
Will Blalock,Pistons,2006-11-08,2006-12-01,23
Will Blalock,Pistons,2006-12-03,2006-12-05,2
Will Blalock,Pistons,2007-01-17,2007-03-16,58
Will Blalock,Pistons,2007-03-21,2007-04-13,23
Will Bynum,Cavaliers,2013-11-17,2013-11-25,8
Will Bynum,Cavaliers,2013-11-29,2013-12-15,16
Will Bynum,Wizards,2015-05-03,2015-05-05,2
Will Conroy,Clippers,2007-04-12,2007-04-18,6
Will Solomon,Kings,2009-03-27,2009-03-31,4
William Parker,Heat,2007-11-17,2007-11-21,4
Willie Cauley-Stein,Kings,2015-12-05,2016-01-02,28
Willie Green,76ers,2006-12-26,2006-12-31,5
Willie Green,76ers,2007-03-28,2008-01-04,282
Willie Green,76ers,2007-12-22,2008-03-15,84
Willie Green,76ers,2008-03-12,2010-01-05,664
Willie Green,Clippers,2013-04-20,2013-04-22,2
Willie Green,Clippers,2014-01-22,2014-02-18,27
Willie Green,Magic,2014-12-21,2014-12-23,2
Willie Reed,Nets,2015-10-30,2015-11-28,29
Willie Reed,Nets,2015-11-29,2015-12-01,2
Willie Reed,Nets,2016-03-24,2016-03-29,5
Willie Warren,Clippers,2010-10-27,2010-11-01,5
Willie Warren,Clippers,2010-12-03,2010-12-06,3
Willie Warren,Clippers,2010-12-15,2010-12-18,3
Willie Warren,Clippers,2011-01-22,2011-01-26,4
Willie Warren,Clippers,2011-02-16,2011-02-21,5
Willie Warren,Clippers,2011-02-28,2011-04-13,44
Wilson Chandler,Knicks,2007-11-01,2007-11-11,10
Wilson Chandler,Knicks,2007-11-17,2007-11-20,3
Wilson Chandler,Knicks,2007-11-24,2007-12-05,11
Wilson Chandler,Knicks,2007-12-07,2007-12-08,1
Wilson Chandler,Knicks,2007-12-17,2007-12-21,4
Wilson Chandler,Knicks,2008-01-18,2008-01-25,7
Wilson Chandler,Knicks,2008-02-19,2008-02-20,1
Wilson Chandler,Knicks,2010-04-02,2011-02-04,308
Wilson Chandler,Nuggets,2011-03-25,2011-03-30,5
Wilson Chandler,Nuggets,2011-04-11,2011-04-13,2
Wilson Chandler,Nuggets,2012-04-09,2012-04-15,6
Wilson Chandler,Nuggets,2012-04-16,2012-11-12,210
Wilson Chandler,Nuggets,2012-11-07,2013-01-13,67
Wilson Chandler,Nuggets,2012-11-17,2013-03-25,128
Wilson Chandler,Nuggets,2013-01-16,2013-11-13,301
Wilson Chandler,Nuggets,2013-03-21,2016-11-12,1332
Wilson Chandler,Nuggets,2013-10-30,2017-03-22,1239
Wilson Chandler,Nuggets,2015-10-28,2017-11-22,756
Wilson Chandler,Nuggets,2016-11-08,2017-12-04,391
Wilson Chandler,Nuggets,2017-03-13,2018-02-01,325
Wilson Chandler,Nuggets,2017-11-20,2018-03-11,111
Wilson Chandler,Nuggets,2017-11-28,2018-04-03,126
Xavier Henry,Grizzlies,2010-10-30,2010-11-02,3
Xavier Henry,Grizzlies,2011-01-07,2011-01-26,19
Xavier Henry,Grizzlies,2011-02-23,2012-01-01,312
Xavier Henry,Hornets,2012-01-06,2012-01-25,19
Xavier Henry,Lakers,2014-02-04,2014-03-03,27
Xavier Munford,Bucks,2018-01-22,2018-02-01,10
Xavier Munford,Bucks,2018-02-04,2018-02-06,2
Xavier Munford,Bucks,2018-03-17,2018-03-30,13
Xavier Munford,Bucks,2018-04-01,2018-04-07,6
Xavier Silas,76ers,2012-04-28,2012-05-12,14
Yakhouba Diawara,Heat,2009-10-28,2009-10-30,2
Yakhouba Diawara,Heat,2009-11-10,2009-11-14,4
Yakhouba Diawara,Heat,2009-11-17,2009-11-20,3
Yakhouba Diawara,Heat,2009-11-29,2009-12-06,7
Yakhouba Diawara,Heat,2009-12-17,2010-01-04,18
Yakhouba Diawara,Heat,2010-01-08,2010-01-30,22
Yakhouba Diawara,Heat,2010-02-03,2010-02-19,16
Yakhouba Diawara,Heat,2010-02-27,2010-03-12,13
Yakhouba Diawara,Heat,2010-03-09,2010-03-20,11
Yakhouba Diawara,Heat,2010-03-18,2010-03-28,10
Yakhouba Diawara,Heat,2010-03-25,2010-04-12,18
Yao Ming,Rockets,2006-12-26,2007-03-05,69
Yao Ming,Rockets,2007-04-06,2007-04-08,2
Yao Ming,Rockets,2008-01-27,2008-01-29,2
Yao Ming,Rockets,2008-02-26,2009-03-18,386
Yao Ming,Rockets,2009-03-16,2009-04-13,28
Yao Ming,Rockets,2009-04-10,2010-10-30,568
Yao Ming,Rockets,2009-10-27,2010-11-07,376
Yaroslav Korolev,Clippers,2006-11-14,2006-11-25,11
Yaroslav Korolev,Clippers,2006-12-02,2006-12-11,9
Yaroslav Korolev,Clippers,2006-12-15,2006-12-17,2
Yaroslav Korolev,Clippers,2006-12-22,2006-12-26,4
Yaroslav Korolev,Clippers,2007-01-08,2007-01-17,9
Yaroslav Korolev,Clippers,2007-01-20,2007-02-20,31
Yaroslav Korolev,Clippers,2007-02-26,2007-02-28,2
Yaroslav Korolev,Clippers,2007-03-11,2007-03-13,2
Yaroslav Korolev,Clippers,2007-03-30,2007-03-31,1
Yaroslav Korolev,Clippers,2007-04-07,2007-04-09,2
Yaroslav Korolev,Clippers,2007-04-10,2007-04-11,1
Yi Jianlian,Bucks,2008-03-05,2008-03-18,13
Yi Jianlian,Nets,2009-01-12,2009-02-17,36
Yi Jianlian,Nets,2009-12-04,2009-12-23,19
Yi Jianlian,Nets,2010-03-08,2010-03-20,12
Yi Jianlian,Wizards,2010-11-16,2010-12-03,17
Yi Jianlian,Wizards,2010-12-16,2010-12-31,15
Yogi Ferrell,Nets,2016-12-05,2016-12-07,2
Zach Collins,Blazers,2017-12-02,2017-12-05,3
Zach LaVine,Bulls,2017-10-19,2018-01-13,86
Zach LaVine,Bulls,2018-02-10,2018-02-12,2
Zach LaVine,Bulls,2018-02-26,2018-02-27,1
Zach LaVine,Timberwolves,2017-01-11,2017-01-15,4
Zach Randolph,Clippers,2008-11-22,2008-11-26,4
Zach Randolph,Clippers,2009-01-04,2009-02-02,29
Zach Randolph,Grizzlies,2010-10-29,2010-11-05,7
Zach Randolph,Grizzlies,2011-02-11,2011-02-13,2
Zach Randolph,Grizzlies,2012-01-03,2012-03-16,73
Zach Randolph,Grizzlies,2014-12-21,2015-01-09,19
Zach Randolph,Grizzlies,2017-04-09,2017-04-12,3
Zach Randolph,Kings,2017-10-18,2017-10-20,2
Zach Randolph,Kings,2017-10-29,2017-10-31,2
Zach Randolph,Kings,2018-01-06,2018-01-08,2
Zach Randolph,Kings,2018-03-22,2018-03-27,5
Zach Randolph,Knicks,2008-03-03,2008-03-10,7
Zaur Pachulia,Bucks,2013-12-27,2014-02-01,36
Zaur Pachulia,Hawks,2007-01-11,2007-01-15,4
Zaur Pachulia,Hawks,2007-03-26,2007-03-28,2
Zaur Pachulia,Hawks,2007-11-01,2007-11-11,10
Zaur Pachulia,Hawks,2007-12-08,2007-12-14,6
Zaur Pachulia,Hawks,2008-01-09,2008-01-21,12
Zaur Pachulia,Hawks,2008-01-23,2008-01-25,2
Zaur Pachulia,Hawks,2008-11-15,2008-11-18,3
Zaur Pachulia,Hawks,2009-01-07,2009-01-11,4
Zaur Pachulia,Hawks,2009-04-14,2009-04-15,1
Zaur Pachulia,Hawks,2010-01-13,2010-01-18,5
Zaur Pachulia,Hawks,2010-02-09,2010-02-17,8
Zaur Pachulia,Hawks,2010-12-11,2013-02-08,790
Zaur Pachulia,Hawks,2012-04-15,2013-02-11,302
Zaur Pachulia,Hawks,2013-01-30,2013-02-27,28
Zaur Pachulia,Mavericks,2016-01-24,2016-01-29,5
Zaur Pachulia,Warriors,2016-12-11,2016-12-17,6
Zaur Pachulia,Warriors,2017-02-02,2017-02-23,21
Zaur Pachulia,Warriors,2017-05-20,2017-06-01,12
Zaur Pachulia,Warriors,2017-12-11,2017-12-25,14
Zhou Qi,Rockets,2017-11-25,2017-12-13,18
Zhou Qi,Rockets,2018-01-04,2018-03-25,80
Zhou Qi,Rockets,2018-03-30,2018-04-05,6
Zoran Dragic,Heat,2015-03-09,2015-03-20,11
Zoran Dragic,Suns,2014-10-29,2014-10-31,2
Zoran Dragic,Suns,2014-11-01,2014-11-04,3
Zoran Dragic,Suns,2014-11-05,2014-11-07,2
Zoran Dragic,Suns,2014-11-09,2014-11-14,5
Zoran Dragic,Suns,2014-11-19,2014-11-26,7
Zoran Dragic,Suns,2014-11-28,2014-11-30,2
Zoran Dragic,Suns,2014-12-02,2014-12-26,24
Zoran Dragic,Suns,2014-12-31,2015-01-02,2
Zoran Dragic,Suns,2015-01-04,2015-01-16,12
Zoran Dragic,Suns,2015-01-21,2015-01-23,2
Zoran Dragic,Suns,2015-01-28,2015-01-30,2
Zoran Dragic,Suns,2015-02-02,2015-02-05,3
Zydrunas Ilgauskas,Cavaliers,2008-02-26,2008-02-27,1
Zydrunas Ilgauskas,Cavaliers,2008-03-02,2008-03-16,14
Zydrunas Ilgauskas,Cavaliers,2008-04-16,2008-12-19,247
Zydrunas Ilgauskas,Cavaliers,2008-12-12,2009-01-30,49
Zydrunas Ilgauskas,Heat,2011-03-12,2011-03-27,15
Zydrunas Ilgauskas,Heat,2011-05-15,2011-05-22,7
